"task","outcome","base_template","chosen_template","domains"
"গত দুই সপ্তাহে যদি Cameron Anderson-এর সাথে আমাদের কথা না হয়ে থাকে, তাহলে যাকে তাদের দায়িত্ব দেওয়া আছে, তার সাথে আগামীকাল আমার প্রথম ফাঁকা সময়ে 'Update on Cameron Anderson' নামে একটা 30 মিনিটের মিটিং বুক করো","['calendar.create_event.func(event_name=""Update on Cameron Anderson"", participant_email=""sofia.santos@atlas.com"", event_start=""2023-12-01 13:00:00"", duration=""30"")']","If we haven't spoke to {current_customer_name} in the past fortnight book a 30-minute meeting with whoever is assigned to them called 'Update on {current_customer_name}' at the first time I'm free tomorrow","গত দুই সপ্তাহে যদি {current_customer_name}-এর সাথে আমাদের কথা না হয়ে থাকে, তাহলে যাকে তাদের দায়িত্ব দেওয়া আছে, তার সাথে আগামীকাল আমার প্রথম ফাঁকা সময়ে 'Update on {current_customer_name!en}' নামে একটা 30 মিনিটের মিটিং বুক করো","['crm', 'calendar']"
"গত দুই সপ্তাহে যদি Riley Brown-এর সাথে আমাদের কথা না হয়ে থাকে, তাহলে যাকে তাদের দায়িত্ব দেওয়া আছে, তার সাথে আগামীকাল আমার প্রথম ফাঁকা সময়ে 'Update on Riley Brown' নামে একটা 30 মিনিটের মিটিং বুক করো","['calendar.create_event.func(event_name=""Update on Riley Brown"", participant_email=""lena.schmidt@atlas.com"", event_start=""2023-12-01 13:00:00"", duration=""30"")']","If we haven't spoke to {current_customer_name} in the past fortnight book a 30-minute meeting with whoever is assigned to them called 'Update on {current_customer_name}' at the first time I'm free tomorrow","গত দুই সপ্তাহে যদি {current_customer_name}-এর সাথে আমাদের কথা না হয়ে থাকে, তাহলে যাকে তাদের দায়িত্ব দেওয়া আছে, তার সাথে আগামীকাল আমার প্রথম ফাঁকা সময়ে 'Update on {current_customer_name!en}' নামে একটা 30 মিনিটের মিটিং বুক করো","['crm', 'calendar']"
"গত দুই সপ্তাহে যদি Jessie Thomas-এর সাথে আমাদের কথা না হয়ে থাকে, তাহলে যাকে তাদের দায়িত্ব দেওয়া আছে, তার সাথে আগামীকাল আমার প্রথম ফাঁকা সময়ে 'Update on Jessie Thomas' নামে একটা 30 মিনিটের মিটিং বুক করো","[]","If we haven't spoke to {current_customer_name} in the past fortnight book a 30-minute meeting with whoever is assigned to them called 'Update on {current_customer_name}' at the first time I'm free tomorrow","গত দুই সপ্তাহে যদি {current_customer_name}-এর সাথে আমাদের কথা না হয়ে থাকে, তাহলে যাকে তাদের দায়িত্ব দেওয়া আছে, তার সাথে আগামীকাল আমার প্রথম ফাঁকা সময়ে 'Update on {current_customer_name!en}' নামে একটা 30 মিনিটের মিটিং বুক করো","['crm', 'calendar']"
"Quinn Thomas-এর সাথে অনেকদিন কথা হয়নি। একটু দেখবে, 14 দিনের বেশি হয়ে গেছে কিনা? হয়ে থাকলে, তারা যার নামে অ্যাসাইন করা আছে তার সাথে আগামীকাল আমি প্রথম যখন ফাঁকা থাকব, তখন 'Update on Quinn Thomas' নামে একটা 30 মিনিটের মিটিং বুক করো","['calendar.create_event.func(event_name=""Update on Quinn Thomas"", participant_email=""akira.sato@atlas.com"", event_start=""2023-12-01 13:00:00"", duration=""30"")']","If we haven't spoke to {current_customer_name} in the past fortnight book a 30-minute meeting with whoever is assigned to them called 'Update on {current_customer_name}' at the first time I'm free tomorrow","{current_customer_name}-এর সাথে অনেকদিন কথা হয়নি। একটু দেখবে, 14 দিনের বেশি হয়ে গেছে কিনা? হয়ে থাকলে, তারা যার নামে অ্যাসাইন করা আছে তার সাথে আগামীকাল আমি প্রথম যখন ফাঁকা থাকব, তখন 'Update on {current_customer_name!en}' নামে একটা 30 মিনিটের মিটিং বুক করো","['crm', 'calendar']"
"গত দুই সপ্তাহে যদি Quinn Harris-এর সাথে আমাদের কথা না হয়ে থাকে, তাহলে যাকে তাদের দায়িত্ব দেওয়া আছে, তার সাথে আগামীকাল আমার প্রথম ফাঁকা সময়ে 'Update on Quinn Harris' নামে একটা 30 মিনিটের মিটিং বুক করো","[]","If we haven't spoke to {current_customer_name} in the past fortnight book a 30-minute meeting with whoever is assigned to them called 'Update on {current_customer_name}' at the first time I'm free tomorrow","গত দুই সপ্তাহে যদি {current_customer_name}-এর সাথে আমাদের কথা না হয়ে থাকে, তাহলে যাকে তাদের দায়িত্ব দেওয়া আছে, তার সাথে আগামীকাল আমার প্রথম ফাঁকা সময়ে 'Update on {current_customer_name!en}' নামে একটা 30 মিনিটের মিটিং বুক করো","['crm', 'calendar']"
"Quinn Brown-এর সাথে অনেকদিন কথা হয়নি। একটু দেখবে, 14 দিনের বেশি হয়ে গেছে কিনা? হয়ে থাকলে, তারা যার নামে অ্যাসাইন করা আছে তার সাথে আগামীকাল আমি প্রথম যখন ফাঁকা থাকব, তখন 'Update on Quinn Brown' নামে একটা 30 মিনিটের মিটিং বুক করো","[]","If we haven't spoke to {current_customer_name} in the past fortnight book a 30-minute meeting with whoever is assigned to them called 'Update on {current_customer_name}' at the first time I'm free tomorrow","{current_customer_name}-এর সাথে অনেকদিন কথা হয়নি। একটু দেখবে, 14 দিনের বেশি হয়ে গেছে কিনা? হয়ে থাকলে, তারা যার নামে অ্যাসাইন করা আছে তার সাথে আগামীকাল আমি প্রথম যখন ফাঁকা থাকব, তখন 'Update on {current_customer_name!en}' নামে একটা 30 মিনিটের মিটিং বুক করো","['crm', 'calendar']"
"গত দুই সপ্তাহে যদি Jamie Anderson-এর সাথে আমাদের কথা না হয়ে থাকে, তাহলে যাকে তাদের দায়িত্ব দেওয়া আছে, তার সাথে আগামীকাল আমার প্রথম ফাঁকা সময়ে 'Update on Jamie Anderson' নামে একটা 30 মিনিটের মিটিং বুক করো","['calendar.create_event.func(event_name=""Update on Jamie Anderson"", participant_email=""nadia.moreau@atlas.com"", event_start=""2023-12-01 13:00:00"", duration=""30"")']","If we haven't spoke to {current_customer_name} in the past fortnight book a 30-minute meeting with whoever is assigned to them called 'Update on {current_customer_name}' at the first time I'm free tomorrow","গত দুই সপ্তাহে যদি {current_customer_name}-এর সাথে আমাদের কথা না হয়ে থাকে, তাহলে যাকে তাদের দায়িত্ব দেওয়া আছে, তার সাথে আগামীকাল আমার প্রথম ফাঁকা সময়ে 'Update on {current_customer_name!en}' নামে একটা 30 মিনিটের মিটিং বুক করো","['crm', 'calendar']"
"গত 2 সপ্তাহে যদি Kerry Brown-এর সাথে আমাদের কথা না হয়ে থাকে, তাহলে তাদের দায়িত্বে যে আছে তার সাথে আগামীকাল আমার প্রথম ফাঁকা সময়ে 'Update on Kerry Brown' নামে একটা আধা ঘণ্টার মিটিং বুক করো","['calendar.create_event.func(event_name=""Update on Kerry Brown"", participant_email=""lena.schmidt@atlas.com"", event_start=""2023-12-01 13:00:00"", duration=""30"")']","If we haven't spoke to {current_customer_name} in the past fortnight book a 30-minute meeting with whoever is assigned to them called 'Update on {current_customer_name}' at the first time I'm free tomorrow","গত 2 সপ্তাহে যদি {current_customer_name}-এর সাথে আমাদের কথা না হয়ে থাকে, তাহলে তাদের দায়িত্বে যে আছে তার সাথে আগামীকাল আমার প্রথম ফাঁকা সময়ে 'Update on {current_customer_name!en}' নামে একটা আধা ঘণ্টার মিটিং বুক করো","['crm', 'calendar']"
"গত দুই সপ্তাহে যদি Jordan Jones-এর সাথে আমাদের কথা না হয়ে থাকে, তাহলে যাকে তাদের দায়িত্ব দেওয়া আছে, তার সাথে আগামীকাল আমার প্রথম ফাঁকা সময়ে 'Update on Jordan Jones' নামে একটা 30 মিনিটের মিটিং বুক করো","[]","If we haven't spoke to {current_customer_name} in the past fortnight book a 30-minute meeting with whoever is assigned to them called 'Update on {current_customer_name}' at the first time I'm free tomorrow","গত দুই সপ্তাহে যদি {current_customer_name}-এর সাথে আমাদের কথা না হয়ে থাকে, তাহলে যাকে তাদের দায়িত্ব দেওয়া আছে, তার সাথে আগামীকাল আমার প্রথম ফাঁকা সময়ে 'Update on {current_customer_name!en}' নামে একটা 30 মিনিটের মিটিং বুক করো","['crm', 'calendar']"
"Jamie Davis-এর সাথে অনেকদিন কথা হয়নি। একটু দেখবে, 14 দিনের বেশি হয়ে গেছে কিনা? হয়ে থাকলে, তারা যার নামে অ্যাসাইন করা আছে তার সাথে আগামীকাল আমি প্রথম যখন ফাঁকা থাকব, তখন 'Update on Jamie Davis' নামে একটা 30 মিনিটের মিটিং বুক করো","['calendar.create_event.func(event_name=""Update on Jamie Davis"", participant_email=""sofia.santos@atlas.com"", event_start=""2023-12-01 13:00:00"", duration=""30"")']","If we haven't spoke to {current_customer_name} in the past fortnight book a 30-minute meeting with whoever is assigned to them called 'Update on {current_customer_name}' at the first time I'm free tomorrow","{current_customer_name}-এর সাথে অনেকদিন কথা হয়নি। একটু দেখবে, 14 দিনের বেশি হয়ে গেছে কিনা? হয়ে থাকলে, তারা যার নামে অ্যাসাইন করা আছে তার সাথে আগামীকাল আমি প্রথম যখন ফাঁকা থাকব, তখন 'Update on {current_customer_name!en}' নামে একটা 30 মিনিটের মিটিং বুক করো","['crm', 'calendar']"
"কার নামে সবচেয়ে কম টাস্ক অ্যাসাইন করা আছে খুঁজে বের করে, CRM এ Reese Martinez-কে নতুন লিড হিসেবে তার নামে অ্যাসাইন করে দিতে পারবে?","['customer_relationship_manager.add_customer.func(customer_name=""Reese Martinez"", assigned_to_email=""yuki.tanaka@atlas.com"", status=""Lead"")']"," Add {new_customer_name} as a new lead in the crm and assign them to the person with the fewest tasks assigned to them","কার নামে সবচেয়ে কম টাস্ক অ্যাসাইন করা আছে খুঁজে বের করে, CRM এ {new_customer_name}-কে নতুন লিড হিসেবে তার নামে অ্যাসাইন করে দিতে পারবে?","['crm', 'project_management']"
"CRM এ Alex Davis-কে নতুন লিড হিসেবে যোগ করো, আর যার নামে সবচেয়ে কম টাস্ক অ্যাসাইন করা আছে, তাকেই এই লিডটা অ্যাসাইন করে দাও","['customer_relationship_manager.add_customer.func(customer_name=""Alex Davis"", assigned_to_email=""yuki.tanaka@atlas.com"", status=""Lead"")']"," Add {new_customer_name} as a new lead in the crm and assign them to the person with the fewest tasks assigned to them","CRM এ {new_customer_name}-কে নতুন লিড হিসেবে যোগ করো, আর যার নামে সবচেয়ে কম টাস্ক অ্যাসাইন করা আছে, তাকেই এই লিডটা অ্যাসাইন করে দাও","['crm', 'project_management']"
"CRM এ Alex Anderson-কে নতুন লিড হিসেবে যোগ করতে হবে। যার নামে সবচেয়ে কম টাস্ক অ্যাসাইন করা আছে, তার নামে অ্যাসাইন করে দিতে পারবে?","['customer_relationship_manager.add_customer.func(customer_name=""Alex Anderson"", assigned_to_email=""yuki.tanaka@atlas.com"", status=""Lead"")']"," Add {new_customer_name} as a new lead in the crm and assign them to the person with the fewest tasks assigned to them","CRM এ {new_customer_name}-কে নতুন লিড হিসেবে যোগ করতে হবে। যার নামে সবচেয়ে কম টাস্ক অ্যাসাইন করা আছে, তার নামে অ্যাসাইন করে দিতে পারবে?","['crm', 'project_management']"
"কার নামে সবচেয়ে কম টাস্ক অ্যাসাইন করা আছে খুঁজে বের করে, CRM এ Cameron Brown-কে নতুন লিড হিসেবে তার নামে অ্যাসাইন করে দিতে পারবে?","['customer_relationship_manager.add_customer.func(customer_name=""Cameron Brown"", assigned_to_email=""yuki.tanaka@atlas.com"", status=""Lead"")']"," Add {new_customer_name} as a new lead in the crm and assign them to the person with the fewest tasks assigned to them","কার নামে সবচেয়ে কম টাস্ক অ্যাসাইন করা আছে খুঁজে বের করে, CRM এ {new_customer_name}-কে নতুন লিড হিসেবে তার নামে অ্যাসাইন করে দিতে পারবে?","['crm', 'project_management']"
"CRM এ Jessie Martinez-কে নতুন লিড হিসেবে যোগ করো, আর যার নামে সবচেয়ে কম টাস্ক অ্যাসাইন করা আছে, তাকেই এই লিডটা অ্যাসাইন করে দাও","['customer_relationship_manager.add_customer.func(customer_name=""Jessie Martinez"", assigned_to_email=""yuki.tanaka@atlas.com"", status=""Lead"")']"," Add {new_customer_name} as a new lead in the crm and assign them to the person with the fewest tasks assigned to them","CRM এ {new_customer_name}-কে নতুন লিড হিসেবে যোগ করো, আর যার নামে সবচেয়ে কম টাস্ক অ্যাসাইন করা আছে, তাকেই এই লিডটা অ্যাসাইন করে দাও","['crm', 'project_management']"
"কার নামে সবচেয়ে কম টাস্ক অ্যাসাইন করা আছে খুঁজে বের করে, CRM এ Quinn Thomas-কে নতুন লিড হিসেবে তার নামে অ্যাসাইন করে দিতে পারবে?","['customer_relationship_manager.add_customer.func(customer_name=""Quinn Thomas"", assigned_to_email=""yuki.tanaka@atlas.com"", status=""Lead"")']"," Add {new_customer_name} as a new lead in the crm and assign them to the person with the fewest tasks assigned to them","কার নামে সবচেয়ে কম টাস্ক অ্যাসাইন করা আছে খুঁজে বের করে, CRM এ {new_customer_name}-কে নতুন লিড হিসেবে তার নামে অ্যাসাইন করে দিতে পারবে?","['crm', 'project_management']"
"CRM এ Taylor Brown-কে নতুন লিড হিসেবে যোগ করো, আর যার নামে সবচেয়ে কম টাস্ক অ্যাসাইন করা আছে, তাকেই এই লিডটা অ্যাসাইন করে দাও","['customer_relationship_manager.add_customer.func(customer_name=""Taylor Brown"", assigned_to_email=""yuki.tanaka@atlas.com"", status=""Lead"")']"," Add {new_customer_name} as a new lead in the crm and assign them to the person with the fewest tasks assigned to them","CRM এ {new_customer_name}-কে নতুন লিড হিসেবে যোগ করো, আর যার নামে সবচেয়ে কম টাস্ক অ্যাসাইন করা আছে, তাকেই এই লিডটা অ্যাসাইন করে দাও","['crm', 'project_management']"
"CRM এ Parker Martin-কে নতুন লিড হিসেবে যোগ করো, আর যার নামে সবচেয়ে কম টাস্ক অ্যাসাইন করা আছে, তাকেই এই লিডটা অ্যাসাইন করে দাও","['customer_relationship_manager.add_customer.func(customer_name=""Parker Martin"", assigned_to_email=""yuki.tanaka@atlas.com"", status=""Lead"")']"," Add {new_customer_name} as a new lead in the crm and assign them to the person with the fewest tasks assigned to them","CRM এ {new_customer_name}-কে নতুন লিড হিসেবে যোগ করো, আর যার নামে সবচেয়ে কম টাস্ক অ্যাসাইন করা আছে, তাকেই এই লিডটা অ্যাসাইন করে দাও","['crm', 'project_management']"
"কার নামে সবচেয়ে কম টাস্ক অ্যাসাইন করা আছে খুঁজে বের করে, CRM এ Jamie Davis-কে নতুন লিড হিসেবে তার নামে অ্যাসাইন করে দিতে পারবে?","['customer_relationship_manager.add_customer.func(customer_name=""Jamie Davis"", assigned_to_email=""yuki.tanaka@atlas.com"", status=""Lead"")']"," Add {new_customer_name} as a new lead in the crm and assign them to the person with the fewest tasks assigned to them","কার নামে সবচেয়ে কম টাস্ক অ্যাসাইন করা আছে খুঁজে বের করে, CRM এ {new_customer_name}-কে নতুন লিড হিসেবে তার নামে অ্যাসাইন করে দিতে পারবে?","['crm', 'project_management']"
"CRM এ Jaden Anderson-কে নতুন লিড হিসেবে যোগ করো, আর যার নামে সবচেয়ে কম টাস্ক অ্যাসাইন করা আছে, তাকেই এই লিডটা অ্যাসাইন করে দাও","['customer_relationship_manager.add_customer.func(customer_name=""Jaden Anderson"", assigned_to_email=""yuki.tanaka@atlas.com"", status=""Lead"")']"," Add {new_customer_name} as a new lead in the crm and assign them to the person with the fewest tasks assigned to them","CRM এ {new_customer_name}-কে নতুন লিড হিসেবে যোগ করো, আর যার নামে সবচেয়ে কম টাস্ক অ্যাসাইন করা আছে, তাকেই এই লিডটা অ্যাসাইন করে দাও","['crm', 'project_management']"
"19 অক্টোবর তারিখের 'Update on Supply Chain Enhancement Workshop' বিষয়ের ইমেইলটা খুঁজে বের করে, যে পাঠিয়েছে তার সাথে 11 ডিসেম্বর 12টায় 'Update on Supply Chain Enhancement Workshop' নামে একটা 1.5 ঘণ্টাব্যাপী মিটিং শিডিউল করে দিতে পারবে?","['calendar.create_event.func(event_name=""Update on Supply Chain Enhancement Workshop"", participant_email=""chenwei.zhang@atlas.com"", event_start=""2023-12-11 12:00:00"", duration=""90"")']","Find the email from {natural_language_email_date} about {subject} and schedule a {natural_language_duration} meeting called '{subject}' at {natural_language_time} with the sender for {natural_language_event_date}.","{natural_language_email_date} তারিখের '{subject!en}' বিষয়ের ইমেইলটা খুঁজে বের করে, যে পাঠিয়েছে তার সাথে {natural_language_event_date} {natural_language_time}টায় '{subject!en}' নামে একটা {natural_language_duration}ব্যাপী মিটিং শিডিউল করে দিতে পারবে?","['email', 'calendar']"
"17 অক্টোবর তারিখে Update on project debrief নিয়ে আসা ইমেইলটা খুঁজে বের করো, তারপর যে পাঠিয়েছে তার সাথে 18 ডিসেম্বর 11:30টায় 'Update on project debrief' নামে একটা 1.5 ঘণ্টাব্যাপী মিটিং শিডিউল করো।","['calendar.create_event.func(event_name=""Update on project debrief"", participant_email=""sofia.santos@atlas.com"", event_start=""2023-12-18 11:30:00"", duration=""90"")']","Find the email from {natural_language_email_date} about {subject} and schedule a {natural_language_duration} meeting called '{subject}' at {natural_language_time} with the sender for {natural_language_event_date}.","{natural_language_email_date} তারিখে {subject!en} নিয়ে আসা ইমেইলটা খুঁজে বের করো, তারপর যে পাঠিয়েছে তার সাথে {natural_language_event_date} {natural_language_time}টায় '{subject!en}' নামে একটা {natural_language_duration}ব্যাপী মিটিং শিডিউল করো।","['email', 'calendar']"
"1 নভেম্বর তারিখে Task Update on Design UI for landing page নিয়ে আসা ইমেইলটা খুঁজে বের করো, তারপর যে পাঠিয়েছে তার সাথে 18 ডিসেম্বর 1টায় 'Task Update on Design UI for landing page' নামে একটা 30 মিনিটব্যাপী মিটিং শিডিউল করো।","['calendar.create_event.func(event_name=""Task Update on Design UI for landing page"", participant_email=""nadia.moreau@atlas.com"", event_start=""2023-12-18 13:00:00"", duration=""30"")']","Find the email from {natural_language_email_date} about {subject} and schedule a {natural_language_duration} meeting called '{subject}' at {natural_language_time} with the sender for {natural_language_event_date}.","{natural_language_email_date} তারিখে {subject!en} নিয়ে আসা ইমেইলটা খুঁজে বের করো, তারপর যে পাঠিয়েছে তার সাথে {natural_language_event_date} {natural_language_time}টায় '{subject!en}' নামে একটা {natural_language_duration}ব্যাপী মিটিং শিডিউল করো।","['email', 'calendar']"
"3 নভেম্বর তারিখের 'Task Update on Fix bug in content delivery module' বিষয়ের ইমেইলটা খুঁজে বের করে, যে পাঠিয়েছে তার সাথে 20 ডিসেম্বর 11টায় 'Task Update on Fix bug in content delivery module' নামে একটা 1 ঘণ্টাব্যাপী মিটিং শিডিউল করে দিতে পারবে?","['calendar.create_event.func(event_name=""Task Update on Fix bug in content delivery module"", participant_email=""leila.azizi@atlas.com"", event_start=""2023-12-20 11:00:00"", duration=""60"")']","Find the email from {natural_language_email_date} about {subject} and schedule a {natural_language_duration} meeting called '{subject}' at {natural_language_time} with the sender for {natural_language_event_date}.","{natural_language_email_date} তারিখের '{subject!en}' বিষয়ের ইমেইলটা খুঁজে বের করে, যে পাঠিয়েছে তার সাথে {natural_language_event_date} {natural_language_time}টায় '{subject!en}' নামে একটা {natural_language_duration}ব্যাপী মিটিং শিডিউল করে দিতে পারবে?","['email', 'calendar']"
"12 ডিসেম্বর 11:30টায় 'Update on Creative Thinking Workshop' নামে একটা 1.5 ঘণ্টাব্যাপী মিটিং শিডিউল করতে হবে। মিটিংটা হবে 27 নভেম্বর তারিখের 'Update on Creative Thinking Workshop' বিষয়ের ইমেইলটা যে পাঠিয়েছে তার সাথে। করে দিতে পারবে?","['calendar.create_event.func(event_name=""Update on Creative Thinking Workshop"", participant_email=""akira.sato@atlas.com"", event_start=""2023-12-12 11:30:00"", duration=""90"")']","Find the email from {natural_language_email_date} about {subject} and schedule a {natural_language_duration} meeting called '{subject}' at {natural_language_time} with the sender for {natural_language_event_date}.","{natural_language_event_date} {natural_language_time}টায় '{subject!en}' নামে একটা {natural_language_duration}ব্যাপী মিটিং শিডিউল করতে হবে। মিটিংটা হবে {natural_language_email_date} তারিখের '{subject!en}' বিষয়ের ইমেইলটা যে পাঠিয়েছে তার সাথে। করে দিতে পারবে?","['email', 'calendar']"
"20 নভেম্বর তারিখের 'Task Update on Implement payment gateway API' বিষয়ের ইমেইলটা খুঁজে বের করে, যে পাঠিয়েছে তার সাথে 18 ডিসেম্বর 12:30টায় 'Task Update on Implement payment gateway API' নামে একটা 30 মিনিটব্যাপী মিটিং শিডিউল করে দিতে পারবে?","['calendar.create_event.func(event_name=""Task Update on Implement payment gateway API"", participant_email=""leila.azizi@atlas.com"", event_start=""2023-12-18 12:30:00"", duration=""30"")']","Find the email from {natural_language_email_date} about {subject} and schedule a {natural_language_duration} meeting called '{subject}' at {natural_language_time} with the sender for {natural_language_event_date}.","{natural_language_email_date} তারিখের '{subject!en}' বিষয়ের ইমেইলটা খুঁজে বের করে, যে পাঠিয়েছে তার সাথে {natural_language_event_date} {natural_language_time}টায় '{subject!en}' নামে একটা {natural_language_duration}ব্যাপী মিটিং শিডিউল করে দিতে পারবে?","['email', 'calendar']"
"17 নভেম্বর তারিখের 'Task Update on Optimize database query for report generation' বিষয়ের ইমেইলটা খুঁজে বের করে, যে পাঠিয়েছে তার সাথে 15 ডিসেম্বর 11:30টায় 'Task Update on Optimize database query for report generation' নামে একটা 2 ঘণ্টাব্যাপী মিটিং শিডিউল করে দিতে পারবে?","['calendar.create_event.func(event_name=""Task Update on Optimize database query for report generation"", participant_email=""raj.patel@atlas.com"", event_start=""2023-12-15 11:30:00"", duration=""120"")']","Find the email from {natural_language_email_date} about {subject} and schedule a {natural_language_duration} meeting called '{subject}' at {natural_language_time} with the sender for {natural_language_event_date}.","{natural_language_email_date} তারিখের '{subject!en}' বিষয়ের ইমেইলটা খুঁজে বের করে, যে পাঠিয়েছে তার সাথে {natural_language_event_date} {natural_language_time}টায় '{subject!en}' নামে একটা {natural_language_duration}ব্যাপী মিটিং শিডিউল করে দিতে পারবে?","['email', 'calendar']"
"8 ডিসেম্বর 10:30টায় 'Update on Annual Budget Planning Session' নামে একটা 30 মিনিটব্যাপী মিটিং শিডিউল করতে হবে। মিটিংটা হবে 13 নভেম্বর তারিখের 'Update on Annual Budget Planning Session' বিষয়ের ইমেইলটা যে পাঠিয়েছে তার সাথে। করে দিতে পারবে?","['calendar.create_event.func(event_name=""Update on Annual Budget Planning Session"", participant_email=""anaya.patel@atlas.com"", event_start=""2023-12-08 10:30:00"", duration=""30"")']","Find the email from {natural_language_email_date} about {subject} and schedule a {natural_language_duration} meeting called '{subject}' at {natural_language_time} with the sender for {natural_language_event_date}.","{natural_language_event_date} {natural_language_time}টায় '{subject!en}' নামে একটা {natural_language_duration}ব্যাপী মিটিং শিডিউল করতে হবে। মিটিংটা হবে {natural_language_email_date} তারিখের '{subject!en}' বিষয়ের ইমেইলটা যে পাঠিয়েছে তার সাথে। করে দিতে পারবে?","['email', 'calendar']"
"26 অক্টোবর তারিখের 'Update on Board of Directors Conclave' বিষয়ের ইমেইলটা খুঁজে বের করে, যে পাঠিয়েছে তার সাথে 30 নভেম্বর 2:30টায় 'Update on Board of Directors Conclave' নামে একটা 2 ঘণ্টাব্যাপী মিটিং শিডিউল করে দিতে পারবে?","['calendar.create_event.func(event_name=""Update on Board of Directors Conclave"", participant_email=""anaya.patel@atlas.com"", event_start=""2023-11-30 14:30:00"", duration=""120"")']","Find the email from {natural_language_email_date} about {subject} and schedule a {natural_language_duration} meeting called '{subject}' at {natural_language_time} with the sender for {natural_language_event_date}.","{natural_language_email_date} তারিখের '{subject!en}' বিষয়ের ইমেইলটা খুঁজে বের করে, যে পাঠিয়েছে তার সাথে {natural_language_event_date} {natural_language_time}টায় '{subject!en}' নামে একটা {natural_language_duration}ব্যাপী মিটিং শিডিউল করে দিতে পারবে?","['email', 'calendar']"
"25 অক্টোবর তারিখের 'Update on Project Initiation Meeting' বিষয়ের ইমেইলটা খুঁজে বের করে, যে পাঠিয়েছে তার সাথে 7 ডিসেম্বর 12টায় 'Update on Project Initiation Meeting' নামে একটা 1 ঘণ্টাব্যাপী মিটিং শিডিউল করে দিতে পারবে?","['calendar.create_event.func(event_name=""Update on Project Initiation Meeting"", participant_email=""jinsoo.kim@atlas.com"", event_start=""2023-12-07 12:00:00"", duration=""60"")']","Find the email from {natural_language_email_date} about {subject} and schedule a {natural_language_duration} meeting called '{subject}' at {natural_language_time} with the sender for {natural_language_event_date}.","{natural_language_email_date} তারিখের '{subject!en}' বিষয়ের ইমেইলটা খুঁজে বের করে, যে পাঠিয়েছে তার সাথে {natural_language_event_date} {natural_language_time}টায় '{subject!en}' নামে একটা {natural_language_duration}ব্যাপী মিটিং শিডিউল করে দিতে পারবে?","['email', 'calendar']"
"30 নভেম্বর তারিখের প্রথম ইভেন্টের অংশগ্রহণকারীদের একটা ইমেইল পাঠাতে পারবে? টাইটেলে ইভেন্টের নামটা দিও, আর তাদের বলে দাও 'Remember to attend this event.'","['email.send_email.func(recipient=""fatima.khan@atlas.com"", subject=""Annual Budget Planning Session"", body=""Remember to attend this event."")']","Send an email to attendees of the first event on {natural_language_event_date}. Title it with the event name and tell them 'Remember to attend this event.'","{natural_language_event_date} তারিখের প্রথম ইভেন্টের অংশগ্রহণকারীদের একটা ইমেইল পাঠাতে পারবে? টাইটেলে ইভেন্টের নামটা দিও, আর তাদের বলে দাও 'Remember to attend this event.'","['email', 'calendar']"
"11 ডিসেম্বর তারিখের প্রথম ইভেন্টে সবাই যেন আসার কথা মনে রাখে, সেটা নিশ্চিত করতে চাই। অংশগ্রহণকারীদের একটা ইমেইল পাঠাতে পারবে? টাইটেল হবে ইভেন্টের নাম, আর ইমেইলে লেখা থাকবে 'Remember to attend this event.'","['email.send_email.func(recipient=""nia.johnson@atlas.com"", subject=""Annual Budget Planning Session"", body=""Remember to attend this event."")']","Send an email to attendees of the first event on {natural_language_event_date}. Title it with the event name and tell them 'Remember to attend this event.'","{natural_language_event_date} তারিখের প্রথম ইভেন্টে সবাই যেন আসার কথা মনে রাখে, সেটা নিশ্চিত করতে চাই। অংশগ্রহণকারীদের একটা ইমেইল পাঠাতে পারবে? টাইটেল হবে ইভেন্টের নাম, আর ইমেইলে লেখা থাকবে 'Remember to attend this event.'","['email', 'calendar']"
"21 ডিসেম্বর তারিখের প্রথম ইভেন্টের অংশগ্রহণকারীদের একটা ইমেইল পাঠাতে পারবে? টাইটেলে ইভেন্টের নামটা দিও, আর তাদের বলে দাও 'Remember to attend this event.'","['email.send_email.func(recipient=""leila.azizi@atlas.com"", subject=""New Employee Onboarding"", body=""Remember to attend this event."")']","Send an email to attendees of the first event on {natural_language_event_date}. Title it with the event name and tell them 'Remember to attend this event.'","{natural_language_event_date} তারিখের প্রথম ইভেন্টের অংশগ্রহণকারীদের একটা ইমেইল পাঠাতে পারবে? টাইটেলে ইভেন্টের নামটা দিও, আর তাদের বলে দাও 'Remember to attend this event.'","['email', 'calendar']"
"12 ডিসেম্বর তারিখের প্রথম ইভেন্টের অংশগ্রহণকারীদের একটা ইমেইল পাঠাও। টাইটেল হিসেবে ইভেন্টের নামটা দাও, আর ইমেইলে তাদের লিখে দাও 'Remember to attend this event.'","['email.send_email.func(recipient=""aisha.chen@atlas.com"", subject=""casual catch-up"", body=""Remember to attend this event."")']","Send an email to attendees of the first event on {natural_language_event_date}. Title it with the event name and tell them 'Remember to attend this event.'","{natural_language_event_date} তারিখের প্রথম ইভেন্টের অংশগ্রহণকারীদের একটা ইমেইল পাঠাও। টাইটেল হিসেবে ইভেন্টের নামটা দাও, আর ইমেইলে তাদের লিখে দাও 'Remember to attend this event.'","['email', 'calendar']"
"1 ডিসেম্বর তারিখের প্রথম ইভেন্টে সবাই যেন আসার কথা মনে রাখে, সেটা নিশ্চিত করতে চাই। অংশগ্রহণকারীদের একটা ইমেইল পাঠাতে পারবে? টাইটেল হবে ইভেন্টের নাম, আর ইমেইলে লেখা থাকবে 'Remember to attend this event.'","['email.send_email.func(recipient=""olga.petrova@atlas.com"", subject=""Corporate Social Responsibility Initiative"", body=""Remember to attend this event."")']","Send an email to attendees of the first event on {natural_language_event_date}. Title it with the event name and tell them 'Remember to attend this event.'","{natural_language_event_date} তারিখের প্রথম ইভেন্টে সবাই যেন আসার কথা মনে রাখে, সেটা নিশ্চিত করতে চাই। অংশগ্রহণকারীদের একটা ইমেইল পাঠাতে পারবে? টাইটেল হবে ইভেন্টের নাম, আর ইমেইলে লেখা থাকবে 'Remember to attend this event.'","['email', 'calendar']"
"12 ডিসেম্বর তারিখের প্রথম ইভেন্টের অংশগ্রহণকারীদের একটা ইমেইল পাঠাতে পারবে? টাইটেলে ইভেন্টের নামটা দিও, আর তাদের বলে দাও 'Remember to attend this event.'","['email.send_email.func(recipient=""aisha.chen@atlas.com"", subject=""casual catch-up"", body=""Remember to attend this event."")']","Send an email to attendees of the first event on {natural_language_event_date}. Title it with the event name and tell them 'Remember to attend this event.'","{natural_language_event_date} তারিখের প্রথম ইভেন্টের অংশগ্রহণকারীদের একটা ইমেইল পাঠাতে পারবে? টাইটেলে ইভেন্টের নামটা দিও, আর তাদের বলে দাও 'Remember to attend this event.'","['email', 'calendar']"
"15 ডিসেম্বর তারিখের প্রথম ইভেন্টের অংশগ্রহণকারীদের একটা ইমেইল পাঠাও। টাইটেল হিসেবে ইভেন্টের নামটা দাও, আর ইমেইলে তাদের লিখে দাও 'Remember to attend this event.'","['email.send_email.func(recipient=""dmitri.ivanov@atlas.com"", subject=""performance evaluation"", body=""Remember to attend this event."")']","Send an email to attendees of the first event on {natural_language_event_date}. Title it with the event name and tell them 'Remember to attend this event.'","{natural_language_event_date} তারিখের প্রথম ইভেন্টের অংশগ্রহণকারীদের একটা ইমেইল পাঠাও। টাইটেল হিসেবে ইভেন্টের নামটা দাও, আর ইমেইলে তাদের লিখে দাও 'Remember to attend this event.'","['email', 'calendar']"
"6 ডিসেম্বর তারিখের প্রথম ইভেন্টে সবাই যেন আসার কথা মনে রাখে, সেটা নিশ্চিত করতে চাই। অংশগ্রহণকারীদের একটা ইমেইল পাঠাতে পারবে? টাইটেল হবে ইভেন্টের নাম, আর ইমেইলে লেখা থাকবে 'Remember to attend this event.'","['email.send_email.func(recipient=""aisha.chen@atlas.com"", subject=""introductory call"", body=""Remember to attend this event."")']","Send an email to attendees of the first event on {natural_language_event_date}. Title it with the event name and tell them 'Remember to attend this event.'","{natural_language_event_date} তারিখের প্রথম ইভেন্টে সবাই যেন আসার কথা মনে রাখে, সেটা নিশ্চিত করতে চাই। অংশগ্রহণকারীদের একটা ইমেইল পাঠাতে পারবে? টাইটেল হবে ইভেন্টের নাম, আর ইমেইলে লেখা থাকবে 'Remember to attend this event.'","['email', 'calendar']"
"21 ডিসেম্বর তারিখের প্রথম ইভেন্টে সবাই যেন আসার কথা মনে রাখে, সেটা নিশ্চিত করতে চাই। অংশগ্রহণকারীদের একটা ইমেইল পাঠাতে পারবে? টাইটেল হবে ইভেন্টের নাম, আর ইমেইলে লেখা থাকবে 'Remember to attend this event.'","['email.send_email.func(recipient=""leila.azizi@atlas.com"", subject=""New Employee Onboarding"", body=""Remember to attend this event."")']","Send an email to attendees of the first event on {natural_language_event_date}. Title it with the event name and tell them 'Remember to attend this event.'","{natural_language_event_date} তারিখের প্রথম ইভেন্টে সবাই যেন আসার কথা মনে রাখে, সেটা নিশ্চিত করতে চাই। অংশগ্রহণকারীদের একটা ইমেইল পাঠাতে পারবে? টাইটেল হবে ইভেন্টের নাম, আর ইমেইলে লেখা থাকবে 'Remember to attend this event.'","['email', 'calendar']"
"8 ডিসেম্বর তারিখের প্রথম ইভেন্টের অংশগ্রহণকারীদের একটা ইমেইল পাঠাতে পারবে? টাইটেলে ইভেন্টের নামটা দিও, আর তাদের বলে দাও 'Remember to attend this event.'","['email.send_email.func(recipient=""dmitri.ivanov@atlas.com"", subject=""Product Launch Analysis"", body=""Remember to attend this event."")']","Send an email to attendees of the first event on {natural_language_event_date}. Title it with the event name and tell them 'Remember to attend this event.'","{natural_language_event_date} তারিখের প্রথম ইভেন্টের অংশগ্রহণকারীদের একটা ইমেইল পাঠাতে পারবে? টাইটেলে ইভেন্টের নামটা দিও, আর তাদের বলে দাও 'Remember to attend this event.'","['email', 'calendar']"
"গত 4 দিনে yuki যদি আমাকে কোনো ইমেইল না পাঠিয়ে থাকে, তাহলে শুক্রবার 12টায় তার সাথে একটা আধা ঘণ্টার মিটিং শিডিউল করো, আর নাম দাও 'Catch up with yuki'","[]","If {sender_name} hasn't sent me any emails in the past {days} days, schedule a 30 minute meeting with them for {day_of_week} at {natural_language_time} called 'Catch up with {sender_name}'","গত {days} দিনে {sender_name} যদি আমাকে কোনো ইমেইল না পাঠিয়ে থাকে, তাহলে {day_of_week} {natural_language_time}টায় তার সাথে একটা আধা ঘণ্টার মিটিং শিডিউল করো, আর নাম দাও 'Catch up with {sender_name!en}'","['email', 'calendar']"
"গত 2 দিনে যদি nadia আমাকে কোনো ইমেইল না পাঠিয়ে থাকে, তাহলে বুধবার 2:30টায় তার সাথে 'Catch up with nadia' নামে একটা 30 মিনিটের মিটিং শিডিউল করো","[]","If {sender_name} hasn't sent me any emails in the past {days} days, schedule a 30 minute meeting with them for {day_of_week} at {natural_language_time} called 'Catch up with {sender_name}'","গত {days} দিনে যদি {sender_name} আমাকে কোনো ইমেইল না পাঠিয়ে থাকে, তাহলে {day_of_week} {natural_language_time}টায় তার সাথে 'Catch up with {sender_name!en}' নামে একটা 30 মিনিটের মিটিং শিডিউল করো","['email', 'calendar']"
"গত 4 দিনে যদি luis আমাকে কোনো ইমেইল না পাঠিয়ে থাকে, তাহলে মঙ্গলবার 9:30টায় তার সাথে 'Catch up with luis' নামে একটা 30 মিনিটের মিটিং শিডিউল করো","[]","If {sender_name} hasn't sent me any emails in the past {days} days, schedule a 30 minute meeting with them for {day_of_week} at {natural_language_time} called 'Catch up with {sender_name}'","গত {days} দিনে যদি {sender_name} আমাকে কোনো ইমেইল না পাঠিয়ে থাকে, তাহলে {day_of_week} {natural_language_time}টায় তার সাথে 'Catch up with {sender_name!en}' নামে একটা 30 মিনিটের মিটিং শিডিউল করো","['email', 'calendar']"
"শেষ কবে kofi-এর কোনো খবর পেয়েছি, মনে পড়ছে না। একটু দেখবে, গত 4 দিনে সে আমাকে কোনো ইমেইল পাঠিয়েছে কিনা? না পাঠালে, মঙ্গলবার 10:30টায় তার সাথে 'Catch up with kofi' নামে একটা 30 মিনিটের মিটিং শিডিউল করো","['calendar.create_event.func(event_name=""Catch up with kofi"", participant_email=""kofi.mensah@atlas.com"", event_start=""2023-12-05 10:30:00"", duration=""30"")']","If {sender_name} hasn't sent me any emails in the past {days} days, schedule a 30 minute meeting with them for {day_of_week} at {natural_language_time} called 'Catch up with {sender_name}'","শেষ কবে {sender_name}-এর কোনো খবর পেয়েছি, মনে পড়ছে না। একটু দেখবে, গত {days} দিনে সে আমাকে কোনো ইমেইল পাঠিয়েছে কিনা? না পাঠালে, {day_of_week} {natural_language_time}টায় তার সাথে 'Catch up with {sender_name!en}' নামে একটা 30 মিনিটের মিটিং শিডিউল করো","['email', 'calendar']"
"শেষ কবে yuki-এর কোনো খবর পেয়েছি, মনে পড়ছে না। একটু দেখবে, গত 2 দিনে সে আমাকে কোনো ইমেইল পাঠিয়েছে কিনা? না পাঠালে, শুক্রবার 3:30টায় তার সাথে 'Catch up with yuki' নামে একটা 30 মিনিটের মিটিং শিডিউল করো","['calendar.create_event.func(event_name=""Catch up with yuki"", participant_email=""yuki.tanaka@atlas.com"", event_start=""2023-12-01 15:30:00"", duration=""30"")']","If {sender_name} hasn't sent me any emails in the past {days} days, schedule a 30 minute meeting with them for {day_of_week} at {natural_language_time} called 'Catch up with {sender_name}'","শেষ কবে {sender_name}-এর কোনো খবর পেয়েছি, মনে পড়ছে না। একটু দেখবে, গত {days} দিনে সে আমাকে কোনো ইমেইল পাঠিয়েছে কিনা? না পাঠালে, {day_of_week} {natural_language_time}টায় তার সাথে 'Catch up with {sender_name!en}' নামে একটা 30 মিনিটের মিটিং শিডিউল করো","['email', 'calendar']"
"গত 3 দিনে fatima যদি আমাকে কোনো ইমেইল না পাঠিয়ে থাকে, তাহলে শুক্রবার 12টায় তার সাথে একটা আধা ঘণ্টার মিটিং শিডিউল করো, আর নাম দাও 'Catch up with fatima'","[]","If {sender_name} hasn't sent me any emails in the past {days} days, schedule a 30 minute meeting with them for {day_of_week} at {natural_language_time} called 'Catch up with {sender_name}'","গত {days} দিনে {sender_name} যদি আমাকে কোনো ইমেইল না পাঠিয়ে থাকে, তাহলে {day_of_week} {natural_language_time}টায় তার সাথে একটা আধা ঘণ্টার মিটিং শিডিউল করো, আর নাম দাও 'Catch up with {sender_name!en}'","['email', 'calendar']"
"শেষ কবে yuki-এর কোনো খবর পেয়েছি, মনে পড়ছে না। একটু দেখবে, গত 4 দিনে সে আমাকে কোনো ইমেইল পাঠিয়েছে কিনা? না পাঠালে, সোমবার 3টায় তার সাথে 'Catch up with yuki' নামে একটা 30 মিনিটের মিটিং শিডিউল করো","[]","If {sender_name} hasn't sent me any emails in the past {days} days, schedule a 30 minute meeting with them for {day_of_week} at {natural_language_time} called 'Catch up with {sender_name}'","শেষ কবে {sender_name}-এর কোনো খবর পেয়েছি, মনে পড়ছে না। একটু দেখবে, গত {days} দিনে সে আমাকে কোনো ইমেইল পাঠিয়েছে কিনা? না পাঠালে, {day_of_week} {natural_language_time}টায় তার সাথে 'Catch up with {sender_name!en}' নামে একটা 30 মিনিটের মিটিং শিডিউল করো","['email', 'calendar']"
"গত 3 দিনে fatima যদি আমাকে কোনো ইমেইল না পাঠিয়ে থাকে, তাহলে সোমবার 9:30টায় তার সাথে একটা আধা ঘণ্টার মিটিং শিডিউল করো, আর নাম দাও 'Catch up with fatima'","[]","If {sender_name} hasn't sent me any emails in the past {days} days, schedule a 30 minute meeting with them for {day_of_week} at {natural_language_time} called 'Catch up with {sender_name}'","গত {days} দিনে {sender_name} যদি আমাকে কোনো ইমেইল না পাঠিয়ে থাকে, তাহলে {day_of_week} {natural_language_time}টায় তার সাথে একটা আধা ঘণ্টার মিটিং শিডিউল করো, আর নাম দাও 'Catch up with {sender_name!en}'","['email', 'calendar']"
"গত 2 দিনে যদি akira আমাকে কোনো ইমেইল না পাঠিয়ে থাকে, তাহলে মঙ্গলবার 12:30টায় তার সাথে 'Catch up with akira' নামে একটা 30 মিনিটের মিটিং শিডিউল করো","['calendar.create_event.func(event_name=""Catch up with akira"", participant_email=""akira.sato@atlas.com"", event_start=""2023-12-05 12:30:00"", duration=""30"")']","If {sender_name} hasn't sent me any emails in the past {days} days, schedule a 30 minute meeting with them for {day_of_week} at {natural_language_time} called 'Catch up with {sender_name}'","গত {days} দিনে যদি {sender_name} আমাকে কোনো ইমেইল না পাঠিয়ে থাকে, তাহলে {day_of_week} {natural_language_time}টায় তার সাথে 'Catch up with {sender_name!en}' নামে একটা 30 মিনিটের মিটিং শিডিউল করো","['email', 'calendar']"
"গত 3 দিনে যদি akira আমাকে কোনো ইমেইল না পাঠিয়ে থাকে, তাহলে শুক্রবার 2:30টায় তার সাথে 'Catch up with akira' নামে একটা 30 মিনিটের মিটিং শিডিউল করো","[]","If {sender_name} hasn't sent me any emails in the past {days} days, schedule a 30 minute meeting with them for {day_of_week} at {natural_language_time} called 'Catch up with {sender_name}'","গত {days} দিনে যদি {sender_name} আমাকে কোনো ইমেইল না পাঠিয়ে থাকে, তাহলে {day_of_week} {natural_language_time}টায় তার সাথে 'Catch up with {sender_name!en}' নামে একটা 30 মিনিটের মিটিং শিডিউল করো","['email', 'calendar']"
"amir-এর সাথে অনেকদিন মিটিং হয়নি। যদি 2 দিনের বেশি হয়ে থাকে, তাহলে তাকে একটা ইমেইল পাঠাতে পারবে? টাইটেল হবে “Catch up soon?”, আর লেখা থাকবে “We haven't caught up in a while - can you send some availability over next week?”","['email.send_email.func(recipient=""amir.ali@atlas.com"", subject=""Catch up soon?"", body=""We haven\'t caught up in a while - can you send some availability over next week?"")']","If I haven't met with {name} in the past {days} days, send them an email titled 'Catch up soon?' saying 'We haven't caught up in a while - can you send some availability over next week?'","{name}-এর সাথে অনেকদিন মিটিং হয়নি। যদি {days} দিনের বেশি হয়ে থাকে, তাহলে তাকে একটা ইমেইল পাঠাতে পারবে? টাইটেল হবে “Catch up soon?”, আর লেখা থাকবে “We haven't caught up in a while - can you send some availability over next week?”","['email', 'calendar']"
"fatima-এর সাথে অনেকদিন মিটিং হয়নি। যদি 10 দিনের বেশি হয়ে থাকে, তাহলে তাকে একটা ইমেইল পাঠাতে পারবে? টাইটেল হবে “Catch up soon?”, আর লেখা থাকবে “We haven't caught up in a while - can you send some availability over next week?”","['email.send_email.func(recipient=""fatima.khan@atlas.com"", subject=""Catch up soon?"", body=""We haven\'t caught up in a while - can you send some availability over next week?"")']","If I haven't met with {name} in the past {days} days, send them an email titled 'Catch up soon?' saying 'We haven't caught up in a while - can you send some availability over next week?'","{name}-এর সাথে অনেকদিন মিটিং হয়নি। যদি {days} দিনের বেশি হয়ে থাকে, তাহলে তাকে একটা ইমেইল পাঠাতে পারবে? টাইটেল হবে “Catch up soon?”, আর লেখা থাকবে “We haven't caught up in a while - can you send some availability over next week?”","['email', 'calendar']"
"শেষ কবে nia-এর সাথে মিটিং করেছি, মনে পড়ছে না। একটু দেখবে, 2 দিনের বেশি হয়ে গেছে কিনা? হয়ে থাকলে তাকে “Catch up soon?” টাইটেল দিয়ে একটা ইমেইল পাঠাও, তাতে লেখো “We haven't caught up in a while - can you send some availability over next week?”","[]","If I haven't met with {name} in the past {days} days, send them an email titled 'Catch up soon?' saying 'We haven't caught up in a while - can you send some availability over next week?'","শেষ কবে {name}-এর সাথে মিটিং করেছি, মনে পড়ছে না। একটু দেখবে, {days} দিনের বেশি হয়ে গেছে কিনা? হয়ে থাকলে তাকে “Catch up soon?” টাইটেল দিয়ে একটা ইমেইল পাঠাও, তাতে লেখো “We haven't caught up in a while - can you send some availability over next week?”","['email', 'calendar']"
"শেষ কবে kofi-এর সাথে মিটিং করেছি, মনে পড়ছে না। একটু দেখবে, 2 দিনের বেশি হয়ে গেছে কিনা? হয়ে থাকলে তাকে “Catch up soon?” টাইটেল দিয়ে একটা ইমেইল পাঠাও, তাতে লেখো “We haven't caught up in a while - can you send some availability over next week?”","['email.send_email.func(recipient=""kofi.mensah@atlas.com"", subject=""Catch up soon?"", body=""We haven\'t caught up in a while - can you send some availability over next week?"")']","If I haven't met with {name} in the past {days} days, send them an email titled 'Catch up soon?' saying 'We haven't caught up in a while - can you send some availability over next week?'","শেষ কবে {name}-এর সাথে মিটিং করেছি, মনে পড়ছে না। একটু দেখবে, {days} দিনের বেশি হয়ে গেছে কিনা? হয়ে থাকলে তাকে “Catch up soon?” টাইটেল দিয়ে একটা ইমেইল পাঠাও, তাতে লেখো “We haven't caught up in a while - can you send some availability over next week?”","['email', 'calendar']"
"শেষ কবে lena-এর সাথে মিটিং করেছি, মনে পড়ছে না। একটু দেখবে, 2 দিনের বেশি হয়ে গেছে কিনা? হয়ে থাকলে তাকে “Catch up soon?” টাইটেল দিয়ে একটা ইমেইল পাঠাও, তাতে লেখো “We haven't caught up in a while - can you send some availability over next week?”","['email.send_email.func(recipient=""lena.schmidt@atlas.com"", subject=""Catch up soon?"", body=""We haven\'t caught up in a while - can you send some availability over next week?"")']","If I haven't met with {name} in the past {days} days, send them an email titled 'Catch up soon?' saying 'We haven't caught up in a while - can you send some availability over next week?'","শেষ কবে {name}-এর সাথে মিটিং করেছি, মনে পড়ছে না। একটু দেখবে, {days} দিনের বেশি হয়ে গেছে কিনা? হয়ে থাকলে তাকে “Catch up soon?” টাইটেল দিয়ে একটা ইমেইল পাঠাও, তাতে লেখো “We haven't caught up in a while - can you send some availability over next week?”","['email', 'calendar']"
"akira-এর সাথে অনেকদিন মিটিং হয়নি। যদি 2 দিনের বেশি হয়ে থাকে, তাহলে তাকে একটা ইমেইল পাঠাতে পারবে? টাইটেল হবে “Catch up soon?”, আর লেখা থাকবে “We haven't caught up in a while - can you send some availability over next week?”","['email.send_email.func(recipient=""akira.sato@atlas.com"", subject=""Catch up soon?"", body=""We haven\'t caught up in a while - can you send some availability over next week?"")']","If I haven't met with {name} in the past {days} days, send them an email titled 'Catch up soon?' saying 'We haven't caught up in a while - can you send some availability over next week?'","{name}-এর সাথে অনেকদিন মিটিং হয়নি। যদি {days} দিনের বেশি হয়ে থাকে, তাহলে তাকে একটা ইমেইল পাঠাতে পারবে? টাইটেল হবে “Catch up soon?”, আর লেখা থাকবে “We haven't caught up in a while - can you send some availability over next week?”","['email', 'calendar']"
"yuki-এর সাথে অনেকদিন মিটিং হয়নি। যদি 10 দিনের বেশি হয়ে থাকে, তাহলে তাকে একটা ইমেইল পাঠাতে পারবে? টাইটেল হবে “Catch up soon?”, আর লেখা থাকবে “We haven't caught up in a while - can you send some availability over next week?”","[]","If I haven't met with {name} in the past {days} days, send them an email titled 'Catch up soon?' saying 'We haven't caught up in a while - can you send some availability over next week?'","{name}-এর সাথে অনেকদিন মিটিং হয়নি। যদি {days} দিনের বেশি হয়ে থাকে, তাহলে তাকে একটা ইমেইল পাঠাতে পারবে? টাইটেল হবে “Catch up soon?”, আর লেখা থাকবে “We haven't caught up in a while - can you send some availability over next week?”","['email', 'calendar']"
"গত 2 দিনে যদি sofia-এর সাথে আমার কোনো মিটিং না হয়ে থাকে, তাহলে তাকে “Catch up soon?” টাইটেল দিয়ে একটা ইমেইল পাঠাও, তাতে লেখো “We haven't caught up in a while - can you send some availability over next week?”","['email.send_email.func(recipient=""sofia.santos@atlas.com"", subject=""Catch up soon?"", body=""We haven\'t caught up in a while - can you send some availability over next week?"")']","If I haven't met with {name} in the past {days} days, send them an email titled 'Catch up soon?' saying 'We haven't caught up in a while - can you send some availability over next week?'","গত {days} দিনে যদি {name}-এর সাথে আমার কোনো মিটিং না হয়ে থাকে, তাহলে তাকে “Catch up soon?” টাইটেল দিয়ে একটা ইমেইল পাঠাও, তাতে লেখো “We haven't caught up in a while - can you send some availability over next week?”","['email', 'calendar']"
"শেষ কবে santiago-এর সাথে মিটিং করেছি, মনে পড়ছে না। একটু দেখবে, 2 দিনের বেশি হয়ে গেছে কিনা? হয়ে থাকলে তাকে “Catch up soon?” টাইটেল দিয়ে একটা ইমেইল পাঠাও, তাতে লেখো “We haven't caught up in a while - can you send some availability over next week?”","['email.send_email.func(recipient=""santiago.martinez@atlas.com"", subject=""Catch up soon?"", body=""We haven\'t caught up in a while - can you send some availability over next week?"")']","If I haven't met with {name} in the past {days} days, send them an email titled 'Catch up soon?' saying 'We haven't caught up in a while - can you send some availability over next week?'","শেষ কবে {name}-এর সাথে মিটিং করেছি, মনে পড়ছে না। একটু দেখবে, {days} দিনের বেশি হয়ে গেছে কিনা? হয়ে থাকলে তাকে “Catch up soon?” টাইটেল দিয়ে একটা ইমেইল পাঠাও, তাতে লেখো “We haven't caught up in a while - can you send some availability over next week?”","['email', 'calendar']"
"luis-এর সাথে অনেকদিন মিটিং হয়নি। যদি 2 দিনের বেশি হয়ে থাকে, তাহলে তাকে একটা ইমেইল পাঠাতে পারবে? টাইটেল হবে “Catch up soon?”, আর লেখা থাকবে “We haven't caught up in a while - can you send some availability over next week?”","['email.send_email.func(recipient=""luis.ortiz@atlas.com"", subject=""Catch up soon?"", body=""We haven\'t caught up in a while - can you send some availability over next week?"")']","If I haven't met with {name} in the past {days} days, send them an email titled 'Catch up soon?' saying 'We haven't caught up in a while - can you send some availability over next week?'","{name}-এর সাথে অনেকদিন মিটিং হয়নি। যদি {days} দিনের বেশি হয়ে থাকে, তাহলে তাকে একটা ইমেইল পাঠাতে পারবে? টাইটেল হবে “Catch up soon?”, আর লেখা থাকবে “We haven't caught up in a while - can you send some availability over next week?”","['email', 'calendar']"
"আগামী 3 দিনের মধ্যে leila-এর সাথে আমি কি আগেই কোনো মিটিং শিডিউল করে রেখেছি? না করে থাকলে, তাকে 'Catch up soon?' টাইটেল দিয়ে একটা ইমেইল পাঠাও, তাতে লেখো 'We have not caught up in a while - can you send some availability over next week?'","[]","If I don't have any meetings scheduled with {name} in the next {days} days, send them an email titled 'Catch up soon?' saying 'We have not caught up in a while - can you send some availability over next week?'","আগামী {days} দিনের মধ্যে {name}-এর সাথে আমি কি আগেই কোনো মিটিং শিডিউল করে রেখেছি? না করে থাকলে, তাকে 'Catch up soon?' টাইটেল দিয়ে একটা ইমেইল পাঠাও, তাতে লেখো 'We have not caught up in a while - can you send some availability over next week?'","['email', 'calendar']"
"আগামী 4 দিনে akira-এর সাথে আমার কোনো মিটিং শিডিউল করা আছে কিনা, দেখতে হবে। না থাকলে, তাকে 'Catch up soon?' টাইটেল দিয়ে একটা ইমেইল পাঠাও, যেখানে লেখা থাকবে 'We have not caught up in a while - can you send some availability over next week?'","['email.send_email.func(recipient=""akira.sato@atlas.com"", subject=""Catch up soon?"", body=""We have not caught up in a while - can you send some availability over next week?"")']","If I don't have any meetings scheduled with {name} in the next {days} days, send them an email titled 'Catch up soon?' saying 'We have not caught up in a while - can you send some availability over next week?'","আগামী {days} দিনে {name}-এর সাথে আমার কোনো মিটিং শিডিউল করা আছে কিনা, দেখতে হবে। না থাকলে, তাকে 'Catch up soon?' টাইটেল দিয়ে একটা ইমেইল পাঠাও, যেখানে লেখা থাকবে 'We have not caught up in a while - can you send some availability over next week?'","['email', 'calendar']"
"আগামী 2 দিনের মধ্যে carlos-এর সাথে আমি কি আগেই কোনো মিটিং শিডিউল করে রেখেছি? না করে থাকলে, তাকে 'Catch up soon?' টাইটেল দিয়ে একটা ইমেইল পাঠাও, তাতে লেখো 'We have not caught up in a while - can you send some availability over next week?'","['email.send_email.func(recipient=""carlos.rodriguez@atlas.com"", subject=""Catch up soon?"", body=""We have not caught up in a while - can you send some availability over next week?"")']","If I don't have any meetings scheduled with {name} in the next {days} days, send them an email titled 'Catch up soon?' saying 'We have not caught up in a while - can you send some availability over next week?'","আগামী {days} দিনের মধ্যে {name}-এর সাথে আমি কি আগেই কোনো মিটিং শিডিউল করে রেখেছি? না করে থাকলে, তাকে 'Catch up soon?' টাইটেল দিয়ে একটা ইমেইল পাঠাও, তাতে লেখো 'We have not caught up in a while - can you send some availability over next week?'","['email', 'calendar']"
"আগামী 4 দিনে যদি anaya-এর সাথে আমার কোনো মিটিং শিডিউল করা না থাকে, তাহলে তাকে 'Catch up soon?' টাইটেল দিয়ে একটা ইমেইল পাঠাও, তাতে লেখো 'We have not caught up in a while - can you send some availability over next week?'","['email.send_email.func(recipient=""anaya.patel@atlas.com"", subject=""Catch up soon?"", body=""We have not caught up in a while - can you send some availability over next week?"")']","If I don't have any meetings scheduled with {name} in the next {days} days, send them an email titled 'Catch up soon?' saying 'We have not caught up in a while - can you send some availability over next week?'","আগামী {days} দিনে যদি {name}-এর সাথে আমার কোনো মিটিং শিডিউল করা না থাকে, তাহলে তাকে 'Catch up soon?' টাইটেল দিয়ে একটা ইমেইল পাঠাও, তাতে লেখো 'We have not caught up in a while - can you send some availability over next week?'","['email', 'calendar']"
"আগামী 2 দিনের মধ্যে akira-এর সাথে আমি কি আগেই কোনো মিটিং শিডিউল করে রেখেছি? না করে থাকলে, তাকে 'Catch up soon?' টাইটেল দিয়ে একটা ইমেইল পাঠাও, তাতে লেখো 'We have not caught up in a while - can you send some availability over next week?'","['email.send_email.func(recipient=""akira.sato@atlas.com"", subject=""Catch up soon?"", body=""We have not caught up in a while - can you send some availability over next week?"")']","If I don't have any meetings scheduled with {name} in the next {days} days, send them an email titled 'Catch up soon?' saying 'We have not caught up in a while - can you send some availability over next week?'","আগামী {days} দিনের মধ্যে {name}-এর সাথে আমি কি আগেই কোনো মিটিং শিডিউল করে রেখেছি? না করে থাকলে, তাকে 'Catch up soon?' টাইটেল দিয়ে একটা ইমেইল পাঠাও, তাতে লেখো 'We have not caught up in a while - can you send some availability over next week?'","['email', 'calendar']"
"আগামী 2 দিনের মধ্যে lena-এর সাথে আমি কি আগেই কোনো মিটিং শিডিউল করে রেখেছি? না করে থাকলে, তাকে 'Catch up soon?' টাইটেল দিয়ে একটা ইমেইল পাঠাও, তাতে লেখো 'We have not caught up in a while - can you send some availability over next week?'","['email.send_email.func(recipient=""lena.schmidt@atlas.com"", subject=""Catch up soon?"", body=""We have not caught up in a while - can you send some availability over next week?"")']","If I don't have any meetings scheduled with {name} in the next {days} days, send them an email titled 'Catch up soon?' saying 'We have not caught up in a while - can you send some availability over next week?'","আগামী {days} দিনের মধ্যে {name}-এর সাথে আমি কি আগেই কোনো মিটিং শিডিউল করে রেখেছি? না করে থাকলে, তাকে 'Catch up soon?' টাইটেল দিয়ে একটা ইমেইল পাঠাও, তাতে লেখো 'We have not caught up in a while - can you send some availability over next week?'","['email', 'calendar']"
"আগামী 3 দিনে যদি aisha-এর সাথে আমার কোনো মিটিং শিডিউল করা না থাকে, তাহলে তাকে 'Catch up soon?' টাইটেল দিয়ে একটা ইমেইল পাঠাও, তাতে লেখো 'We have not caught up in a while - can you send some availability over next week?'","[]","If I don't have any meetings scheduled with {name} in the next {days} days, send them an email titled 'Catch up soon?' saying 'We have not caught up in a while - can you send some availability over next week?'","আগামী {days} দিনে যদি {name}-এর সাথে আমার কোনো মিটিং শিডিউল করা না থাকে, তাহলে তাকে 'Catch up soon?' টাইটেল দিয়ে একটা ইমেইল পাঠাও, তাতে লেখো 'We have not caught up in a while - can you send some availability over next week?'","['email', 'calendar']"
"আগামী 2 দিনে amir-এর সাথে আমার কোনো মিটিং শিডিউল করা আছে কিনা, দেখতে হবে। না থাকলে, তাকে 'Catch up soon?' টাইটেল দিয়ে একটা ইমেইল পাঠাও, যেখানে লেখা থাকবে 'We have not caught up in a while - can you send some availability over next week?'","[]","If I don't have any meetings scheduled with {name} in the next {days} days, send them an email titled 'Catch up soon?' saying 'We have not caught up in a while - can you send some availability over next week?'","আগামী {days} দিনে {name}-এর সাথে আমার কোনো মিটিং শিডিউল করা আছে কিনা, দেখতে হবে। না থাকলে, তাকে 'Catch up soon?' টাইটেল দিয়ে একটা ইমেইল পাঠাও, যেখানে লেখা থাকবে 'We have not caught up in a while - can you send some availability over next week?'","['email', 'calendar']"
"আগামী 3 দিনের মধ্যে anaya-এর সাথে আমি কি আগেই কোনো মিটিং শিডিউল করে রেখেছি? না করে থাকলে, তাকে 'Catch up soon?' টাইটেল দিয়ে একটা ইমেইল পাঠাও, তাতে লেখো 'We have not caught up in a while - can you send some availability over next week?'","['email.send_email.func(recipient=""anaya.patel@atlas.com"", subject=""Catch up soon?"", body=""We have not caught up in a while - can you send some availability over next week?"")']","If I don't have any meetings scheduled with {name} in the next {days} days, send them an email titled 'Catch up soon?' saying 'We have not caught up in a while - can you send some availability over next week?'","আগামী {days} দিনের মধ্যে {name}-এর সাথে আমি কি আগেই কোনো মিটিং শিডিউল করে রেখেছি? না করে থাকলে, তাকে 'Catch up soon?' টাইটেল দিয়ে একটা ইমেইল পাঠাও, তাতে লেখো 'We have not caught up in a while - can you send some availability over next week?'","['email', 'calendar']"
"আগামী 4 দিনে aisha-এর সাথে আমার কোনো মিটিং শিডিউল করা আছে কিনা, দেখতে হবে। না থাকলে, তাকে 'Catch up soon?' টাইটেল দিয়ে একটা ইমেইল পাঠাও, যেখানে লেখা থাকবে 'We have not caught up in a while - can you send some availability over next week?'","[]","If I don't have any meetings scheduled with {name} in the next {days} days, send them an email titled 'Catch up soon?' saying 'We have not caught up in a while - can you send some availability over next week?'","আগামী {days} দিনে {name}-এর সাথে আমার কোনো মিটিং শিডিউল করা আছে কিনা, দেখতে হবে। না থাকলে, তাকে 'Catch up soon?' টাইটেল দিয়ে একটা ইমেইল পাঠাও, যেখানে লেখা থাকবে 'We have not caught up in a while - can you send some availability over next week?'","['email', 'calendar']"
"মনে হচ্ছে jinsoo-এর কিছু টাস্কের ডেডলাইন পেরিয়ে গেছে। একটু চেক করে দেখবে? সত্যিই তাই হলে, তাকে 'Overdue tasks' টাইটেল দিয়ে একটা ইমেইল পাঠাও, তাতে লেখো 'You have a few overdue tasks - can you update me on them?'। নাহলে তাকে 'Good work this sprint' টাইটেল দিয়ে ইমেইল করো, লেখো 'Nice work keeping on top of your tasks this sprint!'","['email.send_email.func(recipient=""jinsoo.kim@atlas.com"", subject=""Overdue tasks"", body=""You have a few overdue tasks - can you update me on them?"")']","If {name} has any overdue tasks, send them an email titled 'Overdue tasks' saying 'You have a few overdue tasks - can you update me on them?'. Otherwise email them with 'Nice work keeping on top of your tasks this sprint!' titled 'Good work this sprint'","মনে হচ্ছে {name}-এর কিছু টাস্কের ডেডলাইন পেরিয়ে গেছে। একটু চেক করে দেখবে? সত্যিই তাই হলে, তাকে 'Overdue tasks' টাইটেল দিয়ে একটা ইমেইল পাঠাও, তাতে লেখো 'You have a few overdue tasks - can you update me on them?'। নাহলে তাকে 'Good work this sprint' টাইটেল দিয়ে ইমেইল করো, লেখো 'Nice work keeping on top of your tasks this sprint!'","['email', 'project_management']"
"মনে হচ্ছে kofi-এর কিছু টাস্কের ডেডলাইন পেরিয়ে গেছে। একটু চেক করে দেখবে? সত্যিই তাই হলে, তাকে 'Overdue tasks' টাইটেল দিয়ে একটা ইমেইল পাঠাও, তাতে লেখো 'You have a few overdue tasks - can you update me on them?'। নাহলে তাকে 'Good work this sprint' টাইটেল দিয়ে ইমেইল করো, লেখো 'Nice work keeping on top of your tasks this sprint!'","['email.send_email.func(recipient=""kofi.mensah@atlas.com"", subject=""Overdue tasks"", body=""You have a few overdue tasks - can you update me on them?"")']","If {name} has any overdue tasks, send them an email titled 'Overdue tasks' saying 'You have a few overdue tasks - can you update me on them?'. Otherwise email them with 'Nice work keeping on top of your tasks this sprint!' titled 'Good work this sprint'","মনে হচ্ছে {name}-এর কিছু টাস্কের ডেডলাইন পেরিয়ে গেছে। একটু চেক করে দেখবে? সত্যিই তাই হলে, তাকে 'Overdue tasks' টাইটেল দিয়ে একটা ইমেইল পাঠাও, তাতে লেখো 'You have a few overdue tasks - can you update me on them?'। নাহলে তাকে 'Good work this sprint' টাইটেল দিয়ে ইমেইল করো, লেখো 'Nice work keeping on top of your tasks this sprint!'","['email', 'project_management']"
"chenwei-এর যদি ডেডলাইন পেরিয়ে যাওয়া কোনো টাস্ক থাকে, তাহলে তাকে 'Overdue tasks' টাইটেল দিয়ে একটা ইমেইল পাঠাও, তাতে লেখো 'You have a few overdue tasks - can you update me on them?'। না থাকলে তাকে 'Good work this sprint' টাইটেল দিয়ে ইমেইল করো, লেখো 'Nice work keeping on top of your tasks this sprint!'","['email.send_email.func(recipient=""chenwei.zhang@atlas.com"", subject=""Overdue tasks"", body=""You have a few overdue tasks - can you update me on them?"")']","If {name} has any overdue tasks, send them an email titled 'Overdue tasks' saying 'You have a few overdue tasks - can you update me on them?'. Otherwise email them with 'Nice work keeping on top of your tasks this sprint!' titled 'Good work this sprint'","{name}-এর যদি ডেডলাইন পেরিয়ে যাওয়া কোনো টাস্ক থাকে, তাহলে তাকে 'Overdue tasks' টাইটেল দিয়ে একটা ইমেইল পাঠাও, তাতে লেখো 'You have a few overdue tasks - can you update me on them?'। না থাকলে তাকে 'Good work this sprint' টাইটেল দিয়ে ইমেইল করো, লেখো 'Nice work keeping on top of your tasks this sprint!'","['email', 'project_management']"
"carlos-এর ডেডলাইন পেরিয়ে যাওয়া কোনো টাস্ক আছে কিনা দেখে দিতে পারবে? থাকলে, তাকে 'Overdue tasks' টাইটেল দিয়ে একটা ইমেইল পাঠাও, তাতে লেখো 'You have a few overdue tasks - can you update me on them?'। না থাকলে তাকে 'Good work this sprint' টাইটেল দিয়ে ইমেইল করো, লেখো 'Nice work keeping on top of your tasks this sprint!'","['email.send_email.func(recipient=""carlos.rodriguez@atlas.com"", subject=""Good work this sprint"", body=""Nice work keeping on top of your tasks this sprint!"")']","If {name} has any overdue tasks, send them an email titled 'Overdue tasks' saying 'You have a few overdue tasks - can you update me on them?'. Otherwise email them with 'Nice work keeping on top of your tasks this sprint!' titled 'Good work this sprint'","{name}-এর ডেডলাইন পেরিয়ে যাওয়া কোনো টাস্ক আছে কিনা দেখে দিতে পারবে? থাকলে, তাকে 'Overdue tasks' টাইটেল দিয়ে একটা ইমেইল পাঠাও, তাতে লেখো 'You have a few overdue tasks - can you update me on them?'। না থাকলে তাকে 'Good work this sprint' টাইটেল দিয়ে ইমেইল করো, লেখো 'Nice work keeping on top of your tasks this sprint!'","['email', 'project_management']"
"মনে হচ্ছে aisha-এর কিছু টাস্কের ডেডলাইন পেরিয়ে গেছে। একটু চেক করে দেখবে? সত্যিই তাই হলে, তাকে 'Overdue tasks' টাইটেল দিয়ে একটা ইমেইল পাঠাও, তাতে লেখো 'You have a few overdue tasks - can you update me on them?'। নাহলে তাকে 'Good work this sprint' টাইটেল দিয়ে ইমেইল করো, লেখো 'Nice work keeping on top of your tasks this sprint!'","['email.send_email.func(recipient=""aisha.chen@atlas.com"", subject=""Good work this sprint"", body=""Nice work keeping on top of your tasks this sprint!"")']","If {name} has any overdue tasks, send them an email titled 'Overdue tasks' saying 'You have a few overdue tasks - can you update me on them?'. Otherwise email them with 'Nice work keeping on top of your tasks this sprint!' titled 'Good work this sprint'","মনে হচ্ছে {name}-এর কিছু টাস্কের ডেডলাইন পেরিয়ে গেছে। একটু চেক করে দেখবে? সত্যিই তাই হলে, তাকে 'Overdue tasks' টাইটেল দিয়ে একটা ইমেইল পাঠাও, তাতে লেখো 'You have a few overdue tasks - can you update me on them?'। নাহলে তাকে 'Good work this sprint' টাইটেল দিয়ে ইমেইল করো, লেখো 'Nice work keeping on top of your tasks this sprint!'","['email', 'project_management']"
"nia-এর যদি ডেডলাইন পেরিয়ে যাওয়া কোনো টাস্ক থাকে, তাহলে তাকে 'Overdue tasks' টাইটেল দিয়ে একটা ইমেইল পাঠাও, তাতে লেখো 'You have a few overdue tasks - can you update me on them?'। না থাকলে তাকে 'Good work this sprint' টাইটেল দিয়ে ইমেইল করো, লেখো 'Nice work keeping on top of your tasks this sprint!'","['email.send_email.func(recipient=""nia.johnson@atlas.com"", subject=""Good work this sprint"", body=""Nice work keeping on top of your tasks this sprint!"")']","If {name} has any overdue tasks, send them an email titled 'Overdue tasks' saying 'You have a few overdue tasks - can you update me on them?'. Otherwise email them with 'Nice work keeping on top of your tasks this sprint!' titled 'Good work this sprint'","{name}-এর যদি ডেডলাইন পেরিয়ে যাওয়া কোনো টাস্ক থাকে, তাহলে তাকে 'Overdue tasks' টাইটেল দিয়ে একটা ইমেইল পাঠাও, তাতে লেখো 'You have a few overdue tasks - can you update me on them?'। না থাকলে তাকে 'Good work this sprint' টাইটেল দিয়ে ইমেইল করো, লেখো 'Nice work keeping on top of your tasks this sprint!'","['email', 'project_management']"
"মনে হচ্ছে carlos-এর কিছু টাস্কের ডেডলাইন পেরিয়ে গেছে। একটু চেক করে দেখবে? সত্যিই তাই হলে, তাকে 'Overdue tasks' টাইটেল দিয়ে একটা ইমেইল পাঠাও, তাতে লেখো 'You have a few overdue tasks - can you update me on them?'। নাহলে তাকে 'Good work this sprint' টাইটেল দিয়ে ইমেইল করো, লেখো 'Nice work keeping on top of your tasks this sprint!'","['email.send_email.func(recipient=""carlos.rodriguez@atlas.com"", subject=""Good work this sprint"", body=""Nice work keeping on top of your tasks this sprint!"")']","If {name} has any overdue tasks, send them an email titled 'Overdue tasks' saying 'You have a few overdue tasks - can you update me on them?'. Otherwise email them with 'Nice work keeping on top of your tasks this sprint!' titled 'Good work this sprint'","মনে হচ্ছে {name}-এর কিছু টাস্কের ডেডলাইন পেরিয়ে গেছে। একটু চেক করে দেখবে? সত্যিই তাই হলে, তাকে 'Overdue tasks' টাইটেল দিয়ে একটা ইমেইল পাঠাও, তাতে লেখো 'You have a few overdue tasks - can you update me on them?'। নাহলে তাকে 'Good work this sprint' টাইটেল দিয়ে ইমেইল করো, লেখো 'Nice work keeping on top of your tasks this sprint!'","['email', 'project_management']"
"jinsoo-এর ডেডলাইন পেরিয়ে যাওয়া কোনো টাস্ক আছে কিনা দেখে দিতে পারবে? থাকলে, তাকে 'Overdue tasks' টাইটেল দিয়ে একটা ইমেইল পাঠাও, তাতে লেখো 'You have a few overdue tasks - can you update me on them?'। না থাকলে তাকে 'Good work this sprint' টাইটেল দিয়ে ইমেইল করো, লেখো 'Nice work keeping on top of your tasks this sprint!'","['email.send_email.func(recipient=""jinsoo.kim@atlas.com"", subject=""Overdue tasks"", body=""You have a few overdue tasks - can you update me on them?"")']","If {name} has any overdue tasks, send them an email titled 'Overdue tasks' saying 'You have a few overdue tasks - can you update me on them?'. Otherwise email them with 'Nice work keeping on top of your tasks this sprint!' titled 'Good work this sprint'","{name}-এর ডেডলাইন পেরিয়ে যাওয়া কোনো টাস্ক আছে কিনা দেখে দিতে পারবে? থাকলে, তাকে 'Overdue tasks' টাইটেল দিয়ে একটা ইমেইল পাঠাও, তাতে লেখো 'You have a few overdue tasks - can you update me on them?'। না থাকলে তাকে 'Good work this sprint' টাইটেল দিয়ে ইমেইল করো, লেখো 'Nice work keeping on top of your tasks this sprint!'","['email', 'project_management']"
"anaya-এর ডেডলাইন পেরিয়ে যাওয়া কোনো টাস্ক আছে কিনা দেখে দিতে পারবে? থাকলে, তাকে 'Overdue tasks' টাইটেল দিয়ে একটা ইমেইল পাঠাও, তাতে লেখো 'You have a few overdue tasks - can you update me on them?'। না থাকলে তাকে 'Good work this sprint' টাইটেল দিয়ে ইমেইল করো, লেখো 'Nice work keeping on top of your tasks this sprint!'","['email.send_email.func(recipient=""anaya.patel@atlas.com"", subject=""Overdue tasks"", body=""You have a few overdue tasks - can you update me on them?"")']","If {name} has any overdue tasks, send them an email titled 'Overdue tasks' saying 'You have a few overdue tasks - can you update me on them?'. Otherwise email them with 'Nice work keeping on top of your tasks this sprint!' titled 'Good work this sprint'","{name}-এর ডেডলাইন পেরিয়ে যাওয়া কোনো টাস্ক আছে কিনা দেখে দিতে পারবে? থাকলে, তাকে 'Overdue tasks' টাইটেল দিয়ে একটা ইমেইল পাঠাও, তাতে লেখো 'You have a few overdue tasks - can you update me on them?'। না থাকলে তাকে 'Good work this sprint' টাইটেল দিয়ে ইমেইল করো, লেখো 'Nice work keeping on top of your tasks this sprint!'","['email', 'project_management']"
"olga-এর যদি ডেডলাইন পেরিয়ে যাওয়া কোনো টাস্ক থাকে, তাহলে তাকে 'Overdue tasks' টাইটেল দিয়ে একটা ইমেইল পাঠাও, তাতে লেখো 'You have a few overdue tasks - can you update me on them?'। না থাকলে তাকে 'Good work this sprint' টাইটেল দিয়ে ইমেইল করো, লেখো 'Nice work keeping on top of your tasks this sprint!'","['email.send_email.func(recipient=""olga.petrova@atlas.com"", subject=""Overdue tasks"", body=""You have a few overdue tasks - can you update me on them?"")']","If {name} has any overdue tasks, send them an email titled 'Overdue tasks' saying 'You have a few overdue tasks - can you update me on them?'. Otherwise email them with 'Nice work keeping on top of your tasks this sprint!' titled 'Good work this sprint'","{name}-এর যদি ডেডলাইন পেরিয়ে যাওয়া কোনো টাস্ক থাকে, তাহলে তাকে 'Overdue tasks' টাইটেল দিয়ে একটা ইমেইল পাঠাও, তাতে লেখো 'You have a few overdue tasks - can you update me on them?'। না থাকলে তাকে 'Good work this sprint' টাইটেল দিয়ে ইমেইল করো, লেখো 'Nice work keeping on top of your tasks this sprint!'","['email', 'project_management']"
"আমার মনে হয় jinsoo-এর কিছু ওভারডিউ টাস্ক থাকতে পারে। একটু চেক করে দেখো, থাকলে কাল আমি সবচেয়ে আগে যখন ফ্রি থাকব তখন তার সাথে 'Catch up on overdue tasks' নামে আধা ঘণ্টার একটা মিটিং বুক করো","['calendar.create_event.func(event_name=""Catch up on overdue tasks"", participant_email=""jinsoo.kim@atlas.com"", event_start=""2023-12-01 13:00:00"", duration=""30"")']","Book a half-hour meeting with {name} called 'Catch up on overdue tasks' at the earliest time I'm free tomorrowif they have any overdue tasks","আমার মনে হয় {name}-এর কিছু ওভারডিউ টাস্ক থাকতে পারে। একটু চেক করে দেখো, থাকলে কাল আমি সবচেয়ে আগে যখন ফ্রি থাকব তখন তার সাথে 'Catch up on overdue tasks' নামে আধা ঘণ্টার একটা মিটিং বুক করো","['calendar', 'project_management']"
"fatima-এর কোনো ওভারডিউ টাস্ক আছে কি না একটু দেখবে? থাকলে কাল আমার সবচেয়ে আগের ফাঁকা সময়ে তার সাথে 'Catch up on overdue tasks' নামে 30 মিনিটের একটা মিটিং বুক করো","[]","Book a half-hour meeting with {name} called 'Catch up on overdue tasks' at the earliest time I'm free tomorrowif they have any overdue tasks","{name}-এর কোনো ওভারডিউ টাস্ক আছে কি না একটু দেখবে? থাকলে কাল আমার সবচেয়ে আগের ফাঁকা সময়ে তার সাথে 'Catch up on overdue tasks' নামে 30 মিনিটের একটা মিটিং বুক করো","['calendar', 'project_management']"
"আমার মনে হয় leila-এর কিছু ওভারডিউ টাস্ক থাকতে পারে। একটু চেক করে দেখো, থাকলে কাল আমি সবচেয়ে আগে যখন ফ্রি থাকব তখন তার সাথে 'Catch up on overdue tasks' নামে আধা ঘণ্টার একটা মিটিং বুক করো","['calendar.create_event.func(event_name=""Catch up on overdue tasks"", participant_email=""leila.azizi@atlas.com"", event_start=""2023-12-01 13:00:00"", duration=""30"")']","Book a half-hour meeting with {name} called 'Catch up on overdue tasks' at the earliest time I'm free tomorrowif they have any overdue tasks","আমার মনে হয় {name}-এর কিছু ওভারডিউ টাস্ক থাকতে পারে। একটু চেক করে দেখো, থাকলে কাল আমি সবচেয়ে আগে যখন ফ্রি থাকব তখন তার সাথে 'Catch up on overdue tasks' নামে আধা ঘণ্টার একটা মিটিং বুক করো","['calendar', 'project_management']"
"কাল আমার সবচেয়ে আগের ফাঁকা সময়ে jinsoo-এর সাথে 'Catch up on overdue tasks' নামে আধা ঘণ্টার একটা মিটিং বুক করো, যদি তার কোনো ওভারডিউ টাস্ক থাকে","['calendar.create_event.func(event_name=""Catch up on overdue tasks"", participant_email=""jinsoo.kim@atlas.com"", event_start=""2023-12-01 13:00:00"", duration=""30"")']","Book a half-hour meeting with {name} called 'Catch up on overdue tasks' at the earliest time I'm free tomorrowif they have any overdue tasks","কাল আমার সবচেয়ে আগের ফাঁকা সময়ে {name}-এর সাথে 'Catch up on overdue tasks' নামে আধা ঘণ্টার একটা মিটিং বুক করো, যদি তার কোনো ওভারডিউ টাস্ক থাকে","['calendar', 'project_management']"
"আমার মনে হয় olga-এর কিছু ওভারডিউ টাস্ক থাকতে পারে। একটু চেক করে দেখো, থাকলে কাল আমি সবচেয়ে আগে যখন ফ্রি থাকব তখন তার সাথে 'Catch up on overdue tasks' নামে আধা ঘণ্টার একটা মিটিং বুক করো","['calendar.create_event.func(event_name=""Catch up on overdue tasks"", participant_email=""olga.petrova@atlas.com"", event_start=""2023-12-01 13:00:00"", duration=""30"")']","Book a half-hour meeting with {name} called 'Catch up on overdue tasks' at the earliest time I'm free tomorrowif they have any overdue tasks","আমার মনে হয় {name}-এর কিছু ওভারডিউ টাস্ক থাকতে পারে। একটু চেক করে দেখো, থাকলে কাল আমি সবচেয়ে আগে যখন ফ্রি থাকব তখন তার সাথে 'Catch up on overdue tasks' নামে আধা ঘণ্টার একটা মিটিং বুক করো","['calendar', 'project_management']"
"আমার মনে হয় dmitri-এর কিছু ওভারডিউ টাস্ক থাকতে পারে। একটু চেক করে দেখো, থাকলে কাল আমি সবচেয়ে আগে যখন ফ্রি থাকব তখন তার সাথে 'Catch up on overdue tasks' নামে আধা ঘণ্টার একটা মিটিং বুক করো","[]","Book a half-hour meeting with {name} called 'Catch up on overdue tasks' at the earliest time I'm free tomorrowif they have any overdue tasks","আমার মনে হয় {name}-এর কিছু ওভারডিউ টাস্ক থাকতে পারে। একটু চেক করে দেখো, থাকলে কাল আমি সবচেয়ে আগে যখন ফ্রি থাকব তখন তার সাথে 'Catch up on overdue tasks' নামে আধা ঘণ্টার একটা মিটিং বুক করো","['calendar', 'project_management']"
"আমার মনে হয় anaya-এর কিছু ওভারডিউ টাস্ক থাকতে পারে। একটু চেক করে দেখো, থাকলে কাল আমি সবচেয়ে আগে যখন ফ্রি থাকব তখন তার সাথে 'Catch up on overdue tasks' নামে আধা ঘণ্টার একটা মিটিং বুক করো","['calendar.create_event.func(event_name=""Catch up on overdue tasks"", participant_email=""anaya.patel@atlas.com"", event_start=""2023-12-01 13:00:00"", duration=""30"")']","Book a half-hour meeting with {name} called 'Catch up on overdue tasks' at the earliest time I'm free tomorrowif they have any overdue tasks","আমার মনে হয় {name}-এর কিছু ওভারডিউ টাস্ক থাকতে পারে। একটু চেক করে দেখো, থাকলে কাল আমি সবচেয়ে আগে যখন ফ্রি থাকব তখন তার সাথে 'Catch up on overdue tasks' নামে আধা ঘণ্টার একটা মিটিং বুক করো","['calendar', 'project_management']"
"কাল আমার সবচেয়ে আগের ফাঁকা সময়ে dmitri-এর সাথে 'Catch up on overdue tasks' নামে আধা ঘণ্টার একটা মিটিং বুক করো, যদি তার কোনো ওভারডিউ টাস্ক থাকে","[]","Book a half-hour meeting with {name} called 'Catch up on overdue tasks' at the earliest time I'm free tomorrowif they have any overdue tasks","কাল আমার সবচেয়ে আগের ফাঁকা সময়ে {name}-এর সাথে 'Catch up on overdue tasks' নামে আধা ঘণ্টার একটা মিটিং বুক করো, যদি তার কোনো ওভারডিউ টাস্ক থাকে","['calendar', 'project_management']"
"chenwei-এর কোনো ওভারডিউ টাস্ক আছে কি না একটু দেখবে? থাকলে কাল আমার সবচেয়ে আগের ফাঁকা সময়ে তার সাথে 'Catch up on overdue tasks' নামে 30 মিনিটের একটা মিটিং বুক করো","['calendar.create_event.func(event_name=""Catch up on overdue tasks"", participant_email=""chenwei.zhang@atlas.com"", event_start=""2023-12-01 13:00:00"", duration=""30"")']","Book a half-hour meeting with {name} called 'Catch up on overdue tasks' at the earliest time I'm free tomorrowif they have any overdue tasks","{name}-এর কোনো ওভারডিউ টাস্ক আছে কি না একটু দেখবে? থাকলে কাল আমার সবচেয়ে আগের ফাঁকা সময়ে তার সাথে 'Catch up on overdue tasks' নামে 30 মিনিটের একটা মিটিং বুক করো","['calendar', 'project_management']"
"আমার মনে হয় carlos-এর কিছু ওভারডিউ টাস্ক থাকতে পারে। একটু চেক করে দেখো, থাকলে কাল আমি সবচেয়ে আগে যখন ফ্রি থাকব তখন তার সাথে 'Catch up on overdue tasks' নামে আধা ঘণ্টার একটা মিটিং বুক করো","[]","Book a half-hour meeting with {name} called 'Catch up on overdue tasks' at the earliest time I'm free tomorrowif they have any overdue tasks","আমার মনে হয় {name}-এর কিছু ওভারডিউ টাস্ক থাকতে পারে। একটু চেক করে দেখো, থাকলে কাল আমি সবচেয়ে আগে যখন ফ্রি থাকব তখন তার সাথে 'Catch up on overdue tasks' নামে আধা ঘণ্টার একটা মিটিং বুক করো","['calendar', 'project_management']"
"26 নভেম্বর থেকে এখন পর্যন্ত কোনো সময় এনগেজড ইউজার 11-এর চেয়ে কম হয়েছিল কি না একটু দেখবে? হয়ে থাকলে luis.ortiz@atlas.com ঠিকানায় 'Update on engaged users' সাবজেক্টে একটা ইমেইল পাঠাও, তাতে লেখো 'I noticed engaged users was less than 11 - can you update me?'","['email.send_email.func(recipient=""luis.ortiz@atlas.com"", subject=""Update on engaged users"", body=""I noticed engaged users was less than 11 - can you update me?"")']","If {natural_language_metric} was {more_or_less} than {threshold} at any time since {natural_language_date} send an email to {sender} titled 'Update on {natural_language_metric}' saying 'I noticed {natural_language_metric} was {more_or_less} than {threshold} - can you update me?'","{natural_language_date} থেকে এখন পর্যন্ত কোনো সময় {natural_language_metric} {threshold}-এর চেয়ে {more_or_less} হয়েছিল কি না একটু দেখবে? হয়ে থাকলে {sender} ঠিকানায় 'Update on {natural_language_metric!en}' সাবজেক্টে একটা ইমেইল পাঠাও, তাতে লেখো 'I noticed {natural_language_metric!en} was {more_or_less!en} than {threshold} - can you update me?'","['analytics', 'email']"
"20 সেপ্টেম্বর থেকে এখন পর্যন্ত কোনো সময় গড় সেশনের সময়কাল 41-এর চেয়ে কম হয়েছিল কি না একটু দেখবে? হয়ে থাকলে carlos.rodriguez@atlas.com ঠিকানায় 'Update on average session duration' সাবজেক্টে একটা ইমেইল পাঠাও, তাতে লেখো 'I noticed average session duration was less than 41 - can you update me?'","['email.send_email.func(recipient=""carlos.rodriguez@atlas.com"", subject=""Update on average session duration"", body=""I noticed average session duration was less than 41 - can you update me?"")']","If {natural_language_metric} was {more_or_less} than {threshold} at any time since {natural_language_date} send an email to {sender} titled 'Update on {natural_language_metric}' saying 'I noticed {natural_language_metric} was {more_or_less} than {threshold} - can you update me?'","{natural_language_date} থেকে এখন পর্যন্ত কোনো সময় {natural_language_metric} {threshold}-এর চেয়ে {more_or_less} হয়েছিল কি না একটু দেখবে? হয়ে থাকলে {sender} ঠিকানায় 'Update on {natural_language_metric!en}' সাবজেক্টে একটা ইমেইল পাঠাও, তাতে লেখো 'I noticed {natural_language_metric!en} was {more_or_less!en} than {threshold} - can you update me?'","['analytics', 'email']"
"15 সেপ্টেম্বর থেকে এখন পর্যন্ত কোনো সময় এনগেজড ইউজার 11-এর চেয়ে বেশি হয়েছিল কি না একটু দেখবে? হয়ে থাকলে yuki.tanaka@atlas.com ঠিকানায় 'Update on engaged users' সাবজেক্টে একটা ইমেইল পাঠাও, তাতে লেখো 'I noticed engaged users was more than 11 - can you update me?'","[]","If {natural_language_metric} was {more_or_less} than {threshold} at any time since {natural_language_date} send an email to {sender} titled 'Update on {natural_language_metric}' saying 'I noticed {natural_language_metric} was {more_or_less} than {threshold} - can you update me?'","{natural_language_date} থেকে এখন পর্যন্ত কোনো সময় {natural_language_metric} {threshold}-এর চেয়ে {more_or_less} হয়েছিল কি না একটু দেখবে? হয়ে থাকলে {sender} ঠিকানায় 'Update on {natural_language_metric!en}' সাবজেক্টে একটা ইমেইল পাঠাও, তাতে লেখো 'I noticed {natural_language_metric!en} was {more_or_less!en} than {threshold} - can you update me?'","['analytics', 'email']"
"7 নভেম্বর থেকে এখন পর্যন্ত কোনো সময় গড় সেশনের সময়কাল 19-এর চেয়ে বেশি হয়েছিল কি না একটু দেখবে? হয়ে থাকলে amir.ali@atlas.com ঠিকানায় 'Update on average session duration' সাবজেক্টে একটা ইমেইল পাঠাও, তাতে লেখো 'I noticed average session duration was more than 19 - can you update me?'","['email.send_email.func(recipient=""amir.ali@atlas.com"", subject=""Update on average session duration"", body=""I noticed average session duration was more than 19 - can you update me?"")']","If {natural_language_metric} was {more_or_less} than {threshold} at any time since {natural_language_date} send an email to {sender} titled 'Update on {natural_language_metric}' saying 'I noticed {natural_language_metric} was {more_or_less} than {threshold} - can you update me?'","{natural_language_date} থেকে এখন পর্যন্ত কোনো সময় {natural_language_metric} {threshold}-এর চেয়ে {more_or_less} হয়েছিল কি না একটু দেখবে? হয়ে থাকলে {sender} ঠিকানায় 'Update on {natural_language_metric!en}' সাবজেক্টে একটা ইমেইল পাঠাও, তাতে লেখো 'I noticed {natural_language_metric!en} was {more_or_less!en} than {threshold} - can you update me?'","['analytics', 'email']"
"1 নভেম্বর থেকে এখন পর্যন্ত কোনো সময় এনগেজড ইউজার 5-এর চেয়ে বেশি হয়েছিল কি না একটু দেখবে? হয়ে থাকলে leila.azizi@atlas.com ঠিকানায় 'Update on engaged users' সাবজেক্টে একটা ইমেইল পাঠাও, তাতে লেখো 'I noticed engaged users was more than 5 - can you update me?'","['email.send_email.func(recipient=""leila.azizi@atlas.com"", subject=""Update on engaged users"", body=""I noticed engaged users was more than 5 - can you update me?"")']","If {natural_language_metric} was {more_or_less} than {threshold} at any time since {natural_language_date} send an email to {sender} titled 'Update on {natural_language_metric}' saying 'I noticed {natural_language_metric} was {more_or_less} than {threshold} - can you update me?'","{natural_language_date} থেকে এখন পর্যন্ত কোনো সময় {natural_language_metric} {threshold}-এর চেয়ে {more_or_less} হয়েছিল কি না একটু দেখবে? হয়ে থাকলে {sender} ঠিকানায় 'Update on {natural_language_metric!en}' সাবজেক্টে একটা ইমেইল পাঠাও, তাতে লেখো 'I noticed {natural_language_metric!en} was {more_or_less!en} than {threshold} - can you update me?'","['analytics', 'email']"
"16 সেপ্টেম্বর থেকে এখন পর্যন্ত কোনো সময় যদি মোট ভিজিট 3-এর চেয়ে কম হয়ে থাকে, তাহলে nadia.moreau@atlas.com ঠিকানায় 'Update on total visits' সাবজেক্ট দিয়ে একটা ইমেইল পাঠাও, যেখানে লেখা থাকবে 'I noticed total visits was less than 3 - can you update me?'","[]","If {natural_language_metric} was {more_or_less} than {threshold} at any time since {natural_language_date} send an email to {sender} titled 'Update on {natural_language_metric}' saying 'I noticed {natural_language_metric} was {more_or_less} than {threshold} - can you update me?'","{natural_language_date} থেকে এখন পর্যন্ত কোনো সময় যদি {natural_language_metric} {threshold}-এর চেয়ে {more_or_less} হয়ে থাকে, তাহলে {sender} ঠিকানায় 'Update on {natural_language_metric!en}' সাবজেক্ট দিয়ে একটা ইমেইল পাঠাও, যেখানে লেখা থাকবে 'I noticed {natural_language_metric!en} was {more_or_less!en} than {threshold} - can you update me?'","['analytics', 'email']"
"17 অক্টোবর থেকে এখন পর্যন্ত কোনো সময় যদি গড় সেশনের সময়কাল 41-এর চেয়ে কম হয়ে থাকে, তাহলে jinsoo.kim@atlas.com ঠিকানায় 'Update on average session duration' সাবজেক্ট দিয়ে একটা ইমেইল পাঠাও, যেখানে লেখা থাকবে 'I noticed average session duration was less than 41 - can you update me?'","['email.send_email.func(recipient=""jinsoo.kim@atlas.com"", subject=""Update on average session duration"", body=""I noticed average session duration was less than 41 - can you update me?"")']","If {natural_language_metric} was {more_or_less} than {threshold} at any time since {natural_language_date} send an email to {sender} titled 'Update on {natural_language_metric}' saying 'I noticed {natural_language_metric} was {more_or_less} than {threshold} - can you update me?'","{natural_language_date} থেকে এখন পর্যন্ত কোনো সময় যদি {natural_language_metric} {threshold}-এর চেয়ে {more_or_less} হয়ে থাকে, তাহলে {sender} ঠিকানায় 'Update on {natural_language_metric!en}' সাবজেক্ট দিয়ে একটা ইমেইল পাঠাও, যেখানে লেখা থাকবে 'I noticed {natural_language_metric!en} was {more_or_less!en} than {threshold} - can you update me?'","['analytics', 'email']"
"আমার মনে হয় এনগেজড ইউজার 1-এর চেয়ে বেশি হয়ে থাকতে পারে। 7 সেপ্টেম্বর থেকে এখন পর্যন্ত কোনো সময় যদি সেটা হয়ে থাকে, তাহলে amir.ali@atlas.com ঠিকানায় একটা ইমেইল পাঠাতে পারবে? সাবজেক্ট হবে 'Update on engaged users' আর ইমেইলে লেখা থাকবে 'I noticed engaged users was more than 1 - can you update me?'","['email.send_email.func(recipient=""amir.ali@atlas.com"", subject=""Update on engaged users"", body=""I noticed engaged users was more than 1 - can you update me?"")']","If {natural_language_metric} was {more_or_less} than {threshold} at any time since {natural_language_date} send an email to {sender} titled 'Update on {natural_language_metric}' saying 'I noticed {natural_language_metric} was {more_or_less} than {threshold} - can you update me?'","আমার মনে হয় {natural_language_metric} {threshold}-এর চেয়ে {more_or_less} হয়ে থাকতে পারে। {natural_language_date} থেকে এখন পর্যন্ত কোনো সময় যদি সেটা হয়ে থাকে, তাহলে {sender} ঠিকানায় একটা ইমেইল পাঠাতে পারবে? সাবজেক্ট হবে 'Update on {natural_language_metric!en}' আর ইমেইলে লেখা থাকবে 'I noticed {natural_language_metric!en} was {more_or_less!en} than {threshold} - can you update me?'","['analytics', 'email']"
"4 অক্টোবর থেকে এখন পর্যন্ত কোনো সময় গড় সেশনের সময়কাল 41-এর চেয়ে কম হয়েছিল কি না একটু দেখবে? হয়ে থাকলে lena.schmidt@atlas.com ঠিকানায় 'Update on average session duration' সাবজেক্টে একটা ইমেইল পাঠাও, তাতে লেখো 'I noticed average session duration was less than 41 - can you update me?'","['email.send_email.func(recipient=""lena.schmidt@atlas.com"", subject=""Update on average session duration"", body=""I noticed average session duration was less than 41 - can you update me?"")']","If {natural_language_metric} was {more_or_less} than {threshold} at any time since {natural_language_date} send an email to {sender} titled 'Update on {natural_language_metric}' saying 'I noticed {natural_language_metric} was {more_or_less} than {threshold} - can you update me?'","{natural_language_date} থেকে এখন পর্যন্ত কোনো সময় {natural_language_metric} {threshold}-এর চেয়ে {more_or_less} হয়েছিল কি না একটু দেখবে? হয়ে থাকলে {sender} ঠিকানায় 'Update on {natural_language_metric!en}' সাবজেক্টে একটা ইমেইল পাঠাও, তাতে লেখো 'I noticed {natural_language_metric!en} was {more_or_less!en} than {threshold} - can you update me?'","['analytics', 'email']"
"23 অক্টোবর থেকে এখন পর্যন্ত কোনো সময় এনগেজড ইউজার 5-এর চেয়ে বেশি হয়েছিল কি না একটু দেখবে? হয়ে থাকলে nia.johnson@atlas.com ঠিকানায় 'Update on engaged users' সাবজেক্টে একটা ইমেইল পাঠাও, তাতে লেখো 'I noticed engaged users was more than 5 - can you update me?'","['email.send_email.func(recipient=""nia.johnson@atlas.com"", subject=""Update on engaged users"", body=""I noticed engaged users was more than 5 - can you update me?"")']","If {natural_language_metric} was {more_or_less} than {threshold} at any time since {natural_language_date} send an email to {sender} titled 'Update on {natural_language_metric}' saying 'I noticed {natural_language_metric} was {more_or_less} than {threshold} - can you update me?'","{natural_language_date} থেকে এখন পর্যন্ত কোনো সময় {natural_language_metric} {threshold}-এর চেয়ে {more_or_less} হয়েছিল কি না একটু দেখবে? হয়ে থাকলে {sender} ঠিকানায় 'Update on {natural_language_metric!en}' সাবজেক্টে একটা ইমেইল পাঠাও, তাতে লেখো 'I noticed {natural_language_metric!en} was {more_or_less!en} than {threshold} - can you update me?'","['analytics', 'email']"
"8 অক্টোবর থেকে এখন পর্যন্ত কোনো সময় যদি গড় সেশনের সময়কাল 41-এর চেয়ে বেশি হয়ে থাকে, তাহলে কাল আমার সবচেয়ে আগের ফাঁকা সময়ে luis-এর সাথে 'Discuss average session duration' নামে আধা ঘণ্টার একটা মিটিং শিডিউল করো","['calendar.create_event.func(event_name=""Discuss average session duration"", participant_email=""luis.ortiz@atlas.com"", event_start=""2023-12-01 13:00:00"", duration=""30"")']","If {natural_language_metric} was {more_or_less} than {threshold} at any time since {natural_language_date} schedule a half-hour meeting called 'Discuss {natural_language_metric}' with {sender_name} at the earliest time I'm free tomorrow","{natural_language_date} থেকে এখন পর্যন্ত কোনো সময় যদি {natural_language_metric} {threshold}-এর চেয়ে {more_or_less} হয়ে থাকে, তাহলে কাল আমার সবচেয়ে আগের ফাঁকা সময়ে {sender_name}-এর সাথে 'Discuss {natural_language_metric!en}' নামে আধা ঘণ্টার একটা মিটিং শিডিউল করো","['analytics', 'calendar']"
"আমার মনে হয় 8 সেপ্টেম্বর থেকে এখন পর্যন্ত কোনো এক সময় গড় সেশনের সময়কাল 41-এর চেয়ে বেশি হয়ে থাকতে পারে। একটু চেক করে দেখো, হয়ে থাকলে কাল আমি সবচেয়ে আগে যখন ফ্রি থাকব তখন luis-এর সাথে 'Discuss average session duration' নামে আধা ঘণ্টার একটা মিটিং শিডিউল করো","['calendar.create_event.func(event_name=""Discuss average session duration"", participant_email=""luis.ortiz@atlas.com"", event_start=""2023-12-01 13:00:00"", duration=""30"")']","If {natural_language_metric} was {more_or_less} than {threshold} at any time since {natural_language_date} schedule a half-hour meeting called 'Discuss {natural_language_metric}' with {sender_name} at the earliest time I'm free tomorrow","আমার মনে হয় {natural_language_date} থেকে এখন পর্যন্ত কোনো এক সময় {natural_language_metric} {threshold}-এর চেয়ে {more_or_less} হয়ে থাকতে পারে। একটু চেক করে দেখো, হয়ে থাকলে কাল আমি সবচেয়ে আগে যখন ফ্রি থাকব তখন {sender_name}-এর সাথে 'Discuss {natural_language_metric!en}' নামে আধা ঘণ্টার একটা মিটিং শিডিউল করো","['analytics', 'calendar']"
"আমার মনে হয় 24 সেপ্টেম্বর থেকে এখন পর্যন্ত কোনো এক সময় মোট ভিজিট 10-এর চেয়ে কম হয়ে থাকতে পারে। একটু চেক করে দেখো, হয়ে থাকলে কাল আমি সবচেয়ে আগে যখন ফ্রি থাকব তখন lena-এর সাথে 'Discuss total visits' নামে আধা ঘণ্টার একটা মিটিং শিডিউল করো","['calendar.create_event.func(event_name=""Discuss total visits"", participant_email=""lena.schmidt@atlas.com"", event_start=""2023-12-01 13:00:00"", duration=""30"")']","If {natural_language_metric} was {more_or_less} than {threshold} at any time since {natural_language_date} schedule a half-hour meeting called 'Discuss {natural_language_metric}' with {sender_name} at the earliest time I'm free tomorrow","আমার মনে হয় {natural_language_date} থেকে এখন পর্যন্ত কোনো এক সময় {natural_language_metric} {threshold}-এর চেয়ে {more_or_less} হয়ে থাকতে পারে। একটু চেক করে দেখো, হয়ে থাকলে কাল আমি সবচেয়ে আগে যখন ফ্রি থাকব তখন {sender_name}-এর সাথে 'Discuss {natural_language_metric!en}' নামে আধা ঘণ্টার একটা মিটিং শিডিউল করো","['analytics', 'calendar']"
"3 সেপ্টেম্বর থেকে এখন পর্যন্ত কোনো সময় এনগেজড ইউজার 5-এর চেয়ে কম হয়েছিল কি না একটু দেখবে? হয়ে থাকলে কাল আমার সবচেয়ে আগের ফাঁকা সময়ে leila-এর সাথে 'Discuss engaged users' নামে 30 মিনিটের একটা মিটিং শিডিউল করো","['calendar.create_event.func(event_name=""Discuss engaged users"", participant_email=""leila.azizi@atlas.com"", event_start=""2023-12-01 13:00:00"", duration=""30"")']","If {natural_language_metric} was {more_or_less} than {threshold} at any time since {natural_language_date} schedule a half-hour meeting called 'Discuss {natural_language_metric}' with {sender_name} at the earliest time I'm free tomorrow","{natural_language_date} থেকে এখন পর্যন্ত কোনো সময় {natural_language_metric} {threshold}-এর চেয়ে {more_or_less} হয়েছিল কি না একটু দেখবে? হয়ে থাকলে কাল আমার সবচেয়ে আগের ফাঁকা সময়ে {sender_name}-এর সাথে 'Discuss {natural_language_metric!en}' নামে 30 মিনিটের একটা মিটিং শিডিউল করো","['analytics', 'calendar']"
"9 নভেম্বর থেকে এখন পর্যন্ত কোনো সময় এনগেজড ইউজার 5-এর চেয়ে কম হয়েছিল কি না একটু দেখবে? হয়ে থাকলে কাল আমার সবচেয়ে আগের ফাঁকা সময়ে santiago-এর সাথে 'Discuss engaged users' নামে 30 মিনিটের একটা মিটিং শিডিউল করো","['calendar.create_event.func(event_name=""Discuss engaged users"", participant_email=""santiago.martinez@atlas.com"", event_start=""2023-12-01 13:00:00"", duration=""30"")']","If {natural_language_metric} was {more_or_less} than {threshold} at any time since {natural_language_date} schedule a half-hour meeting called 'Discuss {natural_language_metric}' with {sender_name} at the earliest time I'm free tomorrow","{natural_language_date} থেকে এখন পর্যন্ত কোনো সময় {natural_language_metric} {threshold}-এর চেয়ে {more_or_less} হয়েছিল কি না একটু দেখবে? হয়ে থাকলে কাল আমার সবচেয়ে আগের ফাঁকা সময়ে {sender_name}-এর সাথে 'Discuss {natural_language_metric!en}' নামে 30 মিনিটের একটা মিটিং শিডিউল করো","['analytics', 'calendar']"
"1 নভেম্বর থেকে এখন পর্যন্ত কোনো সময় গড় সেশনের সময়কাল 41-এর চেয়ে বেশি হয়েছিল কি না একটু দেখবে? হয়ে থাকলে কাল আমার সবচেয়ে আগের ফাঁকা সময়ে aisha-এর সাথে 'Discuss average session duration' নামে 30 মিনিটের একটা মিটিং শিডিউল করো","['calendar.create_event.func(event_name=""Discuss average session duration"", participant_email=""aisha.chen@atlas.com"", event_start=""2023-12-01 13:00:00"", duration=""30"")']","If {natural_language_metric} was {more_or_less} than {threshold} at any time since {natural_language_date} schedule a half-hour meeting called 'Discuss {natural_language_metric}' with {sender_name} at the earliest time I'm free tomorrow","{natural_language_date} থেকে এখন পর্যন্ত কোনো সময় {natural_language_metric} {threshold}-এর চেয়ে {more_or_less} হয়েছিল কি না একটু দেখবে? হয়ে থাকলে কাল আমার সবচেয়ে আগের ফাঁকা সময়ে {sender_name}-এর সাথে 'Discuss {natural_language_metric!en}' নামে 30 মিনিটের একটা মিটিং শিডিউল করো","['analytics', 'calendar']"
"আমার মনে হয় 25 নভেম্বর থেকে এখন পর্যন্ত কোনো এক সময় গড় সেশনের সময়কাল 2-এর চেয়ে বেশি হয়ে থাকতে পারে। একটু চেক করে দেখো, হয়ে থাকলে কাল আমি সবচেয়ে আগে যখন ফ্রি থাকব তখন anaya-এর সাথে 'Discuss average session duration' নামে আধা ঘণ্টার একটা মিটিং শিডিউল করো","['calendar.create_event.func(event_name=""Discuss average session duration"", participant_email=""anaya.patel@atlas.com"", event_start=""2023-12-01 13:00:00"", duration=""30"")']","If {natural_language_metric} was {more_or_less} than {threshold} at any time since {natural_language_date} schedule a half-hour meeting called 'Discuss {natural_language_metric}' with {sender_name} at the earliest time I'm free tomorrow","আমার মনে হয় {natural_language_date} থেকে এখন পর্যন্ত কোনো এক সময় {natural_language_metric} {threshold}-এর চেয়ে {more_or_less} হয়ে থাকতে পারে। একটু চেক করে দেখো, হয়ে থাকলে কাল আমি সবচেয়ে আগে যখন ফ্রি থাকব তখন {sender_name}-এর সাথে 'Discuss {natural_language_metric!en}' নামে আধা ঘণ্টার একটা মিটিং শিডিউল করো","['analytics', 'calendar']"
"আমার মনে হয় 19 নভেম্বর থেকে এখন পর্যন্ত কোনো এক সময় মোট ভিজিট 3-এর চেয়ে বেশি হয়ে থাকতে পারে। একটু চেক করে দেখো, হয়ে থাকলে কাল আমি সবচেয়ে আগে যখন ফ্রি থাকব তখন raj-এর সাথে 'Discuss total visits' নামে আধা ঘণ্টার একটা মিটিং শিডিউল করো","['calendar.create_event.func(event_name=""Discuss total visits"", participant_email=""raj.patel@atlas.com"", event_start=""2023-12-01 13:00:00"", duration=""30"")']","If {natural_language_metric} was {more_or_less} than {threshold} at any time since {natural_language_date} schedule a half-hour meeting called 'Discuss {natural_language_metric}' with {sender_name} at the earliest time I'm free tomorrow","আমার মনে হয় {natural_language_date} থেকে এখন পর্যন্ত কোনো এক সময় {natural_language_metric} {threshold}-এর চেয়ে {more_or_less} হয়ে থাকতে পারে। একটু চেক করে দেখো, হয়ে থাকলে কাল আমি সবচেয়ে আগে যখন ফ্রি থাকব তখন {sender_name}-এর সাথে 'Discuss {natural_language_metric!en}' নামে আধা ঘণ্টার একটা মিটিং শিডিউল করো","['analytics', 'calendar']"
"24 সেপ্টেম্বর থেকে এখন পর্যন্ত কোনো সময় গড় সেশনের সময়কাল 19-এর চেয়ে বেশি হয়েছিল কি না একটু দেখবে? হয়ে থাকলে কাল আমার সবচেয়ে আগের ফাঁকা সময়ে chenwei-এর সাথে 'Discuss average session duration' নামে 30 মিনিটের একটা মিটিং শিডিউল করো","['calendar.create_event.func(event_name=""Discuss average session duration"", participant_email=""chenwei.zhang@atlas.com"", event_start=""2023-12-01 13:00:00"", duration=""30"")']","If {natural_language_metric} was {more_or_less} than {threshold} at any time since {natural_language_date} schedule a half-hour meeting called 'Discuss {natural_language_metric}' with {sender_name} at the earliest time I'm free tomorrow","{natural_language_date} থেকে এখন পর্যন্ত কোনো সময় {natural_language_metric} {threshold}-এর চেয়ে {more_or_less} হয়েছিল কি না একটু দেখবে? হয়ে থাকলে কাল আমার সবচেয়ে আগের ফাঁকা সময়ে {sender_name}-এর সাথে 'Discuss {natural_language_metric!en}' নামে 30 মিনিটের একটা মিটিং শিডিউল করো","['analytics', 'calendar']"
"10 সেপ্টেম্বর থেকে এখন পর্যন্ত কোনো সময় যদি এনগেজড ইউজার 1-এর চেয়ে কম হয়ে থাকে, তাহলে কাল আমার সবচেয়ে আগের ফাঁকা সময়ে nadia-এর সাথে 'Discuss engaged users' নামে আধা ঘণ্টার একটা মিটিং শিডিউল করো","['calendar.create_event.func(event_name=""Discuss engaged users"", participant_email=""nadia.moreau@atlas.com"", event_start=""2023-12-01 13:00:00"", duration=""30"")']","If {natural_language_metric} was {more_or_less} than {threshold} at any time since {natural_language_date} schedule a half-hour meeting called 'Discuss {natural_language_metric}' with {sender_name} at the earliest time I'm free tomorrow","{natural_language_date} থেকে এখন পর্যন্ত কোনো সময় যদি {natural_language_metric} {threshold}-এর চেয়ে {more_or_less} হয়ে থাকে, তাহলে কাল আমার সবচেয়ে আগের ফাঁকা সময়ে {sender_name}-এর সাথে 'Discuss {natural_language_metric!en}' নামে আধা ঘণ্টার একটা মিটিং শিডিউল করো","['analytics', 'calendar']"
"12 অক্টোবর থেকে এখন পর্যন্ত কোনো সময় মোট ভিজিট 21-এর চেয়ে বেশি হয়েছিল কি না একটু দেখবে? হয়ে থাকলে dmitri-এর জন্য ফ্রন্ট-এন্ড বোর্ডে 'Improve total visits' নামে একটা backlog টাস্ক বানাও, ডেডলাইন দিও আগামী শুক্রবার","[]","If {natural_language_metric} was {more_or_less} than {threshold} at any time since {natural_language_date} make a backlog task called 'Improve {natural_language_metric}' for {name} on the front-end board with a deadline of next Friday","{natural_language_date} থেকে এখন পর্যন্ত কোনো সময় {natural_language_metric} {threshold}-এর চেয়ে {more_or_less} হয়েছিল কি না একটু দেখবে? হয়ে থাকলে {name}-এর জন্য ফ্রন্ট-এন্ড বোর্ডে 'Improve {natural_language_metric!en}' নামে একটা backlog টাস্ক বানাও, ডেডলাইন দিও আগামী শুক্রবার","['analytics', 'project_management']"
"11 অক্টোবর থেকে এখন পর্যন্ত কোনো সময় মোট ভিজিট 10-এর চেয়ে কম হয়েছিল কি না একটু দেখবে? হয়ে থাকলে anaya-এর জন্য ফ্রন্ট-এন্ড বোর্ডে 'Improve total visits' নামে একটা backlog টাস্ক বানাও, ডেডলাইন দিও আগামী শুক্রবার","['project_management.create_task.func(task_name=""Improve total visits"", board=""Front end"", assigned_to_email=""anaya.patel@atlas.com"", due_date=""2023-12-08"", list_name=""Backlog"")']","If {natural_language_metric} was {more_or_less} than {threshold} at any time since {natural_language_date} make a backlog task called 'Improve {natural_language_metric}' for {name} on the front-end board with a deadline of next Friday","{natural_language_date} থেকে এখন পর্যন্ত কোনো সময় {natural_language_metric} {threshold}-এর চেয়ে {more_or_less} হয়েছিল কি না একটু দেখবে? হয়ে থাকলে {name}-এর জন্য ফ্রন্ট-এন্ড বোর্ডে 'Improve {natural_language_metric!en}' নামে একটা backlog টাস্ক বানাও, ডেডলাইন দিও আগামী শুক্রবার","['analytics', 'project_management']"
"20 নভেম্বর থেকে এখন পর্যন্ত কোনো সময় এনগেজড ইউজার 5-এর চেয়ে কম হয়েছিল কি না একটু দেখবে? হয়ে থাকলে kofi-এর জন্য ফ্রন্ট-এন্ড বোর্ডে 'Improve engaged users' নামে একটা backlog টাস্ক বানাও, ডেডলাইন দিও আগামী শুক্রবার","['project_management.create_task.func(task_name=""Improve engaged users"", board=""Front end"", assigned_to_email=""kofi.mensah@atlas.com"", due_date=""2023-12-08"", list_name=""Backlog"")']","If {natural_language_metric} was {more_or_less} than {threshold} at any time since {natural_language_date} make a backlog task called 'Improve {natural_language_metric}' for {name} on the front-end board with a deadline of next Friday","{natural_language_date} থেকে এখন পর্যন্ত কোনো সময় {natural_language_metric} {threshold}-এর চেয়ে {more_or_less} হয়েছিল কি না একটু দেখবে? হয়ে থাকলে {name}-এর জন্য ফ্রন্ট-এন্ড বোর্ডে 'Improve {natural_language_metric!en}' নামে একটা backlog টাস্ক বানাও, ডেডলাইন দিও আগামী শুক্রবার","['analytics', 'project_management']"
"20 অক্টোবর থেকে এখন পর্যন্ত কোনো সময় গড় সেশনের সময়কাল 19-এর চেয়ে কম হয়েছিল কি না একটু দেখবে? হয়ে থাকলে luis-এর জন্য ফ্রন্ট-এন্ড বোর্ডে 'Improve average session duration' নামে একটা backlog টাস্ক বানাও, ডেডলাইন দিও আগামী শুক্রবার","['project_management.create_task.func(task_name=""Improve average session duration"", board=""Front end"", assigned_to_email=""luis.ortiz@atlas.com"", due_date=""2023-12-08"", list_name=""Backlog"")']","If {natural_language_metric} was {more_or_less} than {threshold} at any time since {natural_language_date} make a backlog task called 'Improve {natural_language_metric}' for {name} on the front-end board with a deadline of next Friday","{natural_language_date} থেকে এখন পর্যন্ত কোনো সময় {natural_language_metric} {threshold}-এর চেয়ে {more_or_less} হয়েছিল কি না একটু দেখবে? হয়ে থাকলে {name}-এর জন্য ফ্রন্ট-এন্ড বোর্ডে 'Improve {natural_language_metric!en}' নামে একটা backlog টাস্ক বানাও, ডেডলাইন দিও আগামী শুক্রবার","['analytics', 'project_management']"
"28 অক্টোবর থেকে এখন পর্যন্ত কোনো সময় কি গড় সেশনের সময়কাল 41-এর চেয়ে বেশি হয়েছিল? হয়ে থাকলে ফ্রন্ট-এন্ড বোর্ডে 'Improve average session duration' নামে একটা backlog টাস্ক বানিয়ে anaya-কে অ্যাসাইন করে দাও, আর ডেডলাইন রেখো আগামী শুক্রবার","['project_management.create_task.func(task_name=""Improve average session duration"", board=""Front end"", assigned_to_email=""anaya.patel@atlas.com"", due_date=""2023-12-08"", list_name=""Backlog"")']","If {natural_language_metric} was {more_or_less} than {threshold} at any time since {natural_language_date} make a backlog task called 'Improve {natural_language_metric}' for {name} on the front-end board with a deadline of next Friday","{natural_language_date} থেকে এখন পর্যন্ত কোনো সময় কি {natural_language_metric} {threshold}-এর চেয়ে {more_or_less} হয়েছিল? হয়ে থাকলে ফ্রন্ট-এন্ড বোর্ডে 'Improve {natural_language_metric!en}' নামে একটা backlog টাস্ক বানিয়ে {name}-কে অ্যাসাইন করে দাও, আর ডেডলাইন রেখো আগামী শুক্রবার","['analytics', 'project_management']"
"9 অক্টোবর থেকে এখন পর্যন্ত কোনো সময় কি এনগেজড ইউজার 11-এর চেয়ে বেশি হয়েছিল? হয়ে থাকলে ফ্রন্ট-এন্ড বোর্ডে 'Improve engaged users' নামে একটা backlog টাস্ক বানিয়ে nia-কে অ্যাসাইন করে দাও, আর ডেডলাইন রেখো আগামী শুক্রবার","[]","If {natural_language_metric} was {more_or_less} than {threshold} at any time since {natural_language_date} make a backlog task called 'Improve {natural_language_metric}' for {name} on the front-end board with a deadline of next Friday","{natural_language_date} থেকে এখন পর্যন্ত কোনো সময় কি {natural_language_metric} {threshold}-এর চেয়ে {more_or_less} হয়েছিল? হয়ে থাকলে ফ্রন্ট-এন্ড বোর্ডে 'Improve {natural_language_metric!en}' নামে একটা backlog টাস্ক বানিয়ে {name}-কে অ্যাসাইন করে দাও, আর ডেডলাইন রেখো আগামী শুক্রবার","['analytics', 'project_management']"
"20 অক্টোবর থেকে এখন পর্যন্ত কোনো সময় গড় সেশনের সময়কাল 19-এর চেয়ে কম হয়েছিল কি না একটু দেখবে? হয়ে থাকলে anaya-এর জন্য ফ্রন্ট-এন্ড বোর্ডে 'Improve average session duration' নামে একটা backlog টাস্ক বানাও, ডেডলাইন দিও আগামী শুক্রবার","['project_management.create_task.func(task_name=""Improve average session duration"", board=""Front end"", assigned_to_email=""anaya.patel@atlas.com"", due_date=""2023-12-08"", list_name=""Backlog"")']","If {natural_language_metric} was {more_or_less} than {threshold} at any time since {natural_language_date} make a backlog task called 'Improve {natural_language_metric}' for {name} on the front-end board with a deadline of next Friday","{natural_language_date} থেকে এখন পর্যন্ত কোনো সময় {natural_language_metric} {threshold}-এর চেয়ে {more_or_less} হয়েছিল কি না একটু দেখবে? হয়ে থাকলে {name}-এর জন্য ফ্রন্ট-এন্ড বোর্ডে 'Improve {natural_language_metric!en}' নামে একটা backlog টাস্ক বানাও, ডেডলাইন দিও আগামী শুক্রবার","['analytics', 'project_management']"
"29 নভেম্বর থেকে এখন পর্যন্ত কোনো সময় যদি মোট ভিজিট 21-এর চেয়ে বেশি হয়ে থাকে, তাহলে ফ্রন্ট-এন্ড বোর্ডে santiago-এর জন্য 'Improve total visits' নামে একটা backlog টাস্ক বানাও, ডেডলাইন আগামী শুক্রবার","[]","If {natural_language_metric} was {more_or_less} than {threshold} at any time since {natural_language_date} make a backlog task called 'Improve {natural_language_metric}' for {name} on the front-end board with a deadline of next Friday","{natural_language_date} থেকে এখন পর্যন্ত কোনো সময় যদি {natural_language_metric} {threshold}-এর চেয়ে {more_or_less} হয়ে থাকে, তাহলে ফ্রন্ট-এন্ড বোর্ডে {name}-এর জন্য 'Improve {natural_language_metric!en}' নামে একটা backlog টাস্ক বানাও, ডেডলাইন আগামী শুক্রবার","['analytics', 'project_management']"
"24 সেপ্টেম্বর থেকে এখন পর্যন্ত কোনো সময় এনগেজড ইউজার 5-এর চেয়ে বেশি হয়েছিল কি না একটু দেখবে? হয়ে থাকলে fatima-এর জন্য ফ্রন্ট-এন্ড বোর্ডে 'Improve engaged users' নামে একটা backlog টাস্ক বানাও, ডেডলাইন দিও আগামী শুক্রবার","['project_management.create_task.func(task_name=""Improve engaged users"", board=""Front end"", assigned_to_email=""fatima.khan@atlas.com"", due_date=""2023-12-08"", list_name=""Backlog"")']","If {natural_language_metric} was {more_or_less} than {threshold} at any time since {natural_language_date} make a backlog task called 'Improve {natural_language_metric}' for {name} on the front-end board with a deadline of next Friday","{natural_language_date} থেকে এখন পর্যন্ত কোনো সময় {natural_language_metric} {threshold}-এর চেয়ে {more_or_less} হয়েছিল কি না একটু দেখবে? হয়ে থাকলে {name}-এর জন্য ফ্রন্ট-এন্ড বোর্ডে 'Improve {natural_language_metric!en}' নামে একটা backlog টাস্ক বানাও, ডেডলাইন দিও আগামী শুক্রবার","['analytics', 'project_management']"
"22 নভেম্বর থেকে এখন পর্যন্ত কোনো সময় যদি এনগেজড ইউজার 5-এর চেয়ে কম হয়ে থাকে, তাহলে ফ্রন্ট-এন্ড বোর্ডে dmitri-এর জন্য 'Improve engaged users' নামে একটা backlog টাস্ক বানাও, ডেডলাইন আগামী শুক্রবার","['project_management.create_task.func(task_name=""Improve engaged users"", board=""Front end"", assigned_to_email=""dmitri.ivanov@atlas.com"", due_date=""2023-12-08"", list_name=""Backlog"")']","If {natural_language_metric} was {more_or_less} than {threshold} at any time since {natural_language_date} make a backlog task called 'Improve {natural_language_metric}' for {name} on the front-end board with a deadline of next Friday","{natural_language_date} থেকে এখন পর্যন্ত কোনো সময় যদি {natural_language_metric} {threshold}-এর চেয়ে {more_or_less} হয়ে থাকে, তাহলে ফ্রন্ট-এন্ড বোর্ডে {name}-এর জন্য 'Improve {natural_language_metric!en}' নামে একটা backlog টাস্ক বানাও, ডেডলাইন আগামী শুক্রবার","['analytics', 'project_management']"
"27 নভেম্বর থেকে এখন পর্যন্ত কোনো সময় যদি গড় সেশনের সময়কাল 19-এর চেয়ে বেশি হয়ে থাকে, তাহলে যে সবচেয়ে বেশি ফ্রন্ট-এন্ড টাস্ক কমপ্লিট করেছে, তার জন্য ফ্রন্ট-এন্ড বোর্ডে 'Improve average session duration' নামে একটা backlog টাস্ক বানাও, ডেডলাইন আগামী শুক্রবার","['project_management.create_task.func(task_name=""Improve average session duration"", board=""Front end"", assigned_to_email=""nia.johnson@atlas.com"", due_date=""2023-12-08"", list_name=""Backlog"")']","If {natural_language_metric} was {more_or_less} than {threshold} at any time since {natural_language_date} make a backlog task called 'Improve {natural_language_metric}' on the front-end board with a deadline of next Friday for the person with the most completed front end tasks","{natural_language_date} থেকে এখন পর্যন্ত কোনো সময় যদি {natural_language_metric} {threshold}-এর চেয়ে {more_or_less} হয়ে থাকে, তাহলে যে সবচেয়ে বেশি ফ্রন্ট-এন্ড টাস্ক কমপ্লিট করেছে, তার জন্য ফ্রন্ট-এন্ড বোর্ডে 'Improve {natural_language_metric!en}' নামে একটা backlog টাস্ক বানাও, ডেডলাইন আগামী শুক্রবার","['analytics', 'project_management']"
"3 অক্টোবর থেকে এখন পর্যন্ত কোনো সময় যদি গড় সেশনের সময়কাল 41-এর চেয়ে বেশি হয়ে থাকে, তাহলে যে সবচেয়ে বেশি ফ্রন্ট-এন্ড টাস্ক কমপ্লিট করেছে, তার জন্য ফ্রন্ট-এন্ড বোর্ডে 'Improve average session duration' নামে একটা backlog টাস্ক বানাও, ডেডলাইন আগামী শুক্রবার","['project_management.create_task.func(task_name=""Improve average session duration"", board=""Front end"", assigned_to_email=""nia.johnson@atlas.com"", due_date=""2023-12-08"", list_name=""Backlog"")']","If {natural_language_metric} was {more_or_less} than {threshold} at any time since {natural_language_date} make a backlog task called 'Improve {natural_language_metric}' on the front-end board with a deadline of next Friday for the person with the most completed front end tasks","{natural_language_date} থেকে এখন পর্যন্ত কোনো সময় যদি {natural_language_metric} {threshold}-এর চেয়ে {more_or_less} হয়ে থাকে, তাহলে যে সবচেয়ে বেশি ফ্রন্ট-এন্ড টাস্ক কমপ্লিট করেছে, তার জন্য ফ্রন্ট-এন্ড বোর্ডে 'Improve {natural_language_metric!en}' নামে একটা backlog টাস্ক বানাও, ডেডলাইন আগামী শুক্রবার","['analytics', 'project_management']"
"7 অক্টোবর থেকে এখন পর্যন্ত কোনো সময় গড় সেশনের সময়কাল 41-এর চেয়ে কম হয়েছিল কি না একটু দেখবে? হয়ে থাকলে ফ্রন্ট-এন্ড বোর্ডে আগামী শুক্রবার ডেডলাইন দিয়ে 'Improve average session duration' নামে একটা backlog টাস্ক বানাও, আর যে সবচেয়ে বেশি ফ্রন্ট-এন্ড টাস্ক কমপ্লিট করেছে তাকে অ্যাসাইন করো","['project_management.create_task.func(task_name=""Improve average session duration"", board=""Front end"", assigned_to_email=""nia.johnson@atlas.com"", due_date=""2023-12-08"", list_name=""Backlog"")']","If {natural_language_metric} was {more_or_less} than {threshold} at any time since {natural_language_date} make a backlog task called 'Improve {natural_language_metric}' on the front-end board with a deadline of next Friday for the person with the most completed front end tasks","{natural_language_date} থেকে এখন পর্যন্ত কোনো সময় {natural_language_metric} {threshold}-এর চেয়ে {more_or_less} হয়েছিল কি না একটু দেখবে? হয়ে থাকলে ফ্রন্ট-এন্ড বোর্ডে আগামী শুক্রবার ডেডলাইন দিয়ে 'Improve {natural_language_metric!en}' নামে একটা backlog টাস্ক বানাও, আর যে সবচেয়ে বেশি ফ্রন্ট-এন্ড টাস্ক কমপ্লিট করেছে তাকে অ্যাসাইন করো","['analytics', 'project_management']"
"12 অক্টোবর থেকে এখন পর্যন্ত কোনো সময় যদি এনগেজড ইউজার 11-এর চেয়ে বেশি হয়ে থাকে, তাহলে যে সবচেয়ে বেশি ফ্রন্ট-এন্ড টাস্ক কমপ্লিট করেছে, তার জন্য ফ্রন্ট-এন্ড বোর্ডে 'Improve engaged users' নামে একটা backlog টাস্ক বানাও, ডেডলাইন আগামী শুক্রবার","[]","If {natural_language_metric} was {more_or_less} than {threshold} at any time since {natural_language_date} make a backlog task called 'Improve {natural_language_metric}' on the front-end board with a deadline of next Friday for the person with the most completed front end tasks","{natural_language_date} থেকে এখন পর্যন্ত কোনো সময় যদি {natural_language_metric} {threshold}-এর চেয়ে {more_or_less} হয়ে থাকে, তাহলে যে সবচেয়ে বেশি ফ্রন্ট-এন্ড টাস্ক কমপ্লিট করেছে, তার জন্য ফ্রন্ট-এন্ড বোর্ডে 'Improve {natural_language_metric!en}' নামে একটা backlog টাস্ক বানাও, ডেডলাইন আগামী শুক্রবার","['analytics', 'project_management']"
"16 নভেম্বর থেকে এখন পর্যন্ত কোনো সময় যদি এনগেজড ইউজার 1-এর চেয়ে কম হয়ে থাকে, তাহলে যে সবচেয়ে বেশি ফ্রন্ট-এন্ড টাস্ক কমপ্লিট করেছে, তার জন্য ফ্রন্ট-এন্ড বোর্ডে 'Improve engaged users' নামে একটা backlog টাস্ক বানাও, ডেডলাইন আগামী শুক্রবার","[]","If {natural_language_metric} was {more_or_less} than {threshold} at any time since {natural_language_date} make a backlog task called 'Improve {natural_language_metric}' on the front-end board with a deadline of next Friday for the person with the most completed front end tasks","{natural_language_date} থেকে এখন পর্যন্ত কোনো সময় যদি {natural_language_metric} {threshold}-এর চেয়ে {more_or_less} হয়ে থাকে, তাহলে যে সবচেয়ে বেশি ফ্রন্ট-এন্ড টাস্ক কমপ্লিট করেছে, তার জন্য ফ্রন্ট-এন্ড বোর্ডে 'Improve {natural_language_metric!en}' নামে একটা backlog টাস্ক বানাও, ডেডলাইন আগামী শুক্রবার","['analytics', 'project_management']"
"28 সেপ্টেম্বর থেকে এখন পর্যন্ত কোনো সময় কি এনগেজড ইউজার 11-এর চেয়ে বেশি হয়েছিল? হয়ে থাকলে আগামী শুক্রবারের মধ্যে এটা ঠিক করতে হবে - ফ্রন্ট-এন্ড বোর্ডে 'Improve engaged users' নামে একটা backlog টাস্ক বানাও আর যে সবচেয়ে বেশি ফ্রন্ট-এন্ড টাস্ক কমপ্লিট করেছে তাকে অ্যাসাইন করো","[]","If {natural_language_metric} was {more_or_less} than {threshold} at any time since {natural_language_date} make a backlog task called 'Improve {natural_language_metric}' on the front-end board with a deadline of next Friday for the person with the most completed front end tasks","{natural_language_date} থেকে এখন পর্যন্ত কোনো সময় কি {natural_language_metric} {threshold}-এর চেয়ে {more_or_less} হয়েছিল? হয়ে থাকলে আগামী শুক্রবারের মধ্যে এটা ঠিক করতে হবে - ফ্রন্ট-এন্ড বোর্ডে 'Improve {natural_language_metric!en}' নামে একটা backlog টাস্ক বানাও আর যে সবচেয়ে বেশি ফ্রন্ট-এন্ড টাস্ক কমপ্লিট করেছে তাকে অ্যাসাইন করো","['analytics', 'project_management']"
"1 সেপ্টেম্বর থেকে এখন পর্যন্ত কোনো সময় গড় সেশনের সময়কাল 41-এর চেয়ে কম হয়েছিল কি না একটু দেখবে? হয়ে থাকলে ফ্রন্ট-এন্ড বোর্ডে আগামী শুক্রবার ডেডলাইন দিয়ে 'Improve average session duration' নামে একটা backlog টাস্ক বানাও, আর যে সবচেয়ে বেশি ফ্রন্ট-এন্ড টাস্ক কমপ্লিট করেছে তাকে অ্যাসাইন করো","['project_management.create_task.func(task_name=""Improve average session duration"", board=""Front end"", assigned_to_email=""nia.johnson@atlas.com"", due_date=""2023-12-08"", list_name=""Backlog"")']","If {natural_language_metric} was {more_or_less} than {threshold} at any time since {natural_language_date} make a backlog task called 'Improve {natural_language_metric}' on the front-end board with a deadline of next Friday for the person with the most completed front end tasks","{natural_language_date} থেকে এখন পর্যন্ত কোনো সময় {natural_language_metric} {threshold}-এর চেয়ে {more_or_less} হয়েছিল কি না একটু দেখবে? হয়ে থাকলে ফ্রন্ট-এন্ড বোর্ডে আগামী শুক্রবার ডেডলাইন দিয়ে 'Improve {natural_language_metric!en}' নামে একটা backlog টাস্ক বানাও, আর যে সবচেয়ে বেশি ফ্রন্ট-এন্ড টাস্ক কমপ্লিট করেছে তাকে অ্যাসাইন করো","['analytics', 'project_management']"
"17 সেপ্টেম্বর থেকে এখন পর্যন্ত কোনো সময় এনগেজড ইউজার 5-এর চেয়ে কম হয়েছিল কি না একটু দেখবে? হয়ে থাকলে ফ্রন্ট-এন্ড বোর্ডে আগামী শুক্রবার ডেডলাইন দিয়ে 'Improve engaged users' নামে একটা backlog টাস্ক বানাও, আর যে সবচেয়ে বেশি ফ্রন্ট-এন্ড টাস্ক কমপ্লিট করেছে তাকে অ্যাসাইন করো","['project_management.create_task.func(task_name=""Improve engaged users"", board=""Front end"", assigned_to_email=""nia.johnson@atlas.com"", due_date=""2023-12-08"", list_name=""Backlog"")']","If {natural_language_metric} was {more_or_less} than {threshold} at any time since {natural_language_date} make a backlog task called 'Improve {natural_language_metric}' on the front-end board with a deadline of next Friday for the person with the most completed front end tasks","{natural_language_date} থেকে এখন পর্যন্ত কোনো সময় {natural_language_metric} {threshold}-এর চেয়ে {more_or_less} হয়েছিল কি না একটু দেখবে? হয়ে থাকলে ফ্রন্ট-এন্ড বোর্ডে আগামী শুক্রবার ডেডলাইন দিয়ে 'Improve {natural_language_metric!en}' নামে একটা backlog টাস্ক বানাও, আর যে সবচেয়ে বেশি ফ্রন্ট-এন্ড টাস্ক কমপ্লিট করেছে তাকে অ্যাসাইন করো","['analytics', 'project_management']"
"15 অক্টোবর থেকে এখন পর্যন্ত কোনো সময় কি মোট ভিজিট 10-এর চেয়ে বেশি হয়েছিল? হয়ে থাকলে আগামী শুক্রবারের মধ্যে এটা ঠিক করতে হবে - ফ্রন্ট-এন্ড বোর্ডে 'Improve total visits' নামে একটা backlog টাস্ক বানাও আর যে সবচেয়ে বেশি ফ্রন্ট-এন্ড টাস্ক কমপ্লিট করেছে তাকে অ্যাসাইন করো","['project_management.create_task.func(task_name=""Improve total visits"", board=""Front end"", assigned_to_email=""nia.johnson@atlas.com"", due_date=""2023-12-08"", list_name=""Backlog"")']","If {natural_language_metric} was {more_or_less} than {threshold} at any time since {natural_language_date} make a backlog task called 'Improve {natural_language_metric}' on the front-end board with a deadline of next Friday for the person with the most completed front end tasks","{natural_language_date} থেকে এখন পর্যন্ত কোনো সময় কি {natural_language_metric} {threshold}-এর চেয়ে {more_or_less} হয়েছিল? হয়ে থাকলে আগামী শুক্রবারের মধ্যে এটা ঠিক করতে হবে - ফ্রন্ট-এন্ড বোর্ডে 'Improve {natural_language_metric!en}' নামে একটা backlog টাস্ক বানাও আর যে সবচেয়ে বেশি ফ্রন্ট-এন্ড টাস্ক কমপ্লিট করেছে তাকে অ্যাসাইন করো","['analytics', 'project_management']"
"27 অক্টোবর থেকে এখন পর্যন্ত কোনো সময় যদি মোট ভিজিট 21-এর চেয়ে কম হয়ে থাকে, তাহলে যে সবচেয়ে বেশি ফ্রন্ট-এন্ড টাস্ক কমপ্লিট করেছে, তার জন্য ফ্রন্ট-এন্ড বোর্ডে 'Improve total visits' নামে একটা backlog টাস্ক বানাও, ডেডলাইন আগামী শুক্রবার","['project_management.create_task.func(task_name=""Improve total visits"", board=""Front end"", assigned_to_email=""nia.johnson@atlas.com"", due_date=""2023-12-08"", list_name=""Backlog"")']","If {natural_language_metric} was {more_or_less} than {threshold} at any time since {natural_language_date} make a backlog task called 'Improve {natural_language_metric}' on the front-end board with a deadline of next Friday for the person with the most completed front end tasks","{natural_language_date} থেকে এখন পর্যন্ত কোনো সময় যদি {natural_language_metric} {threshold}-এর চেয়ে {more_or_less} হয়ে থাকে, তাহলে যে সবচেয়ে বেশি ফ্রন্ট-এন্ড টাস্ক কমপ্লিট করেছে, তার জন্য ফ্রন্ট-এন্ড বোর্ডে 'Improve {natural_language_metric!en}' নামে একটা backlog টাস্ক বানাও, ডেডলাইন আগামী শুক্রবার","['analytics', 'project_management']"
"রবিবার থেকে গড় সেশনের সময়কাল শতকরা কত বেড়েছে দেখো, আর সেটা যদি এনগেজড ইউজারের চেয়ে বেশি হয়, তাহলে ফ্রন্ট-এন্ড বোর্ডে chenwei-এর জন্য 'Improve engaged users' নামে একটা backlog টাস্ক বানাও, ডেডলাইন আগামী শুক্রবার","[]","Check the percent growth of {natural_language_metric} since {day_of_week} and if was more than {natural_language_metric_2} make a backlog task called 'Improve {natural_language_metric_2}' for {name} on the front-end board with a deadline of next Friday","{day_of_week} থেকে {natural_language_metric} শতকরা কত বেড়েছে দেখো, আর সেটা যদি {natural_language_metric_2}ের চেয়ে বেশি হয়, তাহলে ফ্রন্ট-এন্ড বোর্ডে {name}-এর জন্য 'Improve {natural_language_metric_2!en}' নামে একটা backlog টাস্ক বানাও, ডেডলাইন আগামী শুক্রবার","['analytics', 'project_management']"
"বুধবার থেকে এনগেজড ইউজার শতকরা কত বেড়েছে একটু দেখবে? যদি মোট ভিজিটের চেয়ে বেশি বেড়ে থাকে, তাহলে ফ্রন্ট-এন্ড backlog-এ olga-এর জন্য 'Improve total visits' নামে একটা টাস্ক বানাও, যার ডেডলাইন আগামী শুক্রবার","[]","Check the percent growth of {natural_language_metric} since {day_of_week} and if was more than {natural_language_metric_2} make a backlog task called 'Improve {natural_language_metric_2}' for {name} on the front-end board with a deadline of next Friday","{day_of_week} থেকে {natural_language_metric} শতকরা কত বেড়েছে একটু দেখবে? যদি {natural_language_metric_2}ের চেয়ে বেশি বেড়ে থাকে, তাহলে ফ্রন্ট-এন্ড backlog-এ {name}-এর জন্য 'Improve {natural_language_metric_2!en}' নামে একটা টাস্ক বানাও, যার ডেডলাইন আগামী শুক্রবার","['analytics', 'project_management']"
"সোমবার থেকে গড় সেশনের সময়কাল শতকরা কত বেড়েছে দেখো, আর সেটা যদি মোট ভিজিটের চেয়ে বেশি হয়, তাহলে ফ্রন্ট-এন্ড বোর্ডে amir-এর জন্য 'Improve total visits' নামে একটা backlog টাস্ক বানাও, ডেডলাইন আগামী শুক্রবার","[]","Check the percent growth of {natural_language_metric} since {day_of_week} and if was more than {natural_language_metric_2} make a backlog task called 'Improve {natural_language_metric_2}' for {name} on the front-end board with a deadline of next Friday","{day_of_week} থেকে {natural_language_metric} শতকরা কত বেড়েছে দেখো, আর সেটা যদি {natural_language_metric_2}ের চেয়ে বেশি হয়, তাহলে ফ্রন্ট-এন্ড বোর্ডে {name}-এর জন্য 'Improve {natural_language_metric_2!en}' নামে একটা backlog টাস্ক বানাও, ডেডলাইন আগামী শুক্রবার","['analytics', 'project_management']"
"শনিবার থেকে এনগেজড ইউজার শতকরা কত বেড়েছে দেখো, আর সেটা যদি মোট ভিজিটের চেয়ে বেশি হয়, তাহলে ফ্রন্ট-এন্ড বোর্ডে olga-এর জন্য 'Improve total visits' নামে একটা backlog টাস্ক বানাও, ডেডলাইন আগামী শুক্রবার","[]","Check the percent growth of {natural_language_metric} since {day_of_week} and if was more than {natural_language_metric_2} make a backlog task called 'Improve {natural_language_metric_2}' for {name} on the front-end board with a deadline of next Friday","{day_of_week} থেকে {natural_language_metric} শতকরা কত বেড়েছে দেখো, আর সেটা যদি {natural_language_metric_2}ের চেয়ে বেশি হয়, তাহলে ফ্রন্ট-এন্ড বোর্ডে {name}-এর জন্য 'Improve {natural_language_metric_2!en}' নামে একটা backlog টাস্ক বানাও, ডেডলাইন আগামী শুক্রবার","['analytics', 'project_management']"
"শুক্রবার থেকে গড় সেশনের সময়কাল শতকরা কত বেড়েছে একটু দেখবে? যদি মোট ভিজিটের চেয়ে বেশি বেড়ে থাকে, তাহলে ফ্রন্ট-এন্ড backlog-এ olga-এর জন্য 'Improve total visits' নামে একটা টাস্ক বানাও, যার ডেডলাইন আগামী শুক্রবার","[]","Check the percent growth of {natural_language_metric} since {day_of_week} and if was more than {natural_language_metric_2} make a backlog task called 'Improve {natural_language_metric_2}' for {name} on the front-end board with a deadline of next Friday","{day_of_week} থেকে {natural_language_metric} শতকরা কত বেড়েছে একটু দেখবে? যদি {natural_language_metric_2}ের চেয়ে বেশি বেড়ে থাকে, তাহলে ফ্রন্ট-এন্ড backlog-এ {name}-এর জন্য 'Improve {natural_language_metric_2!en}' নামে একটা টাস্ক বানাও, যার ডেডলাইন আগামী শুক্রবার","['analytics', 'project_management']"
"মঙ্গলবার থেকে গড় সেশনের সময়কাল শতকরা কত বেড়েছে দেখো, আর সেটা যদি মোট ভিজিটের চেয়ে বেশি হয়, তাহলে ফ্রন্ট-এন্ড বোর্ডে olga-এর জন্য 'Improve total visits' নামে একটা backlog টাস্ক বানাও, ডেডলাইন আগামী শুক্রবার","['project_management.create_task.func(task_name=""Improve total visits"", board=""Front end"", assigned_to_email=""olga.petrova@atlas.com"", due_date=""2023-12-08"", list_name=""Backlog"")']","Check the percent growth of {natural_language_metric} since {day_of_week} and if was more than {natural_language_metric_2} make a backlog task called 'Improve {natural_language_metric_2}' for {name} on the front-end board with a deadline of next Friday","{day_of_week} থেকে {natural_language_metric} শতকরা কত বেড়েছে দেখো, আর সেটা যদি {natural_language_metric_2}ের চেয়ে বেশি হয়, তাহলে ফ্রন্ট-এন্ড বোর্ডে {name}-এর জন্য 'Improve {natural_language_metric_2!en}' নামে একটা backlog টাস্ক বানাও, ডেডলাইন আগামী শুক্রবার","['analytics', 'project_management']"
"সোমবার থেকে গড় সেশনের সময়কাল শতকরা কত বেড়েছে সেটা আমার দেখা দরকার। যদি তা এনগেজড ইউজারের চেয়ে বেশি বেড়ে থাকে, তাহলে kofi-এর জন্য ফ্রন্ট-এন্ড বোর্ডে 'Improve engaged users' নামে একটা backlog টাস্ক বানাও, ডেডলাইন আগামী শুক্রবার","[]","Check the percent growth of {natural_language_metric} since {day_of_week} and if was more than {natural_language_metric_2} make a backlog task called 'Improve {natural_language_metric_2}' for {name} on the front-end board with a deadline of next Friday","{day_of_week} থেকে {natural_language_metric} শতকরা কত বেড়েছে সেটা আমার দেখা দরকার। যদি তা {natural_language_metric_2}ের চেয়ে বেশি বেড়ে থাকে, তাহলে {name}-এর জন্য ফ্রন্ট-এন্ড বোর্ডে 'Improve {natural_language_metric_2!en}' নামে একটা backlog টাস্ক বানাও, ডেডলাইন আগামী শুক্রবার","['analytics', 'project_management']"
"সোমবার থেকে মোট ভিজিট শতকরা কত বেড়েছে একটু দেখবে? যদি এনগেজড ইউজারের চেয়ে বেশি বেড়ে থাকে, তাহলে ফ্রন্ট-এন্ড backlog-এ santiago-এর জন্য 'Improve engaged users' নামে একটা টাস্ক বানাও, যার ডেডলাইন আগামী শুক্রবার","['project_management.create_task.func(task_name=""Improve engaged users"", board=""Front end"", assigned_to_email=""santiago.martinez@atlas.com"", due_date=""2023-12-08"", list_name=""Backlog"")']","Check the percent growth of {natural_language_metric} since {day_of_week} and if was more than {natural_language_metric_2} make a backlog task called 'Improve {natural_language_metric_2}' for {name} on the front-end board with a deadline of next Friday","{day_of_week} থেকে {natural_language_metric} শতকরা কত বেড়েছে একটু দেখবে? যদি {natural_language_metric_2}ের চেয়ে বেশি বেড়ে থাকে, তাহলে ফ্রন্ট-এন্ড backlog-এ {name}-এর জন্য 'Improve {natural_language_metric_2!en}' নামে একটা টাস্ক বানাও, যার ডেডলাইন আগামী শুক্রবার","['analytics', 'project_management']"
"রবিবার থেকে মোট ভিজিট শতকরা কত বেড়েছে সেটা আমার দেখা দরকার। যদি তা গড় সেশনের সময়কালের চেয়ে বেশি বেড়ে থাকে, তাহলে chenwei-এর জন্য ফ্রন্ট-এন্ড বোর্ডে 'Improve average session duration' নামে একটা backlog টাস্ক বানাও, ডেডলাইন আগামী শুক্রবার","['project_management.create_task.func(task_name=""Improve average session duration"", board=""Front end"", assigned_to_email=""chenwei.zhang@atlas.com"", due_date=""2023-12-08"", list_name=""Backlog"")']","Check the percent growth of {natural_language_metric} since {day_of_week} and if was more than {natural_language_metric_2} make a backlog task called 'Improve {natural_language_metric_2}' for {name} on the front-end board with a deadline of next Friday","{day_of_week} থেকে {natural_language_metric} শতকরা কত বেড়েছে সেটা আমার দেখা দরকার। যদি তা {natural_language_metric_2}ের চেয়ে বেশি বেড়ে থাকে, তাহলে {name}-এর জন্য ফ্রন্ট-এন্ড বোর্ডে 'Improve {natural_language_metric_2!en}' নামে একটা backlog টাস্ক বানাও, ডেডলাইন আগামী শুক্রবার","['analytics', 'project_management']"
"শনিবার থেকে গড় সেশনের সময়কাল শতকরা কত বেড়েছে একটু দেখবে? যদি মোট ভিজিটের চেয়ে বেশি বেড়ে থাকে, তাহলে ফ্রন্ট-এন্ড backlog-এ chenwei-এর জন্য 'Improve total visits' নামে একটা টাস্ক বানাও, যার ডেডলাইন আগামী শুক্রবার","['project_management.create_task.func(task_name=""Improve total visits"", board=""Front end"", assigned_to_email=""chenwei.zhang@atlas.com"", due_date=""2023-12-08"", list_name=""Backlog"")']","Check the percent growth of {natural_language_metric} since {day_of_week} and if was more than {natural_language_metric_2} make a backlog task called 'Improve {natural_language_metric_2}' for {name} on the front-end board with a deadline of next Friday","{day_of_week} থেকে {natural_language_metric} শতকরা কত বেড়েছে একটু দেখবে? যদি {natural_language_metric_2}ের চেয়ে বেশি বেড়ে থাকে, তাহলে ফ্রন্ট-এন্ড backlog-এ {name}-এর জন্য 'Improve {natural_language_metric_2!en}' নামে একটা টাস্ক বানাও, যার ডেডলাইন আগামী শুক্রবার","['analytics', 'project_management']"
"আমার মনে হয় 18 অক্টোবর থেকে এখন পর্যন্ত কোনো এক সময় এনগেজড ইউজার 1-এর চেয়ে বেশি হয়ে থাকতে পারে। একটু চেক করে দেখো, হয়ে থাকলে CRM থেকে Nadia-এর সব lead ডিলিট করে দাও","['customer_relationship_manager.delete_customer.func(customer_id=""00000117"")', 'customer_relationship_manager.delete_customer.func(customer_id=""00000133"")', 'customer_relationship_manager.delete_customer.func(customer_id=""00000109"")', 'customer_relationship_manager.delete_customer.func(customer_id=""00000115"")', 'customer_relationship_manager.delete_customer.func(customer_id=""00000128"")', 'customer_relationship_manager.delete_customer.func(customer_id=""00000031"")', 'customer_relationship_manager.delete_customer.func(customer_id=""00000151"")']","If {natural_language_metric} was {more_or_less} than {threshold} at any time since {natural_language_date} delete all {assigned_to_first_name}'s leads in the CRM","আমার মনে হয় {natural_language_date} থেকে এখন পর্যন্ত কোনো এক সময় {natural_language_metric} {threshold}-এর চেয়ে {more_or_less} হয়ে থাকতে পারে। একটু চেক করে দেখো, হয়ে থাকলে CRM থেকে {assigned_to_first_name}-এর সব lead ডিলিট করে দাও","['analytics', 'crm']"
"9 নভেম্বর থেকে এখন পর্যন্ত কোনো সময় যদি গড় সেশনের সময়কাল 41-এর চেয়ে বেশি হয়ে থাকে, তাহলে CRM থেকে Sofia-এর সব lead ডিলিট করো","['customer_relationship_manager.delete_customer.func(customer_id=""00000025"")', 'customer_relationship_manager.delete_customer.func(customer_id=""00000051"")', 'customer_relationship_manager.delete_customer.func(customer_id=""00000021"")', 'customer_relationship_manager.delete_customer.func(customer_id=""00000013"")', 'customer_relationship_manager.delete_customer.func(customer_id=""00000116"")', 'customer_relationship_manager.delete_customer.func(customer_id=""00000010"")']","If {natural_language_metric} was {more_or_less} than {threshold} at any time since {natural_language_date} delete all {assigned_to_first_name}'s leads in the CRM","{natural_language_date} থেকে এখন পর্যন্ত কোনো সময় যদি {natural_language_metric} {threshold}-এর চেয়ে {more_or_less} হয়ে থাকে, তাহলে CRM থেকে {assigned_to_first_name}-এর সব lead ডিলিট করো","['analytics', 'crm']"
"21 নভেম্বর থেকে এখন পর্যন্ত কোনো সময় যদি এনগেজড ইউজার 5-এর চেয়ে বেশি হয়ে থাকে, তাহলে CRM থেকে Raj-এর সব lead ডিলিট করো","['customer_relationship_manager.delete_customer.func(customer_id=""00000154"")', 'customer_relationship_manager.delete_customer.func(customer_id=""00000149"")', 'customer_relationship_manager.delete_customer.func(customer_id=""00000032"")', 'customer_relationship_manager.delete_customer.func(customer_id=""00000194"")', 'customer_relationship_manager.delete_customer.func(customer_id=""00000129"")', 'customer_relationship_manager.delete_customer.func(customer_id=""00000062"")', 'customer_relationship_manager.delete_customer.func(customer_id=""00000100"")', 'customer_relationship_manager.delete_customer.func(customer_id=""00000108"")', 'customer_relationship_manager.delete_customer.func(customer_id=""00000065"")', 'customer_relationship_manager.delete_customer.func(customer_id=""00000152"")']","If {natural_language_metric} was {more_or_less} than {threshold} at any time since {natural_language_date} delete all {assigned_to_first_name}'s leads in the CRM","{natural_language_date} থেকে এখন পর্যন্ত কোনো সময় যদি {natural_language_metric} {threshold}-এর চেয়ে {more_or_less} হয়ে থাকে, তাহলে CRM থেকে {assigned_to_first_name}-এর সব lead ডিলিট করো","['analytics', 'crm']"
"14 সেপ্টেম্বর থেকে এখন পর্যন্ত কোনো সময় যদি গড় সেশনের সময়কাল 2-এর চেয়ে কম হয়ে থাকে, তাহলে CRM থেকে Nadia-এর সব lead ডিলিট করো","[]","If {natural_language_metric} was {more_or_less} than {threshold} at any time since {natural_language_date} delete all {assigned_to_first_name}'s leads in the CRM","{natural_language_date} থেকে এখন পর্যন্ত কোনো সময় যদি {natural_language_metric} {threshold}-এর চেয়ে {more_or_less} হয়ে থাকে, তাহলে CRM থেকে {assigned_to_first_name}-এর সব lead ডিলিট করো","['analytics', 'crm']"
"আমার মনে হয় 24 অক্টোবর থেকে এখন পর্যন্ত কোনো এক সময় এনগেজড ইউজার 5-এর চেয়ে কম হয়ে থাকতে পারে। একটু চেক করে দেখো, হয়ে থাকলে CRM থেকে Lena-এর সব lead ডিলিট করে দাও","['customer_relationship_manager.delete_customer.func(customer_id=""00000187"")', 'customer_relationship_manager.delete_customer.func(customer_id=""00000076"")', 'customer_relationship_manager.delete_customer.func(customer_id=""00000188"")', 'customer_relationship_manager.delete_customer.func(customer_id=""00000034"")', 'customer_relationship_manager.delete_customer.func(customer_id=""00000180"")', 'customer_relationship_manager.delete_customer.func(customer_id=""00000017"")', 'customer_relationship_manager.delete_customer.func(customer_id=""00000063"")', 'customer_relationship_manager.delete_customer.func(customer_id=""00000177"")', 'customer_relationship_manager.delete_customer.func(customer_id=""00000113"")', 'customer_relationship_manager.delete_customer.func(customer_id=""00000015"")', 'customer_relationship_manager.delete_customer.func(customer_id=""00000110"")']","If {natural_language_metric} was {more_or_less} than {threshold} at any time since {natural_language_date} delete all {assigned_to_first_name}'s leads in the CRM","আমার মনে হয় {natural_language_date} থেকে এখন পর্যন্ত কোনো এক সময় {natural_language_metric} {threshold}-এর চেয়ে {more_or_less} হয়ে থাকতে পারে। একটু চেক করে দেখো, হয়ে থাকলে CRM থেকে {assigned_to_first_name}-এর সব lead ডিলিট করে দাও","['analytics', 'crm']"
"আমার মনে হয় 18 সেপ্টেম্বর থেকে এখন পর্যন্ত কোনো এক সময় এনগেজড ইউজার 11-এর চেয়ে কম হয়ে থাকতে পারে। একটু চেক করে দেখো, হয়ে থাকলে CRM থেকে Lena-এর সব lead ডিলিট করে দাও","['customer_relationship_manager.delete_customer.func(customer_id=""00000187"")', 'customer_relationship_manager.delete_customer.func(customer_id=""00000076"")', 'customer_relationship_manager.delete_customer.func(customer_id=""00000188"")', 'customer_relationship_manager.delete_customer.func(customer_id=""00000034"")', 'customer_relationship_manager.delete_customer.func(customer_id=""00000180"")', 'customer_relationship_manager.delete_customer.func(customer_id=""00000017"")', 'customer_relationship_manager.delete_customer.func(customer_id=""00000063"")', 'customer_relationship_manager.delete_customer.func(customer_id=""00000177"")', 'customer_relationship_manager.delete_customer.func(customer_id=""00000113"")', 'customer_relationship_manager.delete_customer.func(customer_id=""00000015"")', 'customer_relationship_manager.delete_customer.func(customer_id=""00000110"")']","If {natural_language_metric} was {more_or_less} than {threshold} at any time since {natural_language_date} delete all {assigned_to_first_name}'s leads in the CRM","আমার মনে হয় {natural_language_date} থেকে এখন পর্যন্ত কোনো এক সময় {natural_language_metric} {threshold}-এর চেয়ে {more_or_less} হয়ে থাকতে পারে। একটু চেক করে দেখো, হয়ে থাকলে CRM থেকে {assigned_to_first_name}-এর সব lead ডিলিট করে দাও","['analytics', 'crm']"
"10 অক্টোবর থেকে এখন পর্যন্ত কোনো সময় এনগেজড ইউজার 11-এর চেয়ে কম হয়েছিল কি না একটু দেখবে? হয়ে থাকলে CRM থেকে Lena-কে অ্যাসাইন করা সব lead ডিলিট করো","['customer_relationship_manager.delete_customer.func(customer_id=""00000187"")', 'customer_relationship_manager.delete_customer.func(customer_id=""00000076"")', 'customer_relationship_manager.delete_customer.func(customer_id=""00000188"")', 'customer_relationship_manager.delete_customer.func(customer_id=""00000034"")', 'customer_relationship_manager.delete_customer.func(customer_id=""00000180"")', 'customer_relationship_manager.delete_customer.func(customer_id=""00000017"")', 'customer_relationship_manager.delete_customer.func(customer_id=""00000063"")', 'customer_relationship_manager.delete_customer.func(customer_id=""00000177"")', 'customer_relationship_manager.delete_customer.func(customer_id=""00000113"")', 'customer_relationship_manager.delete_customer.func(customer_id=""00000015"")', 'customer_relationship_manager.delete_customer.func(customer_id=""00000110"")']","If {natural_language_metric} was {more_or_less} than {threshold} at any time since {natural_language_date} delete all {assigned_to_first_name}'s leads in the CRM","{natural_language_date} থেকে এখন পর্যন্ত কোনো সময় {natural_language_metric} {threshold}-এর চেয়ে {more_or_less} হয়েছিল কি না একটু দেখবে? হয়ে থাকলে CRM থেকে {assigned_to_first_name}-কে অ্যাসাইন করা সব lead ডিলিট করো","['analytics', 'crm']"
"আমার মনে হয় 19 সেপ্টেম্বর থেকে এখন পর্যন্ত কোনো এক সময় এনগেজড ইউজার 1-এর চেয়ে বেশি হয়ে থাকতে পারে। একটু চেক করে দেখো, হয়ে থাকলে CRM থেকে Raj-এর সব lead ডিলিট করে দাও","['customer_relationship_manager.delete_customer.func(customer_id=""00000154"")', 'customer_relationship_manager.delete_customer.func(customer_id=""00000149"")', 'customer_relationship_manager.delete_customer.func(customer_id=""00000032"")', 'customer_relationship_manager.delete_customer.func(customer_id=""00000194"")', 'customer_relationship_manager.delete_customer.func(customer_id=""00000129"")', 'customer_relationship_manager.delete_customer.func(customer_id=""00000062"")', 'customer_relationship_manager.delete_customer.func(customer_id=""00000100"")', 'customer_relationship_manager.delete_customer.func(customer_id=""00000108"")', 'customer_relationship_manager.delete_customer.func(customer_id=""00000065"")', 'customer_relationship_manager.delete_customer.func(customer_id=""00000152"")']","If {natural_language_metric} was {more_or_less} than {threshold} at any time since {natural_language_date} delete all {assigned_to_first_name}'s leads in the CRM","আমার মনে হয় {natural_language_date} থেকে এখন পর্যন্ত কোনো এক সময় {natural_language_metric} {threshold}-এর চেয়ে {more_or_less} হয়ে থাকতে পারে। একটু চেক করে দেখো, হয়ে থাকলে CRM থেকে {assigned_to_first_name}-এর সব lead ডিলিট করে দাও","['analytics', 'crm']"
"আমার মনে হয় 12 সেপ্টেম্বর থেকে এখন পর্যন্ত কোনো এক সময় এনগেজড ইউজার 1-এর চেয়ে কম হয়ে থাকতে পারে। একটু চেক করে দেখো, হয়ে থাকলে CRM থেকে Akira-এর সব lead ডিলিট করে দাও","['customer_relationship_manager.delete_customer.func(customer_id=""00000167"")', 'customer_relationship_manager.delete_customer.func(customer_id=""00000095"")', 'customer_relationship_manager.delete_customer.func(customer_id=""00000004"")', 'customer_relationship_manager.delete_customer.func(customer_id=""00000160"")', 'customer_relationship_manager.delete_customer.func(customer_id=""00000080"")', 'customer_relationship_manager.delete_customer.func(customer_id=""00000035"")', 'customer_relationship_manager.delete_customer.func(customer_id=""00000012"")', 'customer_relationship_manager.delete_customer.func(customer_id=""00000155"")']","If {natural_language_metric} was {more_or_less} than {threshold} at any time since {natural_language_date} delete all {assigned_to_first_name}'s leads in the CRM","আমার মনে হয় {natural_language_date} থেকে এখন পর্যন্ত কোনো এক সময় {natural_language_metric} {threshold}-এর চেয়ে {more_or_less} হয়ে থাকতে পারে। একটু চেক করে দেখো, হয়ে থাকলে CRM থেকে {assigned_to_first_name}-এর সব lead ডিলিট করে দাও","['analytics', 'crm']"
"8 সেপ্টেম্বর থেকে এখন পর্যন্ত কোনো সময় মোট ভিজিট 10-এর চেয়ে বেশি হয়েছিল কি না একটু দেখবে? হয়ে থাকলে CRM থেকে Sofia-কে অ্যাসাইন করা সব lead ডিলিট করো","['customer_relationship_manager.delete_customer.func(customer_id=""00000025"")', 'customer_relationship_manager.delete_customer.func(customer_id=""00000051"")', 'customer_relationship_manager.delete_customer.func(customer_id=""00000021"")', 'customer_relationship_manager.delete_customer.func(customer_id=""00000013"")', 'customer_relationship_manager.delete_customer.func(customer_id=""00000116"")', 'customer_relationship_manager.delete_customer.func(customer_id=""00000010"")']","If {natural_language_metric} was {more_or_less} than {threshold} at any time since {natural_language_date} delete all {assigned_to_first_name}'s leads in the CRM","{natural_language_date} থেকে এখন পর্যন্ত কোনো সময় {natural_language_metric} {threshold}-এর চেয়ে {more_or_less} হয়েছিল কি না একটু দেখবে? হয়ে থাকলে CRM থেকে {assigned_to_first_name}-কে অ্যাসাইন করা সব lead ডিলিট করো","['analytics', 'crm']"
"carlos-এর কোনো ওভারডিউ টাস্ক আছে কি না একটু দেখবে? থাকলে কাল আমার সবচেয়ে আগের ফাঁকা সময়ে তার সাথে ‘Catch up on overdue tasks’ নামে 30 মিনিটের একটা মিটিং বুক করো, আর ‘Discuss overdue tasks’ সাবজেক্ট দিয়ে তাকে একটা ইমেইল পাঠাও, লেখো ‘I noticed you have a few overdue tasks - let's catch up tomorrow.’ না থাকলে তাকে একটা ইমেইল পাঠাও, তাতে লেখা থাকবে ‘Nice work keeping on top of your tasks this sprint!’ আর সাবজেক্ট হবে ‘Good work this sprint’","['email.send_email.func(recipient=""carlos.rodriguez@atlas.com"", subject=""Good work this sprint"", body=""Nice work keeping on top of your tasks this sprint!"")']","If {name} has any overdue tasks, book a half hour meeting with them called 'Catch up on overdue tasks' at the earliest time I'm free tomorrow and send them an email titled 'Discuss overdue tasks' saying 'I noticed you have a few overdue tasks - let's catch up tomorrow.' Otherwise email them with 'Nice work keeping on top of your tasks this sprint!' titled 'Good work this sprint'","{name}-এর কোনো ওভারডিউ টাস্ক আছে কি না একটু দেখবে? থাকলে কাল আমার সবচেয়ে আগের ফাঁকা সময়ে তার সাথে ‘Catch up on overdue tasks’ নামে 30 মিনিটের একটা মিটিং বুক করো, আর ‘Discuss overdue tasks’ সাবজেক্ট দিয়ে তাকে একটা ইমেইল পাঠাও, লেখো ‘I noticed you have a few overdue tasks - let's catch up tomorrow.’ না থাকলে তাকে একটা ইমেইল পাঠাও, তাতে লেখা থাকবে ‘Nice work keeping on top of your tasks this sprint!’ আর সাবজেক্ট হবে ‘Good work this sprint’","['email', 'calendar', 'project_management']"
"leila-এর কোনো ওভারডিউ টাস্ক আছে কি না একটু দেখবে? থাকলে কাল আমার সবচেয়ে আগের ফাঁকা সময়ে তার সাথে ‘Catch up on overdue tasks’ নামে 30 মিনিটের একটা মিটিং বুক করো, আর ‘Discuss overdue tasks’ সাবজেক্ট দিয়ে তাকে একটা ইমেইল পাঠাও, লেখো ‘I noticed you have a few overdue tasks - let's catch up tomorrow.’ না থাকলে তাকে একটা ইমেইল পাঠাও, তাতে লেখা থাকবে ‘Nice work keeping on top of your tasks this sprint!’ আর সাবজেক্ট হবে ‘Good work this sprint’","['calendar.create_event.func(event_name=""Catch up on overdue tasks"", participant_email=""leila.azizi@atlas.com"", event_start=""2023-12-01 13:00:00"", duration=""30"")', 'email.send_email.func(recipient=""leila.azizi@atlas.com"", subject=""Discuss overdue tasks"", body=""I noticed you have a few overdue tasks - let\'s catch up tomorrow."")']","If {name} has any overdue tasks, book a half hour meeting with them called 'Catch up on overdue tasks' at the earliest time I'm free tomorrow and send them an email titled 'Discuss overdue tasks' saying 'I noticed you have a few overdue tasks - let's catch up tomorrow.' Otherwise email them with 'Nice work keeping on top of your tasks this sprint!' titled 'Good work this sprint'","{name}-এর কোনো ওভারডিউ টাস্ক আছে কি না একটু দেখবে? থাকলে কাল আমার সবচেয়ে আগের ফাঁকা সময়ে তার সাথে ‘Catch up on overdue tasks’ নামে 30 মিনিটের একটা মিটিং বুক করো, আর ‘Discuss overdue tasks’ সাবজেক্ট দিয়ে তাকে একটা ইমেইল পাঠাও, লেখো ‘I noticed you have a few overdue tasks - let's catch up tomorrow.’ না থাকলে তাকে একটা ইমেইল পাঠাও, তাতে লেখা থাকবে ‘Nice work keeping on top of your tasks this sprint!’ আর সাবজেক্ট হবে ‘Good work this sprint’","['email', 'calendar', 'project_management']"
"olga-এর যদি কোনো ওভারডিউ টাস্ক থাকে, তাহলে কাল আমার সবচেয়ে আগের ফাঁকা সময়ে তার সাথে ‘Catch up on overdue tasks’ নামে আধা ঘণ্টার একটা মিটিং বুক করো, আর তাকে ‘Discuss overdue tasks’ সাবজেক্ট দিয়ে একটা ইমেইল পাঠাও, যেখানে লেখা থাকবে ‘I noticed you have a few overdue tasks - let's catch up tomorrow.’ না থাকলে তাকে ‘Nice work keeping on top of your tasks this sprint!’ লিখে ‘Good work this sprint’ সাবজেক্টে ইমেইল করো","['calendar.create_event.func(event_name=""Catch up on overdue tasks"", participant_email=""olga.petrova@atlas.com"", event_start=""2023-12-01 13:00:00"", duration=""30"")', 'email.send_email.func(recipient=""olga.petrova@atlas.com"", subject=""Discuss overdue tasks"", body=""I noticed you have a few overdue tasks - let\'s catch up tomorrow."")']","If {name} has any overdue tasks, book a half hour meeting with them called 'Catch up on overdue tasks' at the earliest time I'm free tomorrow and send them an email titled 'Discuss overdue tasks' saying 'I noticed you have a few overdue tasks - let's catch up tomorrow.' Otherwise email them with 'Nice work keeping on top of your tasks this sprint!' titled 'Good work this sprint'","{name}-এর যদি কোনো ওভারডিউ টাস্ক থাকে, তাহলে কাল আমার সবচেয়ে আগের ফাঁকা সময়ে তার সাথে ‘Catch up on overdue tasks’ নামে আধা ঘণ্টার একটা মিটিং বুক করো, আর তাকে ‘Discuss overdue tasks’ সাবজেক্ট দিয়ে একটা ইমেইল পাঠাও, যেখানে লেখা থাকবে ‘I noticed you have a few overdue tasks - let's catch up tomorrow.’ না থাকলে তাকে ‘Nice work keeping on top of your tasks this sprint!’ লিখে ‘Good work this sprint’ সাবজেক্টে ইমেইল করো","['email', 'calendar', 'project_management']"
"luis-এর কোনো ওভারডিউ টাস্ক আছে কি না একটু দেখবে? থাকলে কাল আমার সবচেয়ে আগের ফাঁকা সময়ে তার সাথে ‘Catch up on overdue tasks’ নামে 30 মিনিটের একটা মিটিং বুক করো, আর ‘Discuss overdue tasks’ সাবজেক্ট দিয়ে তাকে একটা ইমেইল পাঠাও, লেখো ‘I noticed you have a few overdue tasks - let's catch up tomorrow.’ না থাকলে তাকে একটা ইমেইল পাঠাও, তাতে লেখা থাকবে ‘Nice work keeping on top of your tasks this sprint!’ আর সাবজেক্ট হবে ‘Good work this sprint’","['calendar.create_event.func(event_name=""Catch up on overdue tasks"", participant_email=""luis.ortiz@atlas.com"", event_start=""2023-12-01 13:00:00"", duration=""30"")', 'email.send_email.func(recipient=""luis.ortiz@atlas.com"", subject=""Discuss overdue tasks"", body=""I noticed you have a few overdue tasks - let\'s catch up tomorrow."")']","If {name} has any overdue tasks, book a half hour meeting with them called 'Catch up on overdue tasks' at the earliest time I'm free tomorrow and send them an email titled 'Discuss overdue tasks' saying 'I noticed you have a few overdue tasks - let's catch up tomorrow.' Otherwise email them with 'Nice work keeping on top of your tasks this sprint!' titled 'Good work this sprint'","{name}-এর কোনো ওভারডিউ টাস্ক আছে কি না একটু দেখবে? থাকলে কাল আমার সবচেয়ে আগের ফাঁকা সময়ে তার সাথে ‘Catch up on overdue tasks’ নামে 30 মিনিটের একটা মিটিং বুক করো, আর ‘Discuss overdue tasks’ সাবজেক্ট দিয়ে তাকে একটা ইমেইল পাঠাও, লেখো ‘I noticed you have a few overdue tasks - let's catch up tomorrow.’ না থাকলে তাকে একটা ইমেইল পাঠাও, তাতে লেখা থাকবে ‘Nice work keeping on top of your tasks this sprint!’ আর সাবজেক্ট হবে ‘Good work this sprint’","['email', 'calendar', 'project_management']"
"আমার মনে হয় dmitri-এর কিছু ওভারডিউ টাস্ক থাকতে পারে। একটু চেক করে দেখো, থাকলে কাল আমি সবচেয়ে আগে যখন ফ্রি থাকব তখন তার সাথে ‘Catch up on overdue tasks’ নামে আধা ঘণ্টার একটা মিটিং বুক করো আর তাকে ‘Discuss overdue tasks’ সাবজেক্টে একটা ইমেইল পাঠাও, তাতে লিখবে ‘I noticed you have a few overdue tasks - let's catch up tomorrow.’ না থাকলে ‘Nice work keeping on top of your tasks this sprint!’ লিখে তাকে ‘Good work this sprint’ সাবজেক্টে একটা ইমেইল করো","['email.send_email.func(recipient=""dmitri.ivanov@atlas.com"", subject=""Good work this sprint"", body=""Nice work keeping on top of your tasks this sprint!"")']","If {name} has any overdue tasks, book a half hour meeting with them called 'Catch up on overdue tasks' at the earliest time I'm free tomorrow and send them an email titled 'Discuss overdue tasks' saying 'I noticed you have a few overdue tasks - let's catch up tomorrow.' Otherwise email them with 'Nice work keeping on top of your tasks this sprint!' titled 'Good work this sprint'","আমার মনে হয় {name}-এর কিছু ওভারডিউ টাস্ক থাকতে পারে। একটু চেক করে দেখো, থাকলে কাল আমি সবচেয়ে আগে যখন ফ্রি থাকব তখন তার সাথে ‘Catch up on overdue tasks’ নামে আধা ঘণ্টার একটা মিটিং বুক করো আর তাকে ‘Discuss overdue tasks’ সাবজেক্টে একটা ইমেইল পাঠাও, তাতে লিখবে ‘I noticed you have a few overdue tasks - let's catch up tomorrow.’ না থাকলে ‘Nice work keeping on top of your tasks this sprint!’ লিখে তাকে ‘Good work this sprint’ সাবজেক্টে একটা ইমেইল করো","['email', 'calendar', 'project_management']"
"dmitri-এর কোনো ওভারডিউ টাস্ক আছে কি না একটু দেখবে? থাকলে কাল আমার সবচেয়ে আগের ফাঁকা সময়ে তার সাথে ‘Catch up on overdue tasks’ নামে 30 মিনিটের একটা মিটিং বুক করো, আর ‘Discuss overdue tasks’ সাবজেক্ট দিয়ে তাকে একটা ইমেইল পাঠাও, লেখো ‘I noticed you have a few overdue tasks - let's catch up tomorrow.’ না থাকলে তাকে একটা ইমেইল পাঠাও, তাতে লেখা থাকবে ‘Nice work keeping on top of your tasks this sprint!’ আর সাবজেক্ট হবে ‘Good work this sprint’","['email.send_email.func(recipient=""dmitri.ivanov@atlas.com"", subject=""Good work this sprint"", body=""Nice work keeping on top of your tasks this sprint!"")']","If {name} has any overdue tasks, book a half hour meeting with them called 'Catch up on overdue tasks' at the earliest time I'm free tomorrow and send them an email titled 'Discuss overdue tasks' saying 'I noticed you have a few overdue tasks - let's catch up tomorrow.' Otherwise email them with 'Nice work keeping on top of your tasks this sprint!' titled 'Good work this sprint'","{name}-এর কোনো ওভারডিউ টাস্ক আছে কি না একটু দেখবে? থাকলে কাল আমার সবচেয়ে আগের ফাঁকা সময়ে তার সাথে ‘Catch up on overdue tasks’ নামে 30 মিনিটের একটা মিটিং বুক করো, আর ‘Discuss overdue tasks’ সাবজেক্ট দিয়ে তাকে একটা ইমেইল পাঠাও, লেখো ‘I noticed you have a few overdue tasks - let's catch up tomorrow.’ না থাকলে তাকে একটা ইমেইল পাঠাও, তাতে লেখা থাকবে ‘Nice work keeping on top of your tasks this sprint!’ আর সাবজেক্ট হবে ‘Good work this sprint’","['email', 'calendar', 'project_management']"
"yuki-এর কোনো ওভারডিউ টাস্ক আছে কি না একটু দেখবে? থাকলে কাল আমার সবচেয়ে আগের ফাঁকা সময়ে তার সাথে ‘Catch up on overdue tasks’ নামে 30 মিনিটের একটা মিটিং বুক করো, আর ‘Discuss overdue tasks’ সাবজেক্ট দিয়ে তাকে একটা ইমেইল পাঠাও, লেখো ‘I noticed you have a few overdue tasks - let's catch up tomorrow.’ না থাকলে তাকে একটা ইমেইল পাঠাও, তাতে লেখা থাকবে ‘Nice work keeping on top of your tasks this sprint!’ আর সাবজেক্ট হবে ‘Good work this sprint’","['email.send_email.func(recipient=""yuki.tanaka@atlas.com"", subject=""Good work this sprint"", body=""Nice work keeping on top of your tasks this sprint!"")']","If {name} has any overdue tasks, book a half hour meeting with them called 'Catch up on overdue tasks' at the earliest time I'm free tomorrow and send them an email titled 'Discuss overdue tasks' saying 'I noticed you have a few overdue tasks - let's catch up tomorrow.' Otherwise email them with 'Nice work keeping on top of your tasks this sprint!' titled 'Good work this sprint'","{name}-এর কোনো ওভারডিউ টাস্ক আছে কি না একটু দেখবে? থাকলে কাল আমার সবচেয়ে আগের ফাঁকা সময়ে তার সাথে ‘Catch up on overdue tasks’ নামে 30 মিনিটের একটা মিটিং বুক করো, আর ‘Discuss overdue tasks’ সাবজেক্ট দিয়ে তাকে একটা ইমেইল পাঠাও, লেখো ‘I noticed you have a few overdue tasks - let's catch up tomorrow.’ না থাকলে তাকে একটা ইমেইল পাঠাও, তাতে লেখা থাকবে ‘Nice work keeping on top of your tasks this sprint!’ আর সাবজেক্ট হবে ‘Good work this sprint’","['email', 'calendar', 'project_management']"
"আমার মনে হয় kofi-এর কিছু ওভারডিউ টাস্ক থাকতে পারে। একটু চেক করে দেখো, থাকলে কাল আমি সবচেয়ে আগে যখন ফ্রি থাকব তখন তার সাথে ‘Catch up on overdue tasks’ নামে আধা ঘণ্টার একটা মিটিং বুক করো আর তাকে ‘Discuss overdue tasks’ সাবজেক্টে একটা ইমেইল পাঠাও, তাতে লিখবে ‘I noticed you have a few overdue tasks - let's catch up tomorrow.’ না থাকলে ‘Nice work keeping on top of your tasks this sprint!’ লিখে তাকে ‘Good work this sprint’ সাবজেক্টে একটা ইমেইল করো","['calendar.create_event.func(event_name=""Catch up on overdue tasks"", participant_email=""kofi.mensah@atlas.com"", event_start=""2023-12-01 13:00:00"", duration=""30"")', 'email.send_email.func(recipient=""kofi.mensah@atlas.com"", subject=""Discuss overdue tasks"", body=""I noticed you have a few overdue tasks - let\'s catch up tomorrow."")']","If {name} has any overdue tasks, book a half hour meeting with them called 'Catch up on overdue tasks' at the earliest time I'm free tomorrow and send them an email titled 'Discuss overdue tasks' saying 'I noticed you have a few overdue tasks - let's catch up tomorrow.' Otherwise email them with 'Nice work keeping on top of your tasks this sprint!' titled 'Good work this sprint'","আমার মনে হয় {name}-এর কিছু ওভারডিউ টাস্ক থাকতে পারে। একটু চেক করে দেখো, থাকলে কাল আমি সবচেয়ে আগে যখন ফ্রি থাকব তখন তার সাথে ‘Catch up on overdue tasks’ নামে আধা ঘণ্টার একটা মিটিং বুক করো আর তাকে ‘Discuss overdue tasks’ সাবজেক্টে একটা ইমেইল পাঠাও, তাতে লিখবে ‘I noticed you have a few overdue tasks - let's catch up tomorrow.’ না থাকলে ‘Nice work keeping on top of your tasks this sprint!’ লিখে তাকে ‘Good work this sprint’ সাবজেক্টে একটা ইমেইল করো","['email', 'calendar', 'project_management']"
"chenwei-এর যদি কোনো ওভারডিউ টাস্ক থাকে, তাহলে কাল আমার সবচেয়ে আগের ফাঁকা সময়ে তার সাথে ‘Catch up on overdue tasks’ নামে আধা ঘণ্টার একটা মিটিং বুক করো, আর তাকে ‘Discuss overdue tasks’ সাবজেক্ট দিয়ে একটা ইমেইল পাঠাও, যেখানে লেখা থাকবে ‘I noticed you have a few overdue tasks - let's catch up tomorrow.’ না থাকলে তাকে ‘Nice work keeping on top of your tasks this sprint!’ লিখে ‘Good work this sprint’ সাবজেক্টে ইমেইল করো","['calendar.create_event.func(event_name=""Catch up on overdue tasks"", participant_email=""chenwei.zhang@atlas.com"", event_start=""2023-12-01 13:00:00"", duration=""30"")', 'email.send_email.func(recipient=""chenwei.zhang@atlas.com"", subject=""Discuss overdue tasks"", body=""I noticed you have a few overdue tasks - let\'s catch up tomorrow."")']","If {name} has any overdue tasks, book a half hour meeting with them called 'Catch up on overdue tasks' at the earliest time I'm free tomorrow and send them an email titled 'Discuss overdue tasks' saying 'I noticed you have a few overdue tasks - let's catch up tomorrow.' Otherwise email them with 'Nice work keeping on top of your tasks this sprint!' titled 'Good work this sprint'","{name}-এর যদি কোনো ওভারডিউ টাস্ক থাকে, তাহলে কাল আমার সবচেয়ে আগের ফাঁকা সময়ে তার সাথে ‘Catch up on overdue tasks’ নামে আধা ঘণ্টার একটা মিটিং বুক করো, আর তাকে ‘Discuss overdue tasks’ সাবজেক্ট দিয়ে একটা ইমেইল পাঠাও, যেখানে লেখা থাকবে ‘I noticed you have a few overdue tasks - let's catch up tomorrow.’ না থাকলে তাকে ‘Nice work keeping on top of your tasks this sprint!’ লিখে ‘Good work this sprint’ সাবজেক্টে ইমেইল করো","['email', 'calendar', 'project_management']"
"dmitri-এর যদি কোনো ওভারডিউ টাস্ক থাকে, তাহলে কাল আমার সবচেয়ে আগের ফাঁকা সময়ে তার সাথে ‘Catch up on overdue tasks’ নামে আধা ঘণ্টার একটা মিটিং বুক করো, আর তাকে ‘Discuss overdue tasks’ সাবজেক্ট দিয়ে একটা ইমেইল পাঠাও, যেখানে লেখা থাকবে ‘I noticed you have a few overdue tasks - let's catch up tomorrow.’ না থাকলে তাকে ‘Nice work keeping on top of your tasks this sprint!’ লিখে ‘Good work this sprint’ সাবজেক্টে ইমেইল করো","['email.send_email.func(recipient=""dmitri.ivanov@atlas.com"", subject=""Good work this sprint"", body=""Nice work keeping on top of your tasks this sprint!"")']","If {name} has any overdue tasks, book a half hour meeting with them called 'Catch up on overdue tasks' at the earliest time I'm free tomorrow and send them an email titled 'Discuss overdue tasks' saying 'I noticed you have a few overdue tasks - let's catch up tomorrow.' Otherwise email them with 'Nice work keeping on top of your tasks this sprint!' titled 'Good work this sprint'","{name}-এর যদি কোনো ওভারডিউ টাস্ক থাকে, তাহলে কাল আমার সবচেয়ে আগের ফাঁকা সময়ে তার সাথে ‘Catch up on overdue tasks’ নামে আধা ঘণ্টার একটা মিটিং বুক করো, আর তাকে ‘Discuss overdue tasks’ সাবজেক্ট দিয়ে একটা ইমেইল পাঠাও, যেখানে লেখা থাকবে ‘I noticed you have a few overdue tasks - let's catch up tomorrow.’ না থাকলে তাকে ‘Nice work keeping on top of your tasks this sprint!’ লিখে ‘Good work this sprint’ সাবজেক্টে ইমেইল করো","['email', 'calendar', 'project_management']"
"13 নভেম্বর থেকে এখন পর্যন্ত কোনো সময় যদি মোট ভিজিট 21-এর চেয়ে কম হয়ে থাকে, তাহলে ফ্রন্ট-এন্ড বোর্ডে dmitri-এর জন্য 'Improve total visits' backlog টাস্ক বানাও, ডেডলাইন আগামী শুক্রবার; না হলে তাকে 'Recent total visits' সাবজেক্ট দিয়ে একটা ইমেইল পাঠাও, যেখানে লেখা থাকবে 'I noticed total visits has been stable, nice work!'","['project_management.create_task.func(task_name=""Improve total visits"", board=""Front end"", assigned_to_email=""dmitri.ivanov@atlas.com"", due_date=""2023-12-08"", list_name=""Backlog"")']","If {natural_language_metric} was {more_or_less} than {threshold} at any time since {natural_language_date} make a backlog task 'Improve {natural_language_metric}' for {name} on the front-end board with a deadline of next Friday otherwise send them an email titled 'Recent {natural_language_metric}' saying 'I noticed {natural_language_metric} has been stable, nice work!' ","{natural_language_date} থেকে এখন পর্যন্ত কোনো সময় যদি {natural_language_metric} {threshold}-এর চেয়ে {more_or_less} হয়ে থাকে, তাহলে ফ্রন্ট-এন্ড বোর্ডে {name}-এর জন্য 'Improve {natural_language_metric!en}' backlog টাস্ক বানাও, ডেডলাইন আগামী শুক্রবার; না হলে তাকে 'Recent {natural_language_metric!en}' সাবজেক্ট দিয়ে একটা ইমেইল পাঠাও, যেখানে লেখা থাকবে 'I noticed {natural_language_metric!en} has been stable, nice work!'","['analytics', 'email', 'project_management']"
"19 নভেম্বর থেকে এখন পর্যন্ত কোনো সময় মোট ভিজিট 10-এর চেয়ে বেশি হয়েছিল কি না একটু দেখবে? হয়ে থাকলে ফ্রন্ট-এন্ড backlog-এ aisha-এর জন্য 'Improve total visits' টাস্ক বানাও, ডেডলাইন আগামী শুক্রবার; না হলে তাকে 'Recent total visits' সাবজেক্টে একটা ইমেইল পাঠাও, লেখো 'I noticed total visits has been stable, nice work!'","['project_management.create_task.func(task_name=""Improve total visits"", board=""Front end"", assigned_to_email=""aisha.chen@atlas.com"", due_date=""2023-12-08"", list_name=""Backlog"")']","If {natural_language_metric} was {more_or_less} than {threshold} at any time since {natural_language_date} make a backlog task 'Improve {natural_language_metric}' for {name} on the front-end board with a deadline of next Friday otherwise send them an email titled 'Recent {natural_language_metric}' saying 'I noticed {natural_language_metric} has been stable, nice work!' ","{natural_language_date} থেকে এখন পর্যন্ত কোনো সময় {natural_language_metric} {threshold}-এর চেয়ে {more_or_less} হয়েছিল কি না একটু দেখবে? হয়ে থাকলে ফ্রন্ট-এন্ড backlog-এ {name}-এর জন্য 'Improve {natural_language_metric!en}' টাস্ক বানাও, ডেডলাইন আগামী শুক্রবার; না হলে তাকে 'Recent {natural_language_metric!en}' সাবজেক্টে একটা ইমেইল পাঠাও, লেখো 'I noticed {natural_language_metric!en} has been stable, nice work!'","['analytics', 'email', 'project_management']"
"23 অক্টোবর থেকে এখন পর্যন্ত কোনো সময় যদি এনগেজড ইউজার 11-এর চেয়ে বেশি হয়ে থাকে, তাহলে ফ্রন্ট-এন্ড বোর্ডে yuki-এর জন্য 'Improve engaged users' backlog টাস্ক বানাও, ডেডলাইন আগামী শুক্রবার; না হলে তাকে 'Recent engaged users' সাবজেক্ট দিয়ে একটা ইমেইল পাঠাও, যেখানে লেখা থাকবে 'I noticed engaged users has been stable, nice work!'","['email.send_email.func(recipient=""yuki.tanaka@atlas.com"", subject=""Recent engaged users"", body=""I noticed engaged users has been stable, nice work!"")']","If {natural_language_metric} was {more_or_less} than {threshold} at any time since {natural_language_date} make a backlog task 'Improve {natural_language_metric}' for {name} on the front-end board with a deadline of next Friday otherwise send them an email titled 'Recent {natural_language_metric}' saying 'I noticed {natural_language_metric} has been stable, nice work!' ","{natural_language_date} থেকে এখন পর্যন্ত কোনো সময় যদি {natural_language_metric} {threshold}-এর চেয়ে {more_or_less} হয়ে থাকে, তাহলে ফ্রন্ট-এন্ড বোর্ডে {name}-এর জন্য 'Improve {natural_language_metric!en}' backlog টাস্ক বানাও, ডেডলাইন আগামী শুক্রবার; না হলে তাকে 'Recent {natural_language_metric!en}' সাবজেক্ট দিয়ে একটা ইমেইল পাঠাও, যেখানে লেখা থাকবে 'I noticed {natural_language_metric!en} has been stable, nice work!'","['analytics', 'email', 'project_management']"
"13 অক্টোবর থেকে এখন পর্যন্ত কোনো সময় কি গড় সেশনের সময়কাল 19-এর চেয়ে কম হয়েছিল? হয়ে থাকলে dmitri-এর জন্য ফ্রন্ট-এন্ড বোর্ডে 'Improve average session duration' নামে একটা backlog টাস্ক বানাও, ডেডলাইন আগামী শুক্রবার; না হলে তাকে 'Recent average session duration' সাবজেক্টে একটা ইমেইল পাঠাও, তাতে লেখো 'I noticed average session duration has been stable, nice work!'","['project_management.create_task.func(task_name=""Improve average session duration"", board=""Front end"", assigned_to_email=""dmitri.ivanov@atlas.com"", due_date=""2023-12-08"", list_name=""Backlog"")']","If {natural_language_metric} was {more_or_less} than {threshold} at any time since {natural_language_date} make a backlog task 'Improve {natural_language_metric}' for {name} on the front-end board with a deadline of next Friday otherwise send them an email titled 'Recent {natural_language_metric}' saying 'I noticed {natural_language_metric} has been stable, nice work!' ","{natural_language_date} থেকে এখন পর্যন্ত কোনো সময় কি {natural_language_metric} {threshold}-এর চেয়ে {more_or_less} হয়েছিল? হয়ে থাকলে {name}-এর জন্য ফ্রন্ট-এন্ড বোর্ডে 'Improve {natural_language_metric!en}' নামে একটা backlog টাস্ক বানাও, ডেডলাইন আগামী শুক্রবার; না হলে তাকে 'Recent {natural_language_metric!en}' সাবজেক্টে একটা ইমেইল পাঠাও, তাতে লেখো 'I noticed {natural_language_metric!en} has been stable, nice work!'","['analytics', 'email', 'project_management']"
"10 অক্টোবর থেকে এখন পর্যন্ত কোনো সময় কি মোট ভিজিট 10-এর চেয়ে কম হয়েছিল? হয়ে থাকলে dmitri-এর জন্য ফ্রন্ট-এন্ড বোর্ডে 'Improve total visits' নামে একটা backlog টাস্ক বানাও, ডেডলাইন আগামী শুক্রবার; না হলে তাকে 'Recent total visits' সাবজেক্টে একটা ইমেইল পাঠাও, তাতে লেখো 'I noticed total visits has been stable, nice work!'","['project_management.create_task.func(task_name=""Improve total visits"", board=""Front end"", assigned_to_email=""dmitri.ivanov@atlas.com"", due_date=""2023-12-08"", list_name=""Backlog"")']","If {natural_language_metric} was {more_or_less} than {threshold} at any time since {natural_language_date} make a backlog task 'Improve {natural_language_metric}' for {name} on the front-end board with a deadline of next Friday otherwise send them an email titled 'Recent {natural_language_metric}' saying 'I noticed {natural_language_metric} has been stable, nice work!' ","{natural_language_date} থেকে এখন পর্যন্ত কোনো সময় কি {natural_language_metric} {threshold}-এর চেয়ে {more_or_less} হয়েছিল? হয়ে থাকলে {name}-এর জন্য ফ্রন্ট-এন্ড বোর্ডে 'Improve {natural_language_metric!en}' নামে একটা backlog টাস্ক বানাও, ডেডলাইন আগামী শুক্রবার; না হলে তাকে 'Recent {natural_language_metric!en}' সাবজেক্টে একটা ইমেইল পাঠাও, তাতে লেখো 'I noticed {natural_language_metric!en} has been stable, nice work!'","['analytics', 'email', 'project_management']"
"17 সেপ্টেম্বর থেকে এখন পর্যন্ত কোনো সময় কি মোট ভিজিট 10-এর চেয়ে বেশি হয়েছিল? হয়ে থাকলে kofi-এর জন্য ফ্রন্ট-এন্ড বোর্ডে 'Improve total visits' নামে একটা backlog টাস্ক বানাও, ডেডলাইন আগামী শুক্রবার; না হলে তাকে 'Recent total visits' সাবজেক্টে একটা ইমেইল পাঠাও, তাতে লেখো 'I noticed total visits has been stable, nice work!'","['project_management.create_task.func(task_name=""Improve total visits"", board=""Front end"", assigned_to_email=""kofi.mensah@atlas.com"", due_date=""2023-12-08"", list_name=""Backlog"")']","If {natural_language_metric} was {more_or_less} than {threshold} at any time since {natural_language_date} make a backlog task 'Improve {natural_language_metric}' for {name} on the front-end board with a deadline of next Friday otherwise send them an email titled 'Recent {natural_language_metric}' saying 'I noticed {natural_language_metric} has been stable, nice work!' ","{natural_language_date} থেকে এখন পর্যন্ত কোনো সময় কি {natural_language_metric} {threshold}-এর চেয়ে {more_or_less} হয়েছিল? হয়ে থাকলে {name}-এর জন্য ফ্রন্ট-এন্ড বোর্ডে 'Improve {natural_language_metric!en}' নামে একটা backlog টাস্ক বানাও, ডেডলাইন আগামী শুক্রবার; না হলে তাকে 'Recent {natural_language_metric!en}' সাবজেক্টে একটা ইমেইল পাঠাও, তাতে লেখো 'I noticed {natural_language_metric!en} has been stable, nice work!'","['analytics', 'email', 'project_management']"
"24 সেপ্টেম্বর থেকে এখন পর্যন্ত কোনো সময় যদি মোট ভিজিট 3-এর চেয়ে বেশি হয়ে থাকে, তাহলে ফ্রন্ট-এন্ড বোর্ডে olga-এর জন্য 'Improve total visits' backlog টাস্ক বানাও, ডেডলাইন আগামী শুক্রবার; না হলে তাকে 'Recent total visits' সাবজেক্ট দিয়ে একটা ইমেইল পাঠাও, যেখানে লেখা থাকবে 'I noticed total visits has been stable, nice work!'","['project_management.create_task.func(task_name=""Improve total visits"", board=""Front end"", assigned_to_email=""olga.petrova@atlas.com"", due_date=""2023-12-08"", list_name=""Backlog"")']","If {natural_language_metric} was {more_or_less} than {threshold} at any time since {natural_language_date} make a backlog task 'Improve {natural_language_metric}' for {name} on the front-end board with a deadline of next Friday otherwise send them an email titled 'Recent {natural_language_metric}' saying 'I noticed {natural_language_metric} has been stable, nice work!' ","{natural_language_date} থেকে এখন পর্যন্ত কোনো সময় যদি {natural_language_metric} {threshold}-এর চেয়ে {more_or_less} হয়ে থাকে, তাহলে ফ্রন্ট-এন্ড বোর্ডে {name}-এর জন্য 'Improve {natural_language_metric!en}' backlog টাস্ক বানাও, ডেডলাইন আগামী শুক্রবার; না হলে তাকে 'Recent {natural_language_metric!en}' সাবজেক্ট দিয়ে একটা ইমেইল পাঠাও, যেখানে লেখা থাকবে 'I noticed {natural_language_metric!en} has been stable, nice work!'","['analytics', 'email', 'project_management']"
"5 সেপ্টেম্বর থেকে এখন পর্যন্ত কোনো সময় এনগেজড ইউজার 1-এর চেয়ে বেশি হয়েছিল কি না একটু দেখবে? হয়ে থাকলে ফ্রন্ট-এন্ড backlog-এ chenwei-এর জন্য 'Improve engaged users' টাস্ক বানাও, ডেডলাইন আগামী শুক্রবার; না হলে তাকে 'Recent engaged users' সাবজেক্টে একটা ইমেইল পাঠাও, লেখো 'I noticed engaged users has been stable, nice work!'","['project_management.create_task.func(task_name=""Improve engaged users"", board=""Front end"", assigned_to_email=""chenwei.zhang@atlas.com"", due_date=""2023-12-08"", list_name=""Backlog"")']","If {natural_language_metric} was {more_or_less} than {threshold} at any time since {natural_language_date} make a backlog task 'Improve {natural_language_metric}' for {name} on the front-end board with a deadline of next Friday otherwise send them an email titled 'Recent {natural_language_metric}' saying 'I noticed {natural_language_metric} has been stable, nice work!' ","{natural_language_date} থেকে এখন পর্যন্ত কোনো সময় {natural_language_metric} {threshold}-এর চেয়ে {more_or_less} হয়েছিল কি না একটু দেখবে? হয়ে থাকলে ফ্রন্ট-এন্ড backlog-এ {name}-এর জন্য 'Improve {natural_language_metric!en}' টাস্ক বানাও, ডেডলাইন আগামী শুক্রবার; না হলে তাকে 'Recent {natural_language_metric!en}' সাবজেক্টে একটা ইমেইল পাঠাও, লেখো 'I noticed {natural_language_metric!en} has been stable, nice work!'","['analytics', 'email', 'project_management']"
"25 অক্টোবর থেকে এখন পর্যন্ত কোনো সময় কি মোট ভিজিট 21-এর চেয়ে কম হয়েছিল? হয়ে থাকলে santiago-এর জন্য ফ্রন্ট-এন্ড বোর্ডে 'Improve total visits' নামে একটা backlog টাস্ক বানাও, ডেডলাইন আগামী শুক্রবার; না হলে তাকে 'Recent total visits' সাবজেক্টে একটা ইমেইল পাঠাও, তাতে লেখো 'I noticed total visits has been stable, nice work!'","['project_management.create_task.func(task_name=""Improve total visits"", board=""Front end"", assigned_to_email=""santiago.martinez@atlas.com"", due_date=""2023-12-08"", list_name=""Backlog"")']","If {natural_language_metric} was {more_or_less} than {threshold} at any time since {natural_language_date} make a backlog task 'Improve {natural_language_metric}' for {name} on the front-end board with a deadline of next Friday otherwise send them an email titled 'Recent {natural_language_metric}' saying 'I noticed {natural_language_metric} has been stable, nice work!' ","{natural_language_date} থেকে এখন পর্যন্ত কোনো সময় কি {natural_language_metric} {threshold}-এর চেয়ে {more_or_less} হয়েছিল? হয়ে থাকলে {name}-এর জন্য ফ্রন্ট-এন্ড বোর্ডে 'Improve {natural_language_metric!en}' নামে একটা backlog টাস্ক বানাও, ডেডলাইন আগামী শুক্রবার; না হলে তাকে 'Recent {natural_language_metric!en}' সাবজেক্টে একটা ইমেইল পাঠাও, তাতে লেখো 'I noticed {natural_language_metric!en} has been stable, nice work!'","['analytics', 'email', 'project_management']"
"30 অক্টোবর থেকে এখন পর্যন্ত কোনো সময় গড় সেশনের সময়কাল 41-এর চেয়ে কম হয়েছিল কি না একটু দেখবে? হয়ে থাকলে ফ্রন্ট-এন্ড backlog-এ leila-এর জন্য 'Improve average session duration' টাস্ক বানাও, ডেডলাইন আগামী শুক্রবার; না হলে তাকে 'Recent average session duration' সাবজেক্টে একটা ইমেইল পাঠাও, লেখো 'I noticed average session duration has been stable, nice work!'","['project_management.create_task.func(task_name=""Improve average session duration"", board=""Front end"", assigned_to_email=""leila.azizi@atlas.com"", due_date=""2023-12-08"", list_name=""Backlog"")']","If {natural_language_metric} was {more_or_less} than {threshold} at any time since {natural_language_date} make a backlog task 'Improve {natural_language_metric}' for {name} on the front-end board with a deadline of next Friday otherwise send them an email titled 'Recent {natural_language_metric}' saying 'I noticed {natural_language_metric} has been stable, nice work!' ","{natural_language_date} থেকে এখন পর্যন্ত কোনো সময় {natural_language_metric} {threshold}-এর চেয়ে {more_or_less} হয়েছিল কি না একটু দেখবে? হয়ে থাকলে ফ্রন্ট-এন্ড backlog-এ {name}-এর জন্য 'Improve {natural_language_metric!en}' টাস্ক বানাও, ডেডলাইন আগামী শুক্রবার; না হলে তাকে 'Recent {natural_language_metric!en}' সাবজেক্টে একটা ইমেইল পাঠাও, লেখো 'I noticed {natural_language_metric!en} has been stable, nice work!'","['analytics', 'email', 'project_management']"
"বুধবার থেকে এনগেজড ইউজার শতকরা কত বেড়েছে একটু দেখবে? যদি মোট ভিজিটের চেয়ে বেশি বেড়ে থাকে, তাহলে yuki-এর জন্য ফ্রন্ট-এন্ড বোর্ডে 'Improve total visits' নামে একটা backlog টাস্ক বানাও, ডেডলাইন আগামী শুক্রবার, আর কাল আমি প্রথম যখন পারব তখন আমাদের জন্য 'Discuss engaged users' নামে আধা ঘণ্টার একটা মিটিং শিডিউল করো","[]","Check the percent growth of {natural_language_metric} since {day_of_week} and if was more than {natural_language_metric_2} make a backlog task called 'Improve {natural_language_metric_2}' for {name} on the front-end board with a deadline of next Friday. Also schedule a half-hour meeting called 'Discuss {natural_language_metric}' with them at the first time I can do tomorrow","{day_of_week} থেকে {natural_language_metric} শতকরা কত বেড়েছে একটু দেখবে? যদি {natural_language_metric_2}ের চেয়ে বেশি বেড়ে থাকে, তাহলে {name}-এর জন্য ফ্রন্ট-এন্ড বোর্ডে 'Improve {natural_language_metric_2!en}' নামে একটা backlog টাস্ক বানাও, ডেডলাইন আগামী শুক্রবার, আর কাল আমি প্রথম যখন পারব তখন আমাদের জন্য 'Discuss {natural_language_metric!en}' নামে আধা ঘণ্টার একটা মিটিং শিডিউল করো","['analytics', 'calendar', 'project_management']"
"শুক্রবার থেকে এনগেজড ইউজার শতকরা কত বেড়েছে, প্লিজ একটু দেখো। যদি গড় সেশনের সময়কালের চেয়ে বেশি বেড়ে থাকে, তাহলে kofi-এর জন্য 'Improve average session duration' নামে একটা ফ্রন্ট-এন্ড backlog টাস্ক বানাও, যার ডেডলাইন আগামী শুক্রবার, আর কাল আমার সবচেয়ে আগের ফাঁকা স্লটে আমাদের জন্য 'Discuss engaged users' নামে 30 মিনিটের একটা মিটিং শিডিউল করো","['project_management.create_task.func(task_name=""Improve average session duration"", board=""Front end"", assigned_to_email=""kofi.mensah@atlas.com"", due_date=""2023-12-08"", list_name=""Backlog"")', 'calendar.create_event.func(event_name=""Discuss engaged users"", participant_email=""kofi.mensah@atlas.com"", event_start=""2023-12-01 13:00:00"", duration=""30"")']","Check the percent growth of {natural_language_metric} since {day_of_week} and if was more than {natural_language_metric_2} make a backlog task called 'Improve {natural_language_metric_2}' for {name} on the front-end board with a deadline of next Friday. Also schedule a half-hour meeting called 'Discuss {natural_language_metric}' with them at the first time I can do tomorrow","{day_of_week} থেকে {natural_language_metric} শতকরা কত বেড়েছে, প্লিজ একটু দেখো। যদি {natural_language_metric_2}ের চেয়ে বেশি বেড়ে থাকে, তাহলে {name}-এর জন্য 'Improve {natural_language_metric_2!en}' নামে একটা ফ্রন্ট-এন্ড backlog টাস্ক বানাও, যার ডেডলাইন আগামী শুক্রবার, আর কাল আমার সবচেয়ে আগের ফাঁকা স্লটে আমাদের জন্য 'Discuss {natural_language_metric!en}' নামে 30 মিনিটের একটা মিটিং শিডিউল করো","['analytics', 'calendar', 'project_management']"
"রবিবার থেকে গড় সেশনের সময়কাল শতকরা কত বেড়েছে একটু দেখবে? যদি এনগেজড ইউজারের চেয়ে বেশি বেড়ে থাকে, তাহলে jinsoo-এর জন্য ফ্রন্ট-এন্ড বোর্ডে 'Improve engaged users' নামে একটা backlog টাস্ক বানাও, ডেডলাইন আগামী শুক্রবার, আর কাল আমি প্রথম যখন পারব তখন আমাদের জন্য 'Discuss average session duration' নামে আধা ঘণ্টার একটা মিটিং শিডিউল করো","[]","Check the percent growth of {natural_language_metric} since {day_of_week} and if was more than {natural_language_metric_2} make a backlog task called 'Improve {natural_language_metric_2}' for {name} on the front-end board with a deadline of next Friday. Also schedule a half-hour meeting called 'Discuss {natural_language_metric}' with them at the first time I can do tomorrow","{day_of_week} থেকে {natural_language_metric} শতকরা কত বেড়েছে একটু দেখবে? যদি {natural_language_metric_2}ের চেয়ে বেশি বেড়ে থাকে, তাহলে {name}-এর জন্য ফ্রন্ট-এন্ড বোর্ডে 'Improve {natural_language_metric_2!en}' নামে একটা backlog টাস্ক বানাও, ডেডলাইন আগামী শুক্রবার, আর কাল আমি প্রথম যখন পারব তখন আমাদের জন্য 'Discuss {natural_language_metric!en}' নামে আধা ঘণ্টার একটা মিটিং শিডিউল করো","['analytics', 'calendar', 'project_management']"
"বুধবার থেকে মোট ভিজিট শতকরা কত বেড়েছে দেখো, আর সেটা যদি এনগেজড ইউজারের চেয়ে বেশি হয়, তাহলে ফ্রন্ট-এন্ড বোর্ডে carlos-এর জন্য 'Improve engaged users' নামে একটা backlog টাস্ক বানাও, ডেডলাইন আগামী শুক্রবার। এছাড়া কাল আমি প্রথম যখন পারব তখন তার সাথে 'Discuss total visits' নামে আধা ঘণ্টার একটা মিটিংও শিডিউল করো","[]","Check the percent growth of {natural_language_metric} since {day_of_week} and if was more than {natural_language_metric_2} make a backlog task called 'Improve {natural_language_metric_2}' for {name} on the front-end board with a deadline of next Friday. Also schedule a half-hour meeting called 'Discuss {natural_language_metric}' with them at the first time I can do tomorrow","{day_of_week} থেকে {natural_language_metric} শতকরা কত বেড়েছে দেখো, আর সেটা যদি {natural_language_metric_2}ের চেয়ে বেশি হয়, তাহলে ফ্রন্ট-এন্ড বোর্ডে {name}-এর জন্য 'Improve {natural_language_metric_2!en}' নামে একটা backlog টাস্ক বানাও, ডেডলাইন আগামী শুক্রবার। এছাড়া কাল আমি প্রথম যখন পারব তখন তার সাথে 'Discuss {natural_language_metric!en}' নামে আধা ঘণ্টার একটা মিটিংও শিডিউল করো","['analytics', 'calendar', 'project_management']"
"শনিবার থেকে গড় সেশনের সময়কাল শতকরা কত বেড়েছে একটু দেখবে? যদি এনগেজড ইউজারের চেয়ে বেশি বেড়ে থাকে, তাহলে chenwei-এর জন্য ফ্রন্ট-এন্ড বোর্ডে 'Improve engaged users' নামে একটা backlog টাস্ক বানাও, ডেডলাইন আগামী শুক্রবার, আর কাল আমি প্রথম যখন পারব তখন আমাদের জন্য 'Discuss average session duration' নামে আধা ঘণ্টার একটা মিটিং শিডিউল করো","['project_management.create_task.func(task_name=""Improve engaged users"", board=""Front end"", assigned_to_email=""chenwei.zhang@atlas.com"", due_date=""2023-12-08"", list_name=""Backlog"")', 'calendar.create_event.func(event_name=""Discuss average session duration"", participant_email=""chenwei.zhang@atlas.com"", event_start=""2023-12-01 13:00:00"", duration=""30"")']","Check the percent growth of {natural_language_metric} since {day_of_week} and if was more than {natural_language_metric_2} make a backlog task called 'Improve {natural_language_metric_2}' for {name} on the front-end board with a deadline of next Friday. Also schedule a half-hour meeting called 'Discuss {natural_language_metric}' with them at the first time I can do tomorrow","{day_of_week} থেকে {natural_language_metric} শতকরা কত বেড়েছে একটু দেখবে? যদি {natural_language_metric_2}ের চেয়ে বেশি বেড়ে থাকে, তাহলে {name}-এর জন্য ফ্রন্ট-এন্ড বোর্ডে 'Improve {natural_language_metric_2!en}' নামে একটা backlog টাস্ক বানাও, ডেডলাইন আগামী শুক্রবার, আর কাল আমি প্রথম যখন পারব তখন আমাদের জন্য 'Discuss {natural_language_metric!en}' নামে আধা ঘণ্টার একটা মিটিং শিডিউল করো","['analytics', 'calendar', 'project_management']"
"বুধবার থেকে মোট ভিজিট শতকরা কত বেড়েছে, প্লিজ একটু দেখো। যদি এনগেজড ইউজারের চেয়ে বেশি বেড়ে থাকে, তাহলে nia-এর জন্য 'Improve engaged users' নামে একটা ফ্রন্ট-এন্ড backlog টাস্ক বানাও, যার ডেডলাইন আগামী শুক্রবার, আর কাল আমার সবচেয়ে আগের ফাঁকা স্লটে আমাদের জন্য 'Discuss total visits' নামে 30 মিনিটের একটা মিটিং শিডিউল করো","[]","Check the percent growth of {natural_language_metric} since {day_of_week} and if was more than {natural_language_metric_2} make a backlog task called 'Improve {natural_language_metric_2}' for {name} on the front-end board with a deadline of next Friday. Also schedule a half-hour meeting called 'Discuss {natural_language_metric}' with them at the first time I can do tomorrow","{day_of_week} থেকে {natural_language_metric} শতকরা কত বেড়েছে, প্লিজ একটু দেখো। যদি {natural_language_metric_2}ের চেয়ে বেশি বেড়ে থাকে, তাহলে {name}-এর জন্য 'Improve {natural_language_metric_2!en}' নামে একটা ফ্রন্ট-এন্ড backlog টাস্ক বানাও, যার ডেডলাইন আগামী শুক্রবার, আর কাল আমার সবচেয়ে আগের ফাঁকা স্লটে আমাদের জন্য 'Discuss {natural_language_metric!en}' নামে 30 মিনিটের একটা মিটিং শিডিউল করো","['analytics', 'calendar', 'project_management']"
"সোমবার থেকে মোট ভিজিট শতকরা কত বেড়েছে, প্লিজ একটু দেখো। যদি গড় সেশনের সময়কালের চেয়ে বেশি বেড়ে থাকে, তাহলে chenwei-এর জন্য 'Improve average session duration' নামে একটা ফ্রন্ট-এন্ড backlog টাস্ক বানাও, যার ডেডলাইন আগামী শুক্রবার, আর কাল আমার সবচেয়ে আগের ফাঁকা স্লটে আমাদের জন্য 'Discuss total visits' নামে 30 মিনিটের একটা মিটিং শিডিউল করো","['project_management.create_task.func(task_name=""Improve average session duration"", board=""Front end"", assigned_to_email=""chenwei.zhang@atlas.com"", due_date=""2023-12-08"", list_name=""Backlog"")', 'calendar.create_event.func(event_name=""Discuss total visits"", participant_email=""chenwei.zhang@atlas.com"", event_start=""2023-12-01 13:00:00"", duration=""30"")']","Check the percent growth of {natural_language_metric} since {day_of_week} and if was more than {natural_language_metric_2} make a backlog task called 'Improve {natural_language_metric_2}' for {name} on the front-end board with a deadline of next Friday. Also schedule a half-hour meeting called 'Discuss {natural_language_metric}' with them at the first time I can do tomorrow","{day_of_week} থেকে {natural_language_metric} শতকরা কত বেড়েছে, প্লিজ একটু দেখো। যদি {natural_language_metric_2}ের চেয়ে বেশি বেড়ে থাকে, তাহলে {name}-এর জন্য 'Improve {natural_language_metric_2!en}' নামে একটা ফ্রন্ট-এন্ড backlog টাস্ক বানাও, যার ডেডলাইন আগামী শুক্রবার, আর কাল আমার সবচেয়ে আগের ফাঁকা স্লটে আমাদের জন্য 'Discuss {natural_language_metric!en}' নামে 30 মিনিটের একটা মিটিং শিডিউল করো","['analytics', 'calendar', 'project_management']"
"শুক্রবার থেকে মোট ভিজিট শতকরা কত বেড়েছে, প্লিজ একটু দেখো। যদি গড় সেশনের সময়কালের চেয়ে বেশি বেড়ে থাকে, তাহলে nia-এর জন্য 'Improve average session duration' নামে একটা ফ্রন্ট-এন্ড backlog টাস্ক বানাও, যার ডেডলাইন আগামী শুক্রবার, আর কাল আমার সবচেয়ে আগের ফাঁকা স্লটে আমাদের জন্য 'Discuss total visits' নামে 30 মিনিটের একটা মিটিং শিডিউল করো","['project_management.create_task.func(task_name=""Improve average session duration"", board=""Front end"", assigned_to_email=""nia.johnson@atlas.com"", due_date=""2023-12-08"", list_name=""Backlog"")', 'calendar.create_event.func(event_name=""Discuss total visits"", participant_email=""nia.johnson@atlas.com"", event_start=""2023-12-01 13:00:00"", duration=""30"")']","Check the percent growth of {natural_language_metric} since {day_of_week} and if was more than {natural_language_metric_2} make a backlog task called 'Improve {natural_language_metric_2}' for {name} on the front-end board with a deadline of next Friday. Also schedule a half-hour meeting called 'Discuss {natural_language_metric}' with them at the first time I can do tomorrow","{day_of_week} থেকে {natural_language_metric} শতকরা কত বেড়েছে, প্লিজ একটু দেখো। যদি {natural_language_metric_2}ের চেয়ে বেশি বেড়ে থাকে, তাহলে {name}-এর জন্য 'Improve {natural_language_metric_2!en}' নামে একটা ফ্রন্ট-এন্ড backlog টাস্ক বানাও, যার ডেডলাইন আগামী শুক্রবার, আর কাল আমার সবচেয়ে আগের ফাঁকা স্লটে আমাদের জন্য 'Discuss {natural_language_metric!en}' নামে 30 মিনিটের একটা মিটিং শিডিউল করো","['analytics', 'calendar', 'project_management']"
"শনিবার থেকে গড় সেশনের সময়কাল শতকরা কত বেড়েছে দেখো, আর সেটা যদি এনগেজড ইউজারের চেয়ে বেশি হয়, তাহলে ফ্রন্ট-এন্ড বোর্ডে leila-এর জন্য 'Improve engaged users' নামে একটা backlog টাস্ক বানাও, ডেডলাইন আগামী শুক্রবার। এছাড়া কাল আমি প্রথম যখন পারব তখন তার সাথে 'Discuss average session duration' নামে আধা ঘণ্টার একটা মিটিংও শিডিউল করো","['project_management.create_task.func(task_name=""Improve engaged users"", board=""Front end"", assigned_to_email=""leila.azizi@atlas.com"", due_date=""2023-12-08"", list_name=""Backlog"")', 'calendar.create_event.func(event_name=""Discuss average session duration"", participant_email=""leila.azizi@atlas.com"", event_start=""2023-12-01 13:00:00"", duration=""30"")']","Check the percent growth of {natural_language_metric} since {day_of_week} and if was more than {natural_language_metric_2} make a backlog task called 'Improve {natural_language_metric_2}' for {name} on the front-end board with a deadline of next Friday. Also schedule a half-hour meeting called 'Discuss {natural_language_metric}' with them at the first time I can do tomorrow","{day_of_week} থেকে {natural_language_metric} শতকরা কত বেড়েছে দেখো, আর সেটা যদি {natural_language_metric_2}ের চেয়ে বেশি হয়, তাহলে ফ্রন্ট-এন্ড বোর্ডে {name}-এর জন্য 'Improve {natural_language_metric_2!en}' নামে একটা backlog টাস্ক বানাও, ডেডলাইন আগামী শুক্রবার। এছাড়া কাল আমি প্রথম যখন পারব তখন তার সাথে 'Discuss {natural_language_metric!en}' নামে আধা ঘণ্টার একটা মিটিংও শিডিউল করো","['analytics', 'calendar', 'project_management']"
"শুক্রবার থেকে গড় সেশনের সময়কাল শতকরা কত বেড়েছে দেখো, আর সেটা যদি এনগেজড ইউজারের চেয়ে বেশি হয়, তাহলে ফ্রন্ট-এন্ড বোর্ডে aisha-এর জন্য 'Improve engaged users' নামে একটা backlog টাস্ক বানাও, ডেডলাইন আগামী শুক্রবার। এছাড়া কাল আমি প্রথম যখন পারব তখন তার সাথে 'Discuss average session duration' নামে আধা ঘণ্টার একটা মিটিংও শিডিউল করো","[]","Check the percent growth of {natural_language_metric} since {day_of_week} and if was more than {natural_language_metric_2} make a backlog task called 'Improve {natural_language_metric_2}' for {name} on the front-end board with a deadline of next Friday. Also schedule a half-hour meeting called 'Discuss {natural_language_metric}' with them at the first time I can do tomorrow","{day_of_week} থেকে {natural_language_metric} শতকরা কত বেড়েছে দেখো, আর সেটা যদি {natural_language_metric_2}ের চেয়ে বেশি হয়, তাহলে ফ্রন্ট-এন্ড বোর্ডে {name}-এর জন্য 'Improve {natural_language_metric_2!en}' নামে একটা backlog টাস্ক বানাও, ডেডলাইন আগামী শুক্রবার। এছাড়া কাল আমি প্রথম যখন পারব তখন তার সাথে 'Discuss {natural_language_metric!en}' নামে আধা ঘণ্টার একটা মিটিংও শিডিউল করো","['analytics', 'calendar', 'project_management']"
"6 নভেম্বর থেকে এখন পর্যন্ত কোনো সময় কি এনগেজড ইউজার 1-এর চেয়ে কম হয়েছিল? হয়ে থাকলে CRM থেকে Raj-এর সব lead ডিলিট করো, তারপর তাকে 'Reprioritising' সাবজেক্টে একটা ইমেইল পাঠাও, যেখানে লেখা থাকবে 'engaged users looks good, so we no longer need you finding new leads'। না হলে ইমেইলে লিখো 'We need you to improve engaged users - TBD.'","['email.send_email.func(recipient=""raj.patel@atlas.com"", subject=""Reprioritising"", body=""We need you to improve engaged users - TBD."")']","If {natural_language_metric} was {more_or_less} than {threshold} at any time since {natural_language_date} delete {assigned_to_first_name}'s new leads in the CRM and send them an email titled 'Reprioritising'saying '{natural_language_metric} looks good, so we no longer need you finding new leads'.If not say in the email 'We need you to improve {natural_language_metric} - TBD.'","{natural_language_date} থেকে এখন পর্যন্ত কোনো সময় কি {natural_language_metric} {threshold}-এর চেয়ে {more_or_less} হয়েছিল? হয়ে থাকলে CRM থেকে {assigned_to_first_name}-এর সব lead ডিলিট করো, তারপর তাকে 'Reprioritising' সাবজেক্টে একটা ইমেইল পাঠাও, যেখানে লেখা থাকবে '{natural_language_metric!en} looks good, so we no longer need you finding new leads'। না হলে ইমেইলে লিখো 'We need you to improve {natural_language_metric!en} - TBD.'","['analytics', 'crm', 'email']"
"3 অক্টোবর থেকে এখন পর্যন্ত কোনো সময় এনগেজড ইউজার 5-এর চেয়ে বেশি হয়েছিল কি না একটু দেখবে? হয়ে থাকলে CRM থেকে Nadia-কে অ্যাসাইন করা সব lead ডিলিট করো আর তাকে 'Reprioritising' সাবজেক্ট দিয়ে একটা ইমেইল পাঠাও, লেখো 'engaged users looks good, so we no longer need you finding new leads'। না হলে লেখো 'We need you to improve engaged users - TBD.'","['customer_relationship_manager.delete_customer.func(customer_id=""00000117"")', 'customer_relationship_manager.delete_customer.func(customer_id=""00000133"")', 'customer_relationship_manager.delete_customer.func(customer_id=""00000109"")', 'customer_relationship_manager.delete_customer.func(customer_id=""00000115"")', 'customer_relationship_manager.delete_customer.func(customer_id=""00000128"")', 'customer_relationship_manager.delete_customer.func(customer_id=""00000031"")', 'customer_relationship_manager.delete_customer.func(customer_id=""00000151"")', 'email.send_email.func(recipient=""nadia.moreau@atlas.com"", subject=""Reprioritising"", body=""engaged users looks good, so we no longer need you finding new leads"")']","If {natural_language_metric} was {more_or_less} than {threshold} at any time since {natural_language_date} delete {assigned_to_first_name}'s new leads in the CRM and send them an email titled 'Reprioritising'saying '{natural_language_metric} looks good, so we no longer need you finding new leads'.If not say in the email 'We need you to improve {natural_language_metric} - TBD.'","{natural_language_date} থেকে এখন পর্যন্ত কোনো সময় {natural_language_metric} {threshold}-এর চেয়ে {more_or_less} হয়েছিল কি না একটু দেখবে? হয়ে থাকলে CRM থেকে {assigned_to_first_name}-কে অ্যাসাইন করা সব lead ডিলিট করো আর তাকে 'Reprioritising' সাবজেক্ট দিয়ে একটা ইমেইল পাঠাও, লেখো '{natural_language_metric!en} looks good, so we no longer need you finding new leads'। না হলে লেখো 'We need you to improve {natural_language_metric!en} - TBD.'","['analytics', 'crm', 'email']"
"30 অক্টোবর থেকে এখন পর্যন্ত কোনো সময় যদি মোট ভিজিট 21-এর চেয়ে কম হয়ে থাকে, তাহলে CRM থেকে Sofia-এর নতুন lead-গুলো ডিলিট করো এবং তাকে 'Reprioritising' সাবজেক্ট দিয়ে একটা ইমেইল পাঠাও, তাতে লেখো 'total visits looks good, so we no longer need you finding new leads'। না হলে ইমেইলে লেখো 'We need you to improve total visits - TBD.'","['customer_relationship_manager.delete_customer.func(customer_id=""00000025"")', 'customer_relationship_manager.delete_customer.func(customer_id=""00000051"")', 'customer_relationship_manager.delete_customer.func(customer_id=""00000021"")', 'customer_relationship_manager.delete_customer.func(customer_id=""00000013"")', 'customer_relationship_manager.delete_customer.func(customer_id=""00000116"")', 'customer_relationship_manager.delete_customer.func(customer_id=""00000010"")', 'email.send_email.func(recipient=""sofia.santos@atlas.com"", subject=""Reprioritising"", body=""total visits looks good, so we no longer need you finding new leads"")']","If {natural_language_metric} was {more_or_less} than {threshold} at any time since {natural_language_date} delete {assigned_to_first_name}'s new leads in the CRM and send them an email titled 'Reprioritising'saying '{natural_language_metric} looks good, so we no longer need you finding new leads'.If not say in the email 'We need you to improve {natural_language_metric} - TBD.'","{natural_language_date} থেকে এখন পর্যন্ত কোনো সময় যদি {natural_language_metric} {threshold}-এর চেয়ে {more_or_less} হয়ে থাকে, তাহলে CRM থেকে {assigned_to_first_name}-এর নতুন lead-গুলো ডিলিট করো এবং তাকে 'Reprioritising' সাবজেক্ট দিয়ে একটা ইমেইল পাঠাও, তাতে লেখো '{natural_language_metric!en} looks good, so we no longer need you finding new leads'। না হলে ইমেইলে লেখো 'We need you to improve {natural_language_metric!en} - TBD.'","['analytics', 'crm', 'email']"
"22 সেপ্টেম্বর থেকে এখন পর্যন্ত কোনো সময় এনগেজড ইউজার 11-এর চেয়ে কম হয়েছিল কি না একটু দেখবে? হয়ে থাকলে CRM থেকে Sofia-কে অ্যাসাইন করা সব lead ডিলিট করো আর তাকে 'Reprioritising' সাবজেক্ট দিয়ে একটা ইমেইল পাঠাও, লেখো 'engaged users looks good, so we no longer need you finding new leads'। না হলে লেখো 'We need you to improve engaged users - TBD.'","['customer_relationship_manager.delete_customer.func(customer_id=""00000025"")', 'customer_relationship_manager.delete_customer.func(customer_id=""00000051"")', 'customer_relationship_manager.delete_customer.func(customer_id=""00000021"")', 'customer_relationship_manager.delete_customer.func(customer_id=""00000013"")', 'customer_relationship_manager.delete_customer.func(customer_id=""00000116"")', 'customer_relationship_manager.delete_customer.func(customer_id=""00000010"")', 'email.send_email.func(recipient=""sofia.santos@atlas.com"", subject=""Reprioritising"", body=""engaged users looks good, so we no longer need you finding new leads"")']","If {natural_language_metric} was {more_or_less} than {threshold} at any time since {natural_language_date} delete {assigned_to_first_name}'s new leads in the CRM and send them an email titled 'Reprioritising'saying '{natural_language_metric} looks good, so we no longer need you finding new leads'.If not say in the email 'We need you to improve {natural_language_metric} - TBD.'","{natural_language_date} থেকে এখন পর্যন্ত কোনো সময় {natural_language_metric} {threshold}-এর চেয়ে {more_or_less} হয়েছিল কি না একটু দেখবে? হয়ে থাকলে CRM থেকে {assigned_to_first_name}-কে অ্যাসাইন করা সব lead ডিলিট করো আর তাকে 'Reprioritising' সাবজেক্ট দিয়ে একটা ইমেইল পাঠাও, লেখো '{natural_language_metric!en} looks good, so we no longer need you finding new leads'। না হলে লেখো 'We need you to improve {natural_language_metric!en} - TBD.'","['analytics', 'crm', 'email']"
"1 সেপ্টেম্বর থেকে এখন পর্যন্ত কোনো সময় কি মোট ভিজিট 21-এর চেয়ে কম হয়েছিল? হয়ে থাকলে CRM থেকে Akira-এর সব lead ডিলিট করো, তারপর তাকে 'Reprioritising' সাবজেক্টে একটা ইমেইল পাঠাও, যেখানে লেখা থাকবে 'total visits looks good, so we no longer need you finding new leads'। না হলে ইমেইলে লিখো 'We need you to improve total visits - TBD.'","['customer_relationship_manager.delete_customer.func(customer_id=""00000167"")', 'customer_relationship_manager.delete_customer.func(customer_id=""00000095"")', 'customer_relationship_manager.delete_customer.func(customer_id=""00000004"")', 'customer_relationship_manager.delete_customer.func(customer_id=""00000160"")', 'customer_relationship_manager.delete_customer.func(customer_id=""00000080"")', 'customer_relationship_manager.delete_customer.func(customer_id=""00000035"")', 'customer_relationship_manager.delete_customer.func(customer_id=""00000012"")', 'customer_relationship_manager.delete_customer.func(customer_id=""00000155"")', 'email.send_email.func(recipient=""akira.sato@atlas.com"", subject=""Reprioritising"", body=""total visits looks good, so we no longer need you finding new leads"")']","If {natural_language_metric} was {more_or_less} than {threshold} at any time since {natural_language_date} delete {assigned_to_first_name}'s new leads in the CRM and send them an email titled 'Reprioritising'saying '{natural_language_metric} looks good, so we no longer need you finding new leads'.If not say in the email 'We need you to improve {natural_language_metric} - TBD.'","{natural_language_date} থেকে এখন পর্যন্ত কোনো সময় কি {natural_language_metric} {threshold}-এর চেয়ে {more_or_less} হয়েছিল? হয়ে থাকলে CRM থেকে {assigned_to_first_name}-এর সব lead ডিলিট করো, তারপর তাকে 'Reprioritising' সাবজেক্টে একটা ইমেইল পাঠাও, যেখানে লেখা থাকবে '{natural_language_metric!en} looks good, so we no longer need you finding new leads'। না হলে ইমেইলে লিখো 'We need you to improve {natural_language_metric!en} - TBD.'","['analytics', 'crm', 'email']"
"21 নভেম্বর থেকে এখন পর্যন্ত কোনো সময় এনগেজড ইউজার 11-এর চেয়ে কম হয়েছিল কি না একটু দেখবে? হয়ে থাকলে CRM থেকে Raj-কে অ্যাসাইন করা সব lead ডিলিট করো আর তাকে 'Reprioritising' সাবজেক্ট দিয়ে একটা ইমেইল পাঠাও, লেখো 'engaged users looks good, so we no longer need you finding new leads'। না হলে লেখো 'We need you to improve engaged users - TBD.'","['customer_relationship_manager.delete_customer.func(customer_id=""00000154"")', 'customer_relationship_manager.delete_customer.func(customer_id=""00000149"")', 'customer_relationship_manager.delete_customer.func(customer_id=""00000032"")', 'customer_relationship_manager.delete_customer.func(customer_id=""00000194"")', 'customer_relationship_manager.delete_customer.func(customer_id=""00000129"")', 'customer_relationship_manager.delete_customer.func(customer_id=""00000062"")', 'customer_relationship_manager.delete_customer.func(customer_id=""00000100"")', 'customer_relationship_manager.delete_customer.func(customer_id=""00000108"")', 'customer_relationship_manager.delete_customer.func(customer_id=""00000065"")', 'customer_relationship_manager.delete_customer.func(customer_id=""00000152"")', 'email.send_email.func(recipient=""raj.patel@atlas.com"", subject=""Reprioritising"", body=""engaged users looks good, so we no longer need you finding new leads"")']","If {natural_language_metric} was {more_or_less} than {threshold} at any time since {natural_language_date} delete {assigned_to_first_name}'s new leads in the CRM and send them an email titled 'Reprioritising'saying '{natural_language_metric} looks good, so we no longer need you finding new leads'.If not say in the email 'We need you to improve {natural_language_metric} - TBD.'","{natural_language_date} থেকে এখন পর্যন্ত কোনো সময় {natural_language_metric} {threshold}-এর চেয়ে {more_or_less} হয়েছিল কি না একটু দেখবে? হয়ে থাকলে CRM থেকে {assigned_to_first_name}-কে অ্যাসাইন করা সব lead ডিলিট করো আর তাকে 'Reprioritising' সাবজেক্ট দিয়ে একটা ইমেইল পাঠাও, লেখো '{natural_language_metric!en} looks good, so we no longer need you finding new leads'। না হলে লেখো 'We need you to improve {natural_language_metric!en} - TBD.'","['analytics', 'crm', 'email']"
"6 নভেম্বর থেকে এখন পর্যন্ত কোনো সময় কি মোট ভিজিট 10-এর চেয়ে বেশি হয়েছিল? হয়ে থাকলে CRM থেকে Akira-এর সব lead ডিলিট করো, তারপর তাকে 'Reprioritising' সাবজেক্টে একটা ইমেইল পাঠাও, যেখানে লেখা থাকবে 'total visits looks good, so we no longer need you finding new leads'। না হলে ইমেইলে লিখো 'We need you to improve total visits - TBD.'","['customer_relationship_manager.delete_customer.func(customer_id=""00000167"")', 'customer_relationship_manager.delete_customer.func(customer_id=""00000095"")', 'customer_relationship_manager.delete_customer.func(customer_id=""00000004"")', 'customer_relationship_manager.delete_customer.func(customer_id=""00000160"")', 'customer_relationship_manager.delete_customer.func(customer_id=""00000080"")', 'customer_relationship_manager.delete_customer.func(customer_id=""00000035"")', 'customer_relationship_manager.delete_customer.func(customer_id=""00000012"")', 'customer_relationship_manager.delete_customer.func(customer_id=""00000155"")', 'email.send_email.func(recipient=""akira.sato@atlas.com"", subject=""Reprioritising"", body=""total visits looks good, so we no longer need you finding new leads"")']","If {natural_language_metric} was {more_or_less} than {threshold} at any time since {natural_language_date} delete {assigned_to_first_name}'s new leads in the CRM and send them an email titled 'Reprioritising'saying '{natural_language_metric} looks good, so we no longer need you finding new leads'.If not say in the email 'We need you to improve {natural_language_metric} - TBD.'","{natural_language_date} থেকে এখন পর্যন্ত কোনো সময় কি {natural_language_metric} {threshold}-এর চেয়ে {more_or_less} হয়েছিল? হয়ে থাকলে CRM থেকে {assigned_to_first_name}-এর সব lead ডিলিট করো, তারপর তাকে 'Reprioritising' সাবজেক্টে একটা ইমেইল পাঠাও, যেখানে লেখা থাকবে '{natural_language_metric!en} looks good, so we no longer need you finding new leads'। না হলে ইমেইলে লিখো 'We need you to improve {natural_language_metric!en} - TBD.'","['analytics', 'crm', 'email']"
"17 নভেম্বর থেকে এখন পর্যন্ত কোনো সময় কি এনগেজড ইউজার 5-এর চেয়ে কম হয়েছিল? হয়ে থাকলে CRM থেকে Nadia-এর সব lead ডিলিট করো, তারপর তাকে 'Reprioritising' সাবজেক্টে একটা ইমেইল পাঠাও, যেখানে লেখা থাকবে 'engaged users looks good, so we no longer need you finding new leads'। না হলে ইমেইলে লিখো 'We need you to improve engaged users - TBD.'","['customer_relationship_manager.delete_customer.func(customer_id=""00000117"")', 'customer_relationship_manager.delete_customer.func(customer_id=""00000133"")', 'customer_relationship_manager.delete_customer.func(customer_id=""00000109"")', 'customer_relationship_manager.delete_customer.func(customer_id=""00000115"")', 'customer_relationship_manager.delete_customer.func(customer_id=""00000128"")', 'customer_relationship_manager.delete_customer.func(customer_id=""00000031"")', 'customer_relationship_manager.delete_customer.func(customer_id=""00000151"")', 'email.send_email.func(recipient=""nadia.moreau@atlas.com"", subject=""Reprioritising"", body=""engaged users looks good, so we no longer need you finding new leads"")']","If {natural_language_metric} was {more_or_less} than {threshold} at any time since {natural_language_date} delete {assigned_to_first_name}'s new leads in the CRM and send them an email titled 'Reprioritising'saying '{natural_language_metric} looks good, so we no longer need you finding new leads'.If not say in the email 'We need you to improve {natural_language_metric} - TBD.'","{natural_language_date} থেকে এখন পর্যন্ত কোনো সময় কি {natural_language_metric} {threshold}-এর চেয়ে {more_or_less} হয়েছিল? হয়ে থাকলে CRM থেকে {assigned_to_first_name}-এর সব lead ডিলিট করো, তারপর তাকে 'Reprioritising' সাবজেক্টে একটা ইমেইল পাঠাও, যেখানে লেখা থাকবে '{natural_language_metric!en} looks good, so we no longer need you finding new leads'। না হলে ইমেইলে লিখো 'We need you to improve {natural_language_metric!en} - TBD.'","['analytics', 'crm', 'email']"
"4 সেপ্টেম্বর থেকে এখন পর্যন্ত কোনো সময় এনগেজড ইউজার 1-এর চেয়ে কম হয়েছিল কি না একটু দেখবে? হয়ে থাকলে CRM থেকে Raj-কে অ্যাসাইন করা সব lead ডিলিট করো আর তাকে 'Reprioritising' সাবজেক্ট দিয়ে একটা ইমেইল পাঠাও, লেখো 'engaged users looks good, so we no longer need you finding new leads'। না হলে লেখো 'We need you to improve engaged users - TBD.'","['customer_relationship_manager.delete_customer.func(customer_id=""00000154"")', 'customer_relationship_manager.delete_customer.func(customer_id=""00000149"")', 'customer_relationship_manager.delete_customer.func(customer_id=""00000032"")', 'customer_relationship_manager.delete_customer.func(customer_id=""00000194"")', 'customer_relationship_manager.delete_customer.func(customer_id=""00000129"")', 'customer_relationship_manager.delete_customer.func(customer_id=""00000062"")', 'customer_relationship_manager.delete_customer.func(customer_id=""00000100"")', 'customer_relationship_manager.delete_customer.func(customer_id=""00000108"")', 'customer_relationship_manager.delete_customer.func(customer_id=""00000065"")', 'customer_relationship_manager.delete_customer.func(customer_id=""00000152"")', 'email.send_email.func(recipient=""raj.patel@atlas.com"", subject=""Reprioritising"", body=""engaged users looks good, so we no longer need you finding new leads"")']","If {natural_language_metric} was {more_or_less} than {threshold} at any time since {natural_language_date} delete {assigned_to_first_name}'s new leads in the CRM and send them an email titled 'Reprioritising'saying '{natural_language_metric} looks good, so we no longer need you finding new leads'.If not say in the email 'We need you to improve {natural_language_metric} - TBD.'","{natural_language_date} থেকে এখন পর্যন্ত কোনো সময় {natural_language_metric} {threshold}-এর চেয়ে {more_or_less} হয়েছিল কি না একটু দেখবে? হয়ে থাকলে CRM থেকে {assigned_to_first_name}-কে অ্যাসাইন করা সব lead ডিলিট করো আর তাকে 'Reprioritising' সাবজেক্ট দিয়ে একটা ইমেইল পাঠাও, লেখো '{natural_language_metric!en} looks good, so we no longer need you finding new leads'। না হলে লেখো 'We need you to improve {natural_language_metric!en} - TBD.'","['analytics', 'crm', 'email']"
"15 সেপ্টেম্বর থেকে এখন পর্যন্ত কোনো সময় এনগেজড ইউজার 11-এর চেয়ে কম হয়েছিল কি না একটু দেখবে? হয়ে থাকলে CRM থেকে Raj-কে অ্যাসাইন করা সব lead ডিলিট করো আর তাকে 'Reprioritising' সাবজেক্ট দিয়ে একটা ইমেইল পাঠাও, লেখো 'engaged users looks good, so we no longer need you finding new leads'। না হলে লেখো 'We need you to improve engaged users - TBD.'","['customer_relationship_manager.delete_customer.func(customer_id=""00000154"")', 'customer_relationship_manager.delete_customer.func(customer_id=""00000149"")', 'customer_relationship_manager.delete_customer.func(customer_id=""00000032"")', 'customer_relationship_manager.delete_customer.func(customer_id=""00000194"")', 'customer_relationship_manager.delete_customer.func(customer_id=""00000129"")', 'customer_relationship_manager.delete_customer.func(customer_id=""00000062"")', 'customer_relationship_manager.delete_customer.func(customer_id=""00000100"")', 'customer_relationship_manager.delete_customer.func(customer_id=""00000108"")', 'customer_relationship_manager.delete_customer.func(customer_id=""00000065"")', 'customer_relationship_manager.delete_customer.func(customer_id=""00000152"")', 'email.send_email.func(recipient=""raj.patel@atlas.com"", subject=""Reprioritising"", body=""engaged users looks good, so we no longer need you finding new leads"")']","If {natural_language_metric} was {more_or_less} than {threshold} at any time since {natural_language_date} delete {assigned_to_first_name}'s new leads in the CRM and send them an email titled 'Reprioritising'saying '{natural_language_metric} looks good, so we no longer need you finding new leads'.If not say in the email 'We need you to improve {natural_language_metric} - TBD.'","{natural_language_date} থেকে এখন পর্যন্ত কোনো সময় {natural_language_metric} {threshold}-এর চেয়ে {more_or_less} হয়েছিল কি না একটু দেখবে? হয়ে থাকলে CRM থেকে {assigned_to_first_name}-কে অ্যাসাইন করা সব lead ডিলিট করো আর তাকে 'Reprioritising' সাবজেক্ট দিয়ে একটা ইমেইল পাঠাও, লেখো '{natural_language_metric!en} looks good, so we no longer need you finding new leads'। না হলে লেখো 'We need you to improve {natural_language_metric!en} - TBD.'","['analytics', 'crm', 'email']"
"4 সেপ্টেম্বর থেকে এখন পর্যন্ত কোনো সময় কি এনগেজড ইউজার 5-এর চেয়ে বেশি হয়েছিল? হয়ে থাকলে ফ্রন্ট-এন্ড বোর্ডের backlog-এ anaya-এর জন্য 'Improve engaged users' নামে একটা টাস্ক যোগ করো, ডেডলাইন আগামী শুক্রবার, আর কাল আমি সবচেয়ে আগে যখন ফ্রি থাকব তখন আমাদের জন্য 'Discuss engaged users' নামে আধা ঘণ্টার একটা মিটিং শিডিউল করো; না হলে তাকে 'Recent engaged users' সাবজেক্টে একটা ইমেইল পাঠাও, তাতে লেখো 'I noticed engaged users has been stable, nice work!'","['project_management.create_task.func(task_name=""Improve engaged users"", board=""Front end"", assigned_to_email=""anaya.patel@atlas.com"", due_date=""2023-12-08"", list_name=""Backlog"")', 'calendar.create_event.func(event_name=""Discuss engaged users"", participant_email=""anaya.patel@atlas.com"", event_start=""2023-12-01 13:00:00"", duration=""30"")']","If {natural_language_metric} was {more_or_less} than {threshold} at any time since {natural_language_date} make a backlog task 'Improve {natural_language_metric}' for {name} on the front-end board with a deadline of next Friday and schedule a half-hour meeting called 'Discuss {natural_language_metric}' for us at the first time I can do tomorrow otherwise send them an email titled 'Recent {natural_language_metric}' saying 'I noticed {natural_language_metric} has been stable, nice work!''","{natural_language_date} থেকে এখন পর্যন্ত কোনো সময় কি {natural_language_metric} {threshold}-এর চেয়ে {more_or_less} হয়েছিল? হয়ে থাকলে ফ্রন্ট-এন্ড বোর্ডের backlog-এ {name}-এর জন্য 'Improve {natural_language_metric!en}' নামে একটা টাস্ক যোগ করো, ডেডলাইন আগামী শুক্রবার, আর কাল আমি সবচেয়ে আগে যখন ফ্রি থাকব তখন আমাদের জন্য 'Discuss {natural_language_metric!en}' নামে আধা ঘণ্টার একটা মিটিং শিডিউল করো; না হলে তাকে 'Recent {natural_language_metric!en}' সাবজেক্টে একটা ইমেইল পাঠাও, তাতে লেখো 'I noticed {natural_language_metric!en} has been stable, nice work!'","['analytics', 'calendar', 'email', 'project_management']"
"26 সেপ্টেম্বর থেকে এখন পর্যন্ত কোনো সময় যদি এনগেজড ইউজার 1-এর চেয়ে কম হয়ে থাকে, তাহলে ফ্রন্ট-এন্ড বোর্ডে chenwei-এর জন্য 'Improve engaged users' backlog টাস্ক বানাও, ডেডলাইন আগামী শুক্রবার, আর কাল আমি প্রথম যখন পারব তখন আমাদের জন্য 'Discuss engaged users' নামে আধা ঘণ্টার একটা মিটিং শিডিউল করো; না হলে তাকে 'Recent engaged users' সাবজেক্ট দিয়ে একটা ইমেইল পাঠাও, যেখানে লেখা থাকবে 'I noticed engaged users has been stable, nice work!'","['project_management.create_task.func(task_name=""Improve engaged users"", board=""Front end"", assigned_to_email=""chenwei.zhang@atlas.com"", due_date=""2023-12-08"", list_name=""Backlog"")', 'calendar.create_event.func(event_name=""Discuss engaged users"", participant_email=""chenwei.zhang@atlas.com"", event_start=""2023-12-01 13:00:00"", duration=""30"")']","If {natural_language_metric} was {more_or_less} than {threshold} at any time since {natural_language_date} make a backlog task 'Improve {natural_language_metric}' for {name} on the front-end board with a deadline of next Friday and schedule a half-hour meeting called 'Discuss {natural_language_metric}' for us at the first time I can do tomorrow otherwise send them an email titled 'Recent {natural_language_metric}' saying 'I noticed {natural_language_metric} has been stable, nice work!''","{natural_language_date} থেকে এখন পর্যন্ত কোনো সময় যদি {natural_language_metric} {threshold}-এর চেয়ে {more_or_less} হয়ে থাকে, তাহলে ফ্রন্ট-এন্ড বোর্ডে {name}-এর জন্য 'Improve {natural_language_metric!en}' backlog টাস্ক বানাও, ডেডলাইন আগামী শুক্রবার, আর কাল আমি প্রথম যখন পারব তখন আমাদের জন্য 'Discuss {natural_language_metric!en}' নামে আধা ঘণ্টার একটা মিটিং শিডিউল করো; না হলে তাকে 'Recent {natural_language_metric!en}' সাবজেক্ট দিয়ে একটা ইমেইল পাঠাও, যেখানে লেখা থাকবে 'I noticed {natural_language_metric!en} has been stable, nice work!'","['analytics', 'calendar', 'email', 'project_management']"
"28 অক্টোবর থেকে এখন পর্যন্ত কোনো সময় কি গড় সেশনের সময়কাল 2-এর চেয়ে বেশি হয়েছিল? হয়ে থাকলে ফ্রন্ট-এন্ড বোর্ডের backlog-এ kofi-এর জন্য 'Improve average session duration' নামে একটা টাস্ক যোগ করো, ডেডলাইন আগামী শুক্রবার, আর কাল আমি সবচেয়ে আগে যখন ফ্রি থাকব তখন আমাদের জন্য 'Discuss average session duration' নামে আধা ঘণ্টার একটা মিটিং শিডিউল করো; না হলে তাকে 'Recent average session duration' সাবজেক্টে একটা ইমেইল পাঠাও, তাতে লেখো 'I noticed average session duration has been stable, nice work!'","['project_management.create_task.func(task_name=""Improve average session duration"", board=""Front end"", assigned_to_email=""kofi.mensah@atlas.com"", due_date=""2023-12-08"", list_name=""Backlog"")', 'calendar.create_event.func(event_name=""Discuss average session duration"", participant_email=""kofi.mensah@atlas.com"", event_start=""2023-12-01 13:00:00"", duration=""30"")']","If {natural_language_metric} was {more_or_less} than {threshold} at any time since {natural_language_date} make a backlog task 'Improve {natural_language_metric}' for {name} on the front-end board with a deadline of next Friday and schedule a half-hour meeting called 'Discuss {natural_language_metric}' for us at the first time I can do tomorrow otherwise send them an email titled 'Recent {natural_language_metric}' saying 'I noticed {natural_language_metric} has been stable, nice work!''","{natural_language_date} থেকে এখন পর্যন্ত কোনো সময় কি {natural_language_metric} {threshold}-এর চেয়ে {more_or_less} হয়েছিল? হয়ে থাকলে ফ্রন্ট-এন্ড বোর্ডের backlog-এ {name}-এর জন্য 'Improve {natural_language_metric!en}' নামে একটা টাস্ক যোগ করো, ডেডলাইন আগামী শুক্রবার, আর কাল আমি সবচেয়ে আগে যখন ফ্রি থাকব তখন আমাদের জন্য 'Discuss {natural_language_metric!en}' নামে আধা ঘণ্টার একটা মিটিং শিডিউল করো; না হলে তাকে 'Recent {natural_language_metric!en}' সাবজেক্টে একটা ইমেইল পাঠাও, তাতে লেখো 'I noticed {natural_language_metric!en} has been stable, nice work!'","['analytics', 'calendar', 'email', 'project_management']"
"14 সেপ্টেম্বর থেকে এখন পর্যন্ত কোনো সময় কি মোট ভিজিট 21-এর চেয়ে বেশি হয়েছিল? হয়ে থাকলে ফ্রন্ট-এন্ড বোর্ডের backlog-এ aisha-এর জন্য 'Improve total visits' নামে একটা টাস্ক যোগ করো, ডেডলাইন আগামী শুক্রবার, আর কাল আমি সবচেয়ে আগে যখন ফ্রি থাকব তখন আমাদের জন্য 'Discuss total visits' নামে আধা ঘণ্টার একটা মিটিং শিডিউল করো; না হলে তাকে 'Recent total visits' সাবজেক্টে একটা ইমেইল পাঠাও, তাতে লেখো 'I noticed total visits has been stable, nice work!'","['email.send_email.func(recipient=""aisha.chen@atlas.com"", subject=""Recent total visits"", body=""I noticed total visits has been stable, nice work!"")']","If {natural_language_metric} was {more_or_less} than {threshold} at any time since {natural_language_date} make a backlog task 'Improve {natural_language_metric}' for {name} on the front-end board with a deadline of next Friday and schedule a half-hour meeting called 'Discuss {natural_language_metric}' for us at the first time I can do tomorrow otherwise send them an email titled 'Recent {natural_language_metric}' saying 'I noticed {natural_language_metric} has been stable, nice work!''","{natural_language_date} থেকে এখন পর্যন্ত কোনো সময় কি {natural_language_metric} {threshold}-এর চেয়ে {more_or_less} হয়েছিল? হয়ে থাকলে ফ্রন্ট-এন্ড বোর্ডের backlog-এ {name}-এর জন্য 'Improve {natural_language_metric!en}' নামে একটা টাস্ক যোগ করো, ডেডলাইন আগামী শুক্রবার, আর কাল আমি সবচেয়ে আগে যখন ফ্রি থাকব তখন আমাদের জন্য 'Discuss {natural_language_metric!en}' নামে আধা ঘণ্টার একটা মিটিং শিডিউল করো; না হলে তাকে 'Recent {natural_language_metric!en}' সাবজেক্টে একটা ইমেইল পাঠাও, তাতে লেখো 'I noticed {natural_language_metric!en} has been stable, nice work!'","['analytics', 'calendar', 'email', 'project_management']"
"1 নভেম্বর থেকে এখন পর্যন্ত কোনো সময় কি এনগেজড ইউজার 1-এর চেয়ে বেশি হয়েছিল? হয়ে থাকলে ফ্রন্ট-এন্ড বোর্ডের backlog-এ yuki-এর জন্য 'Improve engaged users' নামে একটা টাস্ক যোগ করো, ডেডলাইন আগামী শুক্রবার, আর কাল আমি সবচেয়ে আগে যখন ফ্রি থাকব তখন আমাদের জন্য 'Discuss engaged users' নামে আধা ঘণ্টার একটা মিটিং শিডিউল করো; না হলে তাকে 'Recent engaged users' সাবজেক্টে একটা ইমেইল পাঠাও, তাতে লেখো 'I noticed engaged users has been stable, nice work!'","['project_management.create_task.func(task_name=""Improve engaged users"", board=""Front end"", assigned_to_email=""yuki.tanaka@atlas.com"", due_date=""2023-12-08"", list_name=""Backlog"")', 'calendar.create_event.func(event_name=""Discuss engaged users"", participant_email=""yuki.tanaka@atlas.com"", event_start=""2023-12-01 13:00:00"", duration=""30"")']","If {natural_language_metric} was {more_or_less} than {threshold} at any time since {natural_language_date} make a backlog task 'Improve {natural_language_metric}' for {name} on the front-end board with a deadline of next Friday and schedule a half-hour meeting called 'Discuss {natural_language_metric}' for us at the first time I can do tomorrow otherwise send them an email titled 'Recent {natural_language_metric}' saying 'I noticed {natural_language_metric} has been stable, nice work!''","{natural_language_date} থেকে এখন পর্যন্ত কোনো সময় কি {natural_language_metric} {threshold}-এর চেয়ে {more_or_less} হয়েছিল? হয়ে থাকলে ফ্রন্ট-এন্ড বোর্ডের backlog-এ {name}-এর জন্য 'Improve {natural_language_metric!en}' নামে একটা টাস্ক যোগ করো, ডেডলাইন আগামী শুক্রবার, আর কাল আমি সবচেয়ে আগে যখন ফ্রি থাকব তখন আমাদের জন্য 'Discuss {natural_language_metric!en}' নামে আধা ঘণ্টার একটা মিটিং শিডিউল করো; না হলে তাকে 'Recent {natural_language_metric!en}' সাবজেক্টে একটা ইমেইল পাঠাও, তাতে লেখো 'I noticed {natural_language_metric!en} has been stable, nice work!'","['analytics', 'calendar', 'email', 'project_management']"
"8 অক্টোবর থেকে এখন পর্যন্ত কোনো সময় মোট ভিজিট 10-এর চেয়ে কম হয়েছিল কি না একটু দেখবে? হয়ে থাকলে ফ্রন্ট-এন্ড backlog-এ luis-এর জন্য 'Improve total visits' টাস্ক বানাও, যার ডেডলাইন আগামী শুক্রবার, আর কাল আমি প্রথম যখন পারব তখন আমাদের জন্য 'Discuss total visits' নামে আধা ঘণ্টার একটা মিটিং শিডিউল করো; না হলে তাকে 'Recent total visits' সাবজেক্টে একটা ইমেইল পাঠাও, লেখো 'I noticed total visits has been stable, nice work!'","['project_management.create_task.func(task_name=""Improve total visits"", board=""Front end"", assigned_to_email=""luis.ortiz@atlas.com"", due_date=""2023-12-08"", list_name=""Backlog"")', 'calendar.create_event.func(event_name=""Discuss total visits"", participant_email=""luis.ortiz@atlas.com"", event_start=""2023-12-01 13:00:00"", duration=""30"")']","If {natural_language_metric} was {more_or_less} than {threshold} at any time since {natural_language_date} make a backlog task 'Improve {natural_language_metric}' for {name} on the front-end board with a deadline of next Friday and schedule a half-hour meeting called 'Discuss {natural_language_metric}' for us at the first time I can do tomorrow otherwise send them an email titled 'Recent {natural_language_metric}' saying 'I noticed {natural_language_metric} has been stable, nice work!''","{natural_language_date} থেকে এখন পর্যন্ত কোনো সময় {natural_language_metric} {threshold}-এর চেয়ে {more_or_less} হয়েছিল কি না একটু দেখবে? হয়ে থাকলে ফ্রন্ট-এন্ড backlog-এ {name}-এর জন্য 'Improve {natural_language_metric!en}' টাস্ক বানাও, যার ডেডলাইন আগামী শুক্রবার, আর কাল আমি প্রথম যখন পারব তখন আমাদের জন্য 'Discuss {natural_language_metric!en}' নামে আধা ঘণ্টার একটা মিটিং শিডিউল করো; না হলে তাকে 'Recent {natural_language_metric!en}' সাবজেক্টে একটা ইমেইল পাঠাও, লেখো 'I noticed {natural_language_metric!en} has been stable, nice work!'","['analytics', 'calendar', 'email', 'project_management']"
"26 সেপ্টেম্বর থেকে এখন পর্যন্ত কোনো সময় এনগেজড ইউজার 1-এর চেয়ে কম হয়েছিল কি না একটু দেখবে? হয়ে থাকলে ফ্রন্ট-এন্ড backlog-এ dmitri-এর জন্য 'Improve engaged users' টাস্ক বানাও, যার ডেডলাইন আগামী শুক্রবার, আর কাল আমি প্রথম যখন পারব তখন আমাদের জন্য 'Discuss engaged users' নামে আধা ঘণ্টার একটা মিটিং শিডিউল করো; না হলে তাকে 'Recent engaged users' সাবজেক্টে একটা ইমেইল পাঠাও, লেখো 'I noticed engaged users has been stable, nice work!'","['project_management.create_task.func(task_name=""Improve engaged users"", board=""Front end"", assigned_to_email=""dmitri.ivanov@atlas.com"", due_date=""2023-12-08"", list_name=""Backlog"")', 'calendar.create_event.func(event_name=""Discuss engaged users"", participant_email=""dmitri.ivanov@atlas.com"", event_start=""2023-12-01 13:00:00"", duration=""30"")']","If {natural_language_metric} was {more_or_less} than {threshold} at any time since {natural_language_date} make a backlog task 'Improve {natural_language_metric}' for {name} on the front-end board with a deadline of next Friday and schedule a half-hour meeting called 'Discuss {natural_language_metric}' for us at the first time I can do tomorrow otherwise send them an email titled 'Recent {natural_language_metric}' saying 'I noticed {natural_language_metric} has been stable, nice work!''","{natural_language_date} থেকে এখন পর্যন্ত কোনো সময় {natural_language_metric} {threshold}-এর চেয়ে {more_or_less} হয়েছিল কি না একটু দেখবে? হয়ে থাকলে ফ্রন্ট-এন্ড backlog-এ {name}-এর জন্য 'Improve {natural_language_metric!en}' টাস্ক বানাও, যার ডেডলাইন আগামী শুক্রবার, আর কাল আমি প্রথম যখন পারব তখন আমাদের জন্য 'Discuss {natural_language_metric!en}' নামে আধা ঘণ্টার একটা মিটিং শিডিউল করো; না হলে তাকে 'Recent {natural_language_metric!en}' সাবজেক্টে একটা ইমেইল পাঠাও, লেখো 'I noticed {natural_language_metric!en} has been stable, nice work!'","['analytics', 'calendar', 'email', 'project_management']"
"17 নভেম্বর থেকে এখন পর্যন্ত কোনো সময় মোট ভিজিট 10-এর চেয়ে কম হয়েছিল কি না একটু দেখবে? হয়ে থাকলে ফ্রন্ট-এন্ড backlog-এ amir-এর জন্য 'Improve total visits' টাস্ক বানাও, যার ডেডলাইন আগামী শুক্রবার, আর কাল আমি প্রথম যখন পারব তখন আমাদের জন্য 'Discuss total visits' নামে আধা ঘণ্টার একটা মিটিং শিডিউল করো; না হলে তাকে 'Recent total visits' সাবজেক্টে একটা ইমেইল পাঠাও, লেখো 'I noticed total visits has been stable, nice work!'","['project_management.create_task.func(task_name=""Improve total visits"", board=""Front end"", assigned_to_email=""amir.ali@atlas.com"", due_date=""2023-12-08"", list_name=""Backlog"")', 'calendar.create_event.func(event_name=""Discuss total visits"", participant_email=""amir.ali@atlas.com"", event_start=""2023-12-01 13:00:00"", duration=""30"")']","If {natural_language_metric} was {more_or_less} than {threshold} at any time since {natural_language_date} make a backlog task 'Improve {natural_language_metric}' for {name} on the front-end board with a deadline of next Friday and schedule a half-hour meeting called 'Discuss {natural_language_metric}' for us at the first time I can do tomorrow otherwise send them an email titled 'Recent {natural_language_metric}' saying 'I noticed {natural_language_metric} has been stable, nice work!''","{natural_language_date} থেকে এখন পর্যন্ত কোনো সময় {natural_language_metric} {threshold}-এর চেয়ে {more_or_less} হয়েছিল কি না একটু দেখবে? হয়ে থাকলে ফ্রন্ট-এন্ড backlog-এ {name}-এর জন্য 'Improve {natural_language_metric!en}' টাস্ক বানাও, যার ডেডলাইন আগামী শুক্রবার, আর কাল আমি প্রথম যখন পারব তখন আমাদের জন্য 'Discuss {natural_language_metric!en}' নামে আধা ঘণ্টার একটা মিটিং শিডিউল করো; না হলে তাকে 'Recent {natural_language_metric!en}' সাবজেক্টে একটা ইমেইল পাঠাও, লেখো 'I noticed {natural_language_metric!en} has been stable, nice work!'","['analytics', 'calendar', 'email', 'project_management']"
"2 নভেম্বর থেকে এখন পর্যন্ত কোনো সময় মোট ভিজিট 10-এর চেয়ে বেশি হয়েছিল কি না একটু দেখবে? হয়ে থাকলে ফ্রন্ট-এন্ড backlog-এ olga-এর জন্য 'Improve total visits' টাস্ক বানাও, যার ডেডলাইন আগামী শুক্রবার, আর কাল আমি প্রথম যখন পারব তখন আমাদের জন্য 'Discuss total visits' নামে আধা ঘণ্টার একটা মিটিং শিডিউল করো; না হলে তাকে 'Recent total visits' সাবজেক্টে একটা ইমেইল পাঠাও, লেখো 'I noticed total visits has been stable, nice work!'","['project_management.create_task.func(task_name=""Improve total visits"", board=""Front end"", assigned_to_email=""olga.petrova@atlas.com"", due_date=""2023-12-08"", list_name=""Backlog"")', 'calendar.create_event.func(event_name=""Discuss total visits"", participant_email=""olga.petrova@atlas.com"", event_start=""2023-12-01 13:00:00"", duration=""30"")']","If {natural_language_metric} was {more_or_less} than {threshold} at any time since {natural_language_date} make a backlog task 'Improve {natural_language_metric}' for {name} on the front-end board with a deadline of next Friday and schedule a half-hour meeting called 'Discuss {natural_language_metric}' for us at the first time I can do tomorrow otherwise send them an email titled 'Recent {natural_language_metric}' saying 'I noticed {natural_language_metric} has been stable, nice work!''","{natural_language_date} থেকে এখন পর্যন্ত কোনো সময় {natural_language_metric} {threshold}-এর চেয়ে {more_or_less} হয়েছিল কি না একটু দেখবে? হয়ে থাকলে ফ্রন্ট-এন্ড backlog-এ {name}-এর জন্য 'Improve {natural_language_metric!en}' টাস্ক বানাও, যার ডেডলাইন আগামী শুক্রবার, আর কাল আমি প্রথম যখন পারব তখন আমাদের জন্য 'Discuss {natural_language_metric!en}' নামে আধা ঘণ্টার একটা মিটিং শিডিউল করো; না হলে তাকে 'Recent {natural_language_metric!en}' সাবজেক্টে একটা ইমেইল পাঠাও, লেখো 'I noticed {natural_language_metric!en} has been stable, nice work!'","['analytics', 'calendar', 'email', 'project_management']"
"4 সেপ্টেম্বর থেকে এখন পর্যন্ত কোনো সময় গড় সেশনের সময়কাল 2-এর চেয়ে কম হয়েছিল কি না একটু দেখবে? হয়ে থাকলে ফ্রন্ট-এন্ড backlog-এ aisha-এর জন্য 'Improve average session duration' টাস্ক বানাও, যার ডেডলাইন আগামী শুক্রবার, আর কাল আমি প্রথম যখন পারব তখন আমাদের জন্য 'Discuss average session duration' নামে আধা ঘণ্টার একটা মিটিং শিডিউল করো; না হলে তাকে 'Recent average session duration' সাবজেক্টে একটা ইমেইল পাঠাও, লেখো 'I noticed average session duration has been stable, nice work!'","['email.send_email.func(recipient=""aisha.chen@atlas.com"", subject=""Recent average session duration"", body=""I noticed average session duration has been stable, nice work!"")']","If {natural_language_metric} was {more_or_less} than {threshold} at any time since {natural_language_date} make a backlog task 'Improve {natural_language_metric}' for {name} on the front-end board with a deadline of next Friday and schedule a half-hour meeting called 'Discuss {natural_language_metric}' for us at the first time I can do tomorrow otherwise send them an email titled 'Recent {natural_language_metric}' saying 'I noticed {natural_language_metric} has been stable, nice work!''","{natural_language_date} থেকে এখন পর্যন্ত কোনো সময় {natural_language_metric} {threshold}-এর চেয়ে {more_or_less} হয়েছিল কি না একটু দেখবে? হয়ে থাকলে ফ্রন্ট-এন্ড backlog-এ {name}-এর জন্য 'Improve {natural_language_metric!en}' টাস্ক বানাও, যার ডেডলাইন আগামী শুক্রবার, আর কাল আমি প্রথম যখন পারব তখন আমাদের জন্য 'Discuss {natural_language_metric!en}' নামে আধা ঘণ্টার একটা মিটিং শিডিউল করো; না হলে তাকে 'Recent {natural_language_metric!en}' সাবজেক্টে একটা ইমেইল পাঠাও, লেখো 'I noticed {natural_language_metric!en} has been stable, nice work!'","['analytics', 'calendar', 'email', 'project_management']"
"1 অক্টোবর থেকে এখন পর্যন্ত কোনো সময় যদি মোট ভিজিট 10-এর চেয়ে বেশি হয়ে থাকে, তাহলে ফ্রন্ট-এন্ড বোর্ডে fatima-এর জন্য 'Improve total visits' নামে একটা backlog টাস্ক বানাও, ডেডলাইন আগামী শুক্রবার, আর কাল আমার সবচেয়ে আগের ফাঁকা সময়ে আমাদের জন্য 'Discuss total visits' নামে আধা ঘণ্টার একটা মিটিং বুক করো। না হলে তাকে 'New leads for you' সাবজেক্ট দিয়ে একটা ইমেইল পাঠাও, লেখো 'total visits looks good, so there are new leads for you', তারপর CRM-এ Nadia-এর সব lead তাকে দিয়ে দাও","['project_management.create_task.func(task_name=""Improve total visits"", board=""Front end"", assigned_to_email=""fatima.khan@atlas.com"", due_date=""2023-12-08"", list_name=""Backlog"")', 'calendar.create_event.func(event_name=""Discuss total visits"", participant_email=""fatima.khan@atlas.com"", event_start=""2023-12-01 13:00:00"", duration=""30"")']","If {natural_language_metric} was {more_or_less} than {threshold} at any time since {natural_language_date} make a backlog task called 'Improve {natural_language_metric}' for {name} on the front-end board with a deadline of next Friday and book a half-hour meeting for us called 'Discuss {natural_language_metric}' at the earliest time I'm free tomorrow. otherwise send them an email titled 'New leads for you' saying '{natural_language_metric} looks good, so there are new leads for you' and then give them all {assigned_to_first_name}'s leads in the CRM","{natural_language_date} থেকে এখন পর্যন্ত কোনো সময় যদি {natural_language_metric} {threshold}-এর চেয়ে {more_or_less} হয়ে থাকে, তাহলে ফ্রন্ট-এন্ড বোর্ডে {name}-এর জন্য 'Improve {natural_language_metric!en}' নামে একটা backlog টাস্ক বানাও, ডেডলাইন আগামী শুক্রবার, আর কাল আমার সবচেয়ে আগের ফাঁকা সময়ে আমাদের জন্য 'Discuss {natural_language_metric!en}' নামে আধা ঘণ্টার একটা মিটিং বুক করো। না হলে তাকে 'New leads for you' সাবজেক্ট দিয়ে একটা ইমেইল পাঠাও, লেখো '{natural_language_metric!en} looks good, so there are new leads for you', তারপর CRM-এ {assigned_to_first_name}-এর সব lead তাকে দিয়ে দাও","['analytics', 'calendar', 'email', 'project_management', 'crm']"
"18 সেপ্টেম্বর থেকে এখন পর্যন্ত কোনো সময় যদি মোট ভিজিট 3-এর চেয়ে বেশি হয়ে থাকে, তাহলে ফ্রন্ট-এন্ড বোর্ডে kofi-এর জন্য 'Improve total visits' নামে একটা backlog টাস্ক বানাও, ডেডলাইন আগামী শুক্রবার, আর কাল আমার সবচেয়ে আগের ফাঁকা সময়ে আমাদের জন্য 'Discuss total visits' নামে আধা ঘণ্টার একটা মিটিং বুক করো। না হলে তাকে 'New leads for you' সাবজেক্ট দিয়ে একটা ইমেইল পাঠাও, লেখো 'total visits looks good, so there are new leads for you', তারপর CRM-এ Sofia-এর সব lead তাকে দিয়ে দাও","['project_management.create_task.func(task_name=""Improve total visits"", board=""Front end"", assigned_to_email=""kofi.mensah@atlas.com"", due_date=""2023-12-08"", list_name=""Backlog"")', 'calendar.create_event.func(event_name=""Discuss total visits"", participant_email=""kofi.mensah@atlas.com"", event_start=""2023-12-01 13:00:00"", duration=""30"")']","If {natural_language_metric} was {more_or_less} than {threshold} at any time since {natural_language_date} make a backlog task called 'Improve {natural_language_metric}' for {name} on the front-end board with a deadline of next Friday and book a half-hour meeting for us called 'Discuss {natural_language_metric}' at the earliest time I'm free tomorrow. otherwise send them an email titled 'New leads for you' saying '{natural_language_metric} looks good, so there are new leads for you' and then give them all {assigned_to_first_name}'s leads in the CRM","{natural_language_date} থেকে এখন পর্যন্ত কোনো সময় যদি {natural_language_metric} {threshold}-এর চেয়ে {more_or_less} হয়ে থাকে, তাহলে ফ্রন্ট-এন্ড বোর্ডে {name}-এর জন্য 'Improve {natural_language_metric!en}' নামে একটা backlog টাস্ক বানাও, ডেডলাইন আগামী শুক্রবার, আর কাল আমার সবচেয়ে আগের ফাঁকা সময়ে আমাদের জন্য 'Discuss {natural_language_metric!en}' নামে আধা ঘণ্টার একটা মিটিং বুক করো। না হলে তাকে 'New leads for you' সাবজেক্ট দিয়ে একটা ইমেইল পাঠাও, লেখো '{natural_language_metric!en} looks good, so there are new leads for you', তারপর CRM-এ {assigned_to_first_name}-এর সব lead তাকে দিয়ে দাও","['analytics', 'calendar', 'email', 'project_management', 'crm']"
"20 নভেম্বর থেকে এখন পর্যন্ত কোনো সময় গড় সেশনের সময়কাল 41-এর চেয়ে বেশি হয়েছিল কি না একটু দেখবে? হয়ে থাকলে ফ্রন্ট-এন্ড বোর্ডের backlog-এ chenwei-এর জন্য 'Improve average session duration' নামে একটা টাস্ক বানাও, যার ডেডলাইন আগামী শুক্রবার, আর কাল আমি প্রথম যখন পারব তখন আমাদের জন্য 'Discuss average session duration' নামে আধা ঘণ্টার একটা মিটিং বুক করো। না হলে তাকে 'New leads for you' সাবজেক্টে একটা ইমেইল পাঠাও, লেখো 'average session duration looks good, so there are new leads for you', তারপর CRM-এ Nadia-এর সব lead তাকে দিয়ে দাও","['customer_relationship_manager.update_customer.func(customer_id=""00000117"", field=""assigned_to_email"", new_value=""chenwei.zhang@atlas.com"")', 'customer_relationship_manager.update_customer.func(customer_id=""00000133"", field=""assigned_to_email"", new_value=""chenwei.zhang@atlas.com"")', 'customer_relationship_manager.update_customer.func(customer_id=""00000109"", field=""assigned_to_email"", new_value=""chenwei.zhang@atlas.com"")', 'customer_relationship_manager.update_customer.func(customer_id=""00000115"", field=""assigned_to_email"", new_value=""chenwei.zhang@atlas.com"")', 'customer_relationship_manager.update_customer.func(customer_id=""00000128"", field=""assigned_to_email"", new_value=""chenwei.zhang@atlas.com"")', 'customer_relationship_manager.update_customer.func(customer_id=""00000031"", field=""assigned_to_email"", new_value=""chenwei.zhang@atlas.com"")', 'customer_relationship_manager.update_customer.func(customer_id=""00000151"", field=""assigned_to_email"", new_value=""chenwei.zhang@atlas.com"")', 'email.send_email.func(recipient=""chenwei.zhang@atlas.com"", subject=""New leads for you"", body=""average session duration looks good, so there are new leads for you"")']","If {natural_language_metric} was {more_or_less} than {threshold} at any time since {natural_language_date} make a backlog task called 'Improve {natural_language_metric}' for {name} on the front-end board with a deadline of next Friday and book a half-hour meeting for us called 'Discuss {natural_language_metric}' at the earliest time I'm free tomorrow. otherwise send them an email titled 'New leads for you' saying '{natural_language_metric} looks good, so there are new leads for you' and then give them all {assigned_to_first_name}'s leads in the CRM","{natural_language_date} থেকে এখন পর্যন্ত কোনো সময় {natural_language_metric} {threshold}-এর চেয়ে {more_or_less} হয়েছিল কি না একটু দেখবে? হয়ে থাকলে ফ্রন্ট-এন্ড বোর্ডের backlog-এ {name}-এর জন্য 'Improve {natural_language_metric!en}' নামে একটা টাস্ক বানাও, যার ডেডলাইন আগামী শুক্রবার, আর কাল আমি প্রথম যখন পারব তখন আমাদের জন্য 'Discuss {natural_language_metric!en}' নামে আধা ঘণ্টার একটা মিটিং বুক করো। না হলে তাকে 'New leads for you' সাবজেক্টে একটা ইমেইল পাঠাও, লেখো '{natural_language_metric!en} looks good, so there are new leads for you', তারপর CRM-এ {assigned_to_first_name}-এর সব lead তাকে দিয়ে দাও","['analytics', 'calendar', 'email', 'project_management', 'crm']"
"29 নভেম্বর থেকে এখন পর্যন্ত কোনো সময় এনগেজড ইউজার 5-এর চেয়ে বেশি হয়েছিল কি না একটু দেখবে? হয়ে থাকলে ফ্রন্ট-এন্ড বোর্ডের backlog-এ santiago-এর জন্য 'Improve engaged users' নামে একটা টাস্ক বানাও, যার ডেডলাইন আগামী শুক্রবার, আর কাল আমি প্রথম যখন পারব তখন আমাদের জন্য 'Discuss engaged users' নামে আধা ঘণ্টার একটা মিটিং বুক করো। না হলে তাকে 'New leads for you' সাবজেক্টে একটা ইমেইল পাঠাও, লেখো 'engaged users looks good, so there are new leads for you', তারপর CRM-এ Lena-এর সব lead তাকে দিয়ে দাও","['customer_relationship_manager.update_customer.func(customer_id=""00000187"", field=""assigned_to_email"", new_value=""santiago.martinez@atlas.com"")', 'customer_relationship_manager.update_customer.func(customer_id=""00000076"", field=""assigned_to_email"", new_value=""santiago.martinez@atlas.com"")', 'customer_relationship_manager.update_customer.func(customer_id=""00000188"", field=""assigned_to_email"", new_value=""santiago.martinez@atlas.com"")', 'customer_relationship_manager.update_customer.func(customer_id=""00000034"", field=""assigned_to_email"", new_value=""santiago.martinez@atlas.com"")', 'customer_relationship_manager.update_customer.func(customer_id=""00000180"", field=""assigned_to_email"", new_value=""santiago.martinez@atlas.com"")', 'customer_relationship_manager.update_customer.func(customer_id=""00000017"", field=""assigned_to_email"", new_value=""santiago.martinez@atlas.com"")', 'customer_relationship_manager.update_customer.func(customer_id=""00000063"", field=""assigned_to_email"", new_value=""santiago.martinez@atlas.com"")', 'customer_relationship_manager.update_customer.func(customer_id=""00000177"", field=""assigned_to_email"", new_value=""santiago.martinez@atlas.com"")', 'customer_relationship_manager.update_customer.func(customer_id=""00000113"", field=""assigned_to_email"", new_value=""santiago.martinez@atlas.com"")', 'customer_relationship_manager.update_customer.func(customer_id=""00000015"", field=""assigned_to_email"", new_value=""santiago.martinez@atlas.com"")', 'customer_relationship_manager.update_customer.func(customer_id=""00000110"", field=""assigned_to_email"", new_value=""santiago.martinez@atlas.com"")', 'email.send_email.func(recipient=""santiago.martinez@atlas.com"", subject=""New leads for you"", body=""engaged users looks good, so there are new leads for you"")']","If {natural_language_metric} was {more_or_less} than {threshold} at any time since {natural_language_date} make a backlog task called 'Improve {natural_language_metric}' for {name} on the front-end board with a deadline of next Friday and book a half-hour meeting for us called 'Discuss {natural_language_metric}' at the earliest time I'm free tomorrow. otherwise send them an email titled 'New leads for you' saying '{natural_language_metric} looks good, so there are new leads for you' and then give them all {assigned_to_first_name}'s leads in the CRM","{natural_language_date} থেকে এখন পর্যন্ত কোনো সময় {natural_language_metric} {threshold}-এর চেয়ে {more_or_less} হয়েছিল কি না একটু দেখবে? হয়ে থাকলে ফ্রন্ট-এন্ড বোর্ডের backlog-এ {name}-এর জন্য 'Improve {natural_language_metric!en}' নামে একটা টাস্ক বানাও, যার ডেডলাইন আগামী শুক্রবার, আর কাল আমি প্রথম যখন পারব তখন আমাদের জন্য 'Discuss {natural_language_metric!en}' নামে আধা ঘণ্টার একটা মিটিং বুক করো। না হলে তাকে 'New leads for you' সাবজেক্টে একটা ইমেইল পাঠাও, লেখো '{natural_language_metric!en} looks good, so there are new leads for you', তারপর CRM-এ {assigned_to_first_name}-এর সব lead তাকে দিয়ে দাও","['analytics', 'calendar', 'email', 'project_management', 'crm']"
"12 নভেম্বর থেকে এখন পর্যন্ত কোনো সময় কি মোট ভিজিট 21-এর চেয়ে বেশি হয়েছিল? হয়ে থাকলে anaya-এর জন্য ফ্রন্ট-এন্ড বোর্ডে 'Improve total visits' নামে একটা backlog টাস্ক বানাও, ডেডলাইন আগামী শুক্রবার, আর কাল আমি সবচেয়ে আগে যখন ফ্রি থাকব তখন আমাদের জন্য 'Discuss total visits' নামে 30 মিনিটের একটা মিটিং বুক করো। না হলে তাকে একটা ইমেইল পাঠাও, সাবজেক্ট দাও 'New leads for you', তাতে লেখো 'total visits looks good, so there are new leads for you', তারপর CRM-এ Lena-এর সব lead তাকে দিয়ে দাও","['customer_relationship_manager.update_customer.func(customer_id=""00000187"", field=""assigned_to_email"", new_value=""anaya.patel@atlas.com"")', 'customer_relationship_manager.update_customer.func(customer_id=""00000076"", field=""assigned_to_email"", new_value=""anaya.patel@atlas.com"")', 'customer_relationship_manager.update_customer.func(customer_id=""00000188"", field=""assigned_to_email"", new_value=""anaya.patel@atlas.com"")', 'customer_relationship_manager.update_customer.func(customer_id=""00000034"", field=""assigned_to_email"", new_value=""anaya.patel@atlas.com"")', 'customer_relationship_manager.update_customer.func(customer_id=""00000180"", field=""assigned_to_email"", new_value=""anaya.patel@atlas.com"")', 'customer_relationship_manager.update_customer.func(customer_id=""00000017"", field=""assigned_to_email"", new_value=""anaya.patel@atlas.com"")', 'customer_relationship_manager.update_customer.func(customer_id=""00000063"", field=""assigned_to_email"", new_value=""anaya.patel@atlas.com"")', 'customer_relationship_manager.update_customer.func(customer_id=""00000177"", field=""assigned_to_email"", new_value=""anaya.patel@atlas.com"")', 'customer_relationship_manager.update_customer.func(customer_id=""00000113"", field=""assigned_to_email"", new_value=""anaya.patel@atlas.com"")', 'customer_relationship_manager.update_customer.func(customer_id=""00000015"", field=""assigned_to_email"", new_value=""anaya.patel@atlas.com"")', 'customer_relationship_manager.update_customer.func(customer_id=""00000110"", field=""assigned_to_email"", new_value=""anaya.patel@atlas.com"")', 'email.send_email.func(recipient=""anaya.patel@atlas.com"", subject=""New leads for you"", body=""total visits looks good, so there are new leads for you"")']","If {natural_language_metric} was {more_or_less} than {threshold} at any time since {natural_language_date} make a backlog task called 'Improve {natural_language_metric}' for {name} on the front-end board with a deadline of next Friday and book a half-hour meeting for us called 'Discuss {natural_language_metric}' at the earliest time I'm free tomorrow. otherwise send them an email titled 'New leads for you' saying '{natural_language_metric} looks good, so there are new leads for you' and then give them all {assigned_to_first_name}'s leads in the CRM","{natural_language_date} থেকে এখন পর্যন্ত কোনো সময় কি {natural_language_metric} {threshold}-এর চেয়ে {more_or_less} হয়েছিল? হয়ে থাকলে {name}-এর জন্য ফ্রন্ট-এন্ড বোর্ডে 'Improve {natural_language_metric!en}' নামে একটা backlog টাস্ক বানাও, ডেডলাইন আগামী শুক্রবার, আর কাল আমি সবচেয়ে আগে যখন ফ্রি থাকব তখন আমাদের জন্য 'Discuss {natural_language_metric!en}' নামে 30 মিনিটের একটা মিটিং বুক করো। না হলে তাকে একটা ইমেইল পাঠাও, সাবজেক্ট দাও 'New leads for you', তাতে লেখো '{natural_language_metric!en} looks good, so there are new leads for you', তারপর CRM-এ {assigned_to_first_name}-এর সব lead তাকে দিয়ে দাও","['analytics', 'calendar', 'email', 'project_management', 'crm']"
"10 সেপ্টেম্বর থেকে এখন পর্যন্ত কোনো সময় কি এনগেজড ইউজার 5-এর চেয়ে কম হয়েছিল? হয়ে থাকলে kofi-এর জন্য ফ্রন্ট-এন্ড বোর্ডে 'Improve engaged users' নামে একটা backlog টাস্ক বানাও, ডেডলাইন আগামী শুক্রবার, আর কাল আমি সবচেয়ে আগে যখন ফ্রি থাকব তখন আমাদের জন্য 'Discuss engaged users' নামে 30 মিনিটের একটা মিটিং বুক করো। না হলে তাকে একটা ইমেইল পাঠাও, সাবজেক্ট দাও 'New leads for you', তাতে লেখো 'engaged users looks good, so there are new leads for you', তারপর CRM-এ Raj-এর সব lead তাকে দিয়ে দাও","['project_management.create_task.func(task_name=""Improve engaged users"", board=""Front end"", assigned_to_email=""kofi.mensah@atlas.com"", due_date=""2023-12-08"", list_name=""Backlog"")', 'calendar.create_event.func(event_name=""Discuss engaged users"", participant_email=""kofi.mensah@atlas.com"", event_start=""2023-12-01 13:00:00"", duration=""30"")']","If {natural_language_metric} was {more_or_less} than {threshold} at any time since {natural_language_date} make a backlog task called 'Improve {natural_language_metric}' for {name} on the front-end board with a deadline of next Friday and book a half-hour meeting for us called 'Discuss {natural_language_metric}' at the earliest time I'm free tomorrow. otherwise send them an email titled 'New leads for you' saying '{natural_language_metric} looks good, so there are new leads for you' and then give them all {assigned_to_first_name}'s leads in the CRM","{natural_language_date} থেকে এখন পর্যন্ত কোনো সময় কি {natural_language_metric} {threshold}-এর চেয়ে {more_or_less} হয়েছিল? হয়ে থাকলে {name}-এর জন্য ফ্রন্ট-এন্ড বোর্ডে 'Improve {natural_language_metric!en}' নামে একটা backlog টাস্ক বানাও, ডেডলাইন আগামী শুক্রবার, আর কাল আমি সবচেয়ে আগে যখন ফ্রি থাকব তখন আমাদের জন্য 'Discuss {natural_language_metric!en}' নামে 30 মিনিটের একটা মিটিং বুক করো। না হলে তাকে একটা ইমেইল পাঠাও, সাবজেক্ট দাও 'New leads for you', তাতে লেখো '{natural_language_metric!en} looks good, so there are new leads for you', তারপর CRM-এ {assigned_to_first_name}-এর সব lead তাকে দিয়ে দাও","['analytics', 'calendar', 'email', 'project_management', 'crm']"
"15 অক্টোবর থেকে এখন পর্যন্ত কোনো সময় গড় সেশনের সময়কাল 2-এর চেয়ে কম হয়েছিল কি না একটু দেখবে? হয়ে থাকলে ফ্রন্ট-এন্ড বোর্ডের backlog-এ nia-এর জন্য 'Improve average session duration' নামে একটা টাস্ক বানাও, যার ডেডলাইন আগামী শুক্রবার, আর কাল আমি প্রথম যখন পারব তখন আমাদের জন্য 'Discuss average session duration' নামে আধা ঘণ্টার একটা মিটিং বুক করো। না হলে তাকে 'New leads for you' সাবজেক্টে একটা ইমেইল পাঠাও, লেখো 'average session duration looks good, so there are new leads for you', তারপর CRM-এ Akira-এর সব lead তাকে দিয়ে দাও","['customer_relationship_manager.update_customer.func(customer_id=""00000167"", field=""assigned_to_email"", new_value=""nia.johnson@atlas.com"")', 'customer_relationship_manager.update_customer.func(customer_id=""00000095"", field=""assigned_to_email"", new_value=""nia.johnson@atlas.com"")', 'customer_relationship_manager.update_customer.func(customer_id=""00000004"", field=""assigned_to_email"", new_value=""nia.johnson@atlas.com"")', 'customer_relationship_manager.update_customer.func(customer_id=""00000160"", field=""assigned_to_email"", new_value=""nia.johnson@atlas.com"")', 'customer_relationship_manager.update_customer.func(customer_id=""00000080"", field=""assigned_to_email"", new_value=""nia.johnson@atlas.com"")', 'customer_relationship_manager.update_customer.func(customer_id=""00000035"", field=""assigned_to_email"", new_value=""nia.johnson@atlas.com"")', 'customer_relationship_manager.update_customer.func(customer_id=""00000012"", field=""assigned_to_email"", new_value=""nia.johnson@atlas.com"")', 'customer_relationship_manager.update_customer.func(customer_id=""00000155"", field=""assigned_to_email"", new_value=""nia.johnson@atlas.com"")', 'email.send_email.func(recipient=""nia.johnson@atlas.com"", subject=""New leads for you"", body=""average session duration looks good, so there are new leads for you"")']","If {natural_language_metric} was {more_or_less} than {threshold} at any time since {natural_language_date} make a backlog task called 'Improve {natural_language_metric}' for {name} on the front-end board with a deadline of next Friday and book a half-hour meeting for us called 'Discuss {natural_language_metric}' at the earliest time I'm free tomorrow. otherwise send them an email titled 'New leads for you' saying '{natural_language_metric} looks good, so there are new leads for you' and then give them all {assigned_to_first_name}'s leads in the CRM","{natural_language_date} থেকে এখন পর্যন্ত কোনো সময় {natural_language_metric} {threshold}-এর চেয়ে {more_or_less} হয়েছিল কি না একটু দেখবে? হয়ে থাকলে ফ্রন্ট-এন্ড বোর্ডের backlog-এ {name}-এর জন্য 'Improve {natural_language_metric!en}' নামে একটা টাস্ক বানাও, যার ডেডলাইন আগামী শুক্রবার, আর কাল আমি প্রথম যখন পারব তখন আমাদের জন্য 'Discuss {natural_language_metric!en}' নামে আধা ঘণ্টার একটা মিটিং বুক করো। না হলে তাকে 'New leads for you' সাবজেক্টে একটা ইমেইল পাঠাও, লেখো '{natural_language_metric!en} looks good, so there are new leads for you', তারপর CRM-এ {assigned_to_first_name}-এর সব lead তাকে দিয়ে দাও","['analytics', 'calendar', 'email', 'project_management', 'crm']"
"20 সেপ্টেম্বর থেকে এখন পর্যন্ত কোনো সময় কি মোট ভিজিট 10-এর চেয়ে কম হয়েছিল? হয়ে থাকলে aisha-এর জন্য ফ্রন্ট-এন্ড বোর্ডে 'Improve total visits' নামে একটা backlog টাস্ক বানাও, ডেডলাইন আগামী শুক্রবার, আর কাল আমি সবচেয়ে আগে যখন ফ্রি থাকব তখন আমাদের জন্য 'Discuss total visits' নামে 30 মিনিটের একটা মিটিং বুক করো। না হলে তাকে একটা ইমেইল পাঠাও, সাবজেক্ট দাও 'New leads for you', তাতে লেখো 'total visits looks good, so there are new leads for you', তারপর CRM-এ Akira-এর সব lead তাকে দিয়ে দাও","['project_management.create_task.func(task_name=""Improve total visits"", board=""Front end"", assigned_to_email=""aisha.chen@atlas.com"", due_date=""2023-12-08"", list_name=""Backlog"")', 'calendar.create_event.func(event_name=""Discuss total visits"", participant_email=""aisha.chen@atlas.com"", event_start=""2023-12-01 13:00:00"", duration=""30"")']","If {natural_language_metric} was {more_or_less} than {threshold} at any time since {natural_language_date} make a backlog task called 'Improve {natural_language_metric}' for {name} on the front-end board with a deadline of next Friday and book a half-hour meeting for us called 'Discuss {natural_language_metric}' at the earliest time I'm free tomorrow. otherwise send them an email titled 'New leads for you' saying '{natural_language_metric} looks good, so there are new leads for you' and then give them all {assigned_to_first_name}'s leads in the CRM","{natural_language_date} থেকে এখন পর্যন্ত কোনো সময় কি {natural_language_metric} {threshold}-এর চেয়ে {more_or_less} হয়েছিল? হয়ে থাকলে {name}-এর জন্য ফ্রন্ট-এন্ড বোর্ডে 'Improve {natural_language_metric!en}' নামে একটা backlog টাস্ক বানাও, ডেডলাইন আগামী শুক্রবার, আর কাল আমি সবচেয়ে আগে যখন ফ্রি থাকব তখন আমাদের জন্য 'Discuss {natural_language_metric!en}' নামে 30 মিনিটের একটা মিটিং বুক করো। না হলে তাকে একটা ইমেইল পাঠাও, সাবজেক্ট দাও 'New leads for you', তাতে লেখো '{natural_language_metric!en} looks good, so there are new leads for you', তারপর CRM-এ {assigned_to_first_name}-এর সব lead তাকে দিয়ে দাও","['analytics', 'calendar', 'email', 'project_management', 'crm']"
"21 সেপ্টেম্বর থেকে এখন পর্যন্ত কোনো সময় যদি মোট ভিজিট 10-এর চেয়ে বেশি হয়ে থাকে, তাহলে ফ্রন্ট-এন্ড বোর্ডে leila-এর জন্য 'Improve total visits' নামে একটা backlog টাস্ক বানাও, ডেডলাইন আগামী শুক্রবার, আর কাল আমার সবচেয়ে আগের ফাঁকা সময়ে আমাদের জন্য 'Discuss total visits' নামে আধা ঘণ্টার একটা মিটিং বুক করো। না হলে তাকে 'New leads for you' সাবজেক্ট দিয়ে একটা ইমেইল পাঠাও, লেখো 'total visits looks good, so there are new leads for you', তারপর CRM-এ Raj-এর সব lead তাকে দিয়ে দাও","['project_management.create_task.func(task_name=""Improve total visits"", board=""Front end"", assigned_to_email=""leila.azizi@atlas.com"", due_date=""2023-12-08"", list_name=""Backlog"")', 'calendar.create_event.func(event_name=""Discuss total visits"", participant_email=""leila.azizi@atlas.com"", event_start=""2023-12-01 13:00:00"", duration=""30"")']","If {natural_language_metric} was {more_or_less} than {threshold} at any time since {natural_language_date} make a backlog task called 'Improve {natural_language_metric}' for {name} on the front-end board with a deadline of next Friday and book a half-hour meeting for us called 'Discuss {natural_language_metric}' at the earliest time I'm free tomorrow. otherwise send them an email titled 'New leads for you' saying '{natural_language_metric} looks good, so there are new leads for you' and then give them all {assigned_to_first_name}'s leads in the CRM","{natural_language_date} থেকে এখন পর্যন্ত কোনো সময় যদি {natural_language_metric} {threshold}-এর চেয়ে {more_or_less} হয়ে থাকে, তাহলে ফ্রন্ট-এন্ড বোর্ডে {name}-এর জন্য 'Improve {natural_language_metric!en}' নামে একটা backlog টাস্ক বানাও, ডেডলাইন আগামী শুক্রবার, আর কাল আমার সবচেয়ে আগের ফাঁকা সময়ে আমাদের জন্য 'Discuss {natural_language_metric!en}' নামে আধা ঘণ্টার একটা মিটিং বুক করো। না হলে তাকে 'New leads for you' সাবজেক্ট দিয়ে একটা ইমেইল পাঠাও, লেখো '{natural_language_metric!en} looks good, so there are new leads for you', তারপর CRM-এ {assigned_to_first_name}-এর সব lead তাকে দিয়ে দাও","['analytics', 'calendar', 'email', 'project_management', 'crm']"
"29 সেপ্টেম্বর থেকে এখন পর্যন্ত কোনো সময় কি মোট ভিজিট 10-এর চেয়ে বেশি হয়েছিল? হয়ে থাকলে aisha-এর জন্য ফ্রন্ট-এন্ড বোর্ডে 'Improve total visits' নামে একটা backlog টাস্ক বানাও, ডেডলাইন আগামী শুক্রবার, আর কাল আমি সবচেয়ে আগে যখন ফ্রি থাকব তখন আমাদের জন্য 'Discuss total visits' নামে 30 মিনিটের একটা মিটিং বুক করো। না হলে তাকে একটা ইমেইল পাঠাও, সাবজেক্ট দাও 'New leads for you', তাতে লেখো 'total visits looks good, so there are new leads for you', তারপর CRM-এ Sofia-এর সব lead তাকে দিয়ে দাও","['project_management.create_task.func(task_name=""Improve total visits"", board=""Front end"", assigned_to_email=""aisha.chen@atlas.com"", due_date=""2023-12-08"", list_name=""Backlog"")', 'calendar.create_event.func(event_name=""Discuss total visits"", participant_email=""aisha.chen@atlas.com"", event_start=""2023-12-01 13:00:00"", duration=""30"")']","If {natural_language_metric} was {more_or_less} than {threshold} at any time since {natural_language_date} make a backlog task called 'Improve {natural_language_metric}' for {name} on the front-end board with a deadline of next Friday and book a half-hour meeting for us called 'Discuss {natural_language_metric}' at the earliest time I'm free tomorrow. otherwise send them an email titled 'New leads for you' saying '{natural_language_metric} looks good, so there are new leads for you' and then give them all {assigned_to_first_name}'s leads in the CRM","{natural_language_date} থেকে এখন পর্যন্ত কোনো সময় কি {natural_language_metric} {threshold}-এর চেয়ে {more_or_less} হয়েছিল? হয়ে থাকলে {name}-এর জন্য ফ্রন্ট-এন্ড বোর্ডে 'Improve {natural_language_metric!en}' নামে একটা backlog টাস্ক বানাও, ডেডলাইন আগামী শুক্রবার, আর কাল আমি সবচেয়ে আগে যখন ফ্রি থাকব তখন আমাদের জন্য 'Discuss {natural_language_metric!en}' নামে 30 মিনিটের একটা মিটিং বুক করো। না হলে তাকে একটা ইমেইল পাঠাও, সাবজেক্ট দাও 'New leads for you', তাতে লেখো '{natural_language_metric!en} looks good, so there are new leads for you', তারপর CRM-এ {assigned_to_first_name}-এর সব lead তাকে দিয়ে দাও","['analytics', 'calendar', 'email', 'project_management', 'crm']"
