"variant_id","template_en","template_bn","example_task_en","example_task_bn","example_outcome","translator_notes"
"T01.v1","Delete my last email from {name}","{name}-এর পাঠানো আমার শেষ ইমেইলটা ডিলিট করো","Delete my last email from nadia","nadia-এর পাঠানো আমার শেষ ইমেইলটা ডিলিট করো","['email.delete_email.func(email_id=""00000479"")']","'last email' = most recent; rendered শেষ (same ambiguity as EN)"
"T01.v2","I need to delete my last email from {name}. Can you do that?","{name}-এর কাছ থেকে আসা আমার শেষ ইমেইলটা ডিলিট করতে হবে। তুমি কি এটা করে দিতে পারবে?","I need to delete my last email from leila. Can you do that?","leila-এর কাছ থেকে আসা আমার শেষ ইমেইলটা ডিলিট করতে হবে। তুমি কি এটা করে দিতে পারবে?","['email.delete_email.func(email_id=""00000052"")']",""
"T01.v3","{name} just sent me an email that I need to delete. Can you get rid of of the most recent email they sent me?","{name} এইমাত্র আমাকে একটা ইমেইল পাঠিয়েছে, ওটা ডিলিট করতে হবে। ও আমাকে সবচেয়ে সাম্প্রতিক যে ইমেইলটা পাঠিয়েছে, সেটা সরিয়ে ফেলতে পারবে?","nadia just sent me an email that I need to delete. Can you get rid of of the most recent email they sent me?","nadia এইমাত্র আমাকে একটা ইমেইল পাঠিয়েছে, ওটা ডিলিট করতে হবে। ও আমাকে সবচেয়ে সাম্প্রতিক যে ইমেইলটা পাঠিয়েছে, সেটা সরিয়ে ফেলতে পারবে?","['email.delete_email.func(email_id=""00000479"")']","EN typo 'of of' dropped; gender-neutral 'they' -> ও"
"T02.v1","Delete all my emails from {name} from the last {days} days","গত {days} দিনে {name}-এর কাছ থেকে আসা আমার সব ইমেইল ডিলিট করো","Delete all my emails from yuki from the last 5 days","গত 5 দিনে yuki-এর কাছ থেকে আসা আমার সব ইমেইল ডিলিট করো","['email.delete_email.func(email_id=""00000149"")']",""
"T02.v2","All my emails from {name} from the last {days} days need to be deleted. Can you do that?","গত {days} দিনে {name}-এর পাঠানো আমার সব ইমেইল ডিলিট করা দরকার। তুমি কি এটা করে দিতে পারবে?","All my emails from yuki from the last 3 days need to be deleted. Can you do that?","গত 3 দিনে yuki-এর পাঠানো আমার সব ইমেইল ডিলিট করা দরকার। তুমি কি এটা করে দিতে পারবে?","[]",""
"T02.v3","I need to get rid of all my emails from {name} from the last {days} days. Can you do delete them?","গত {days} দিনে {name}-এর কাছ থেকে আসা আমার সব ইমেইল সরিয়ে ফেলতে হবে। ওগুলো ডিলিট করে দিতে পারবে?","I need to get rid of all my emails from amir from the last 6 days. Can you do delete them?","গত 6 দিনে amir-এর কাছ থেকে আসা আমার সব ইমেইল সরিয়ে ফেলতে হবে। ওগুলো ডিলিট করে দিতে পারবে?","['email.delete_email.func(email_id=""00000196"")', 'email.delete_email.func(email_id=""00000291"")', 'email.delete_email.func(email_id=""00000188"")']","EN typo 'do delete' dropped"
"T03.v1","Send an email to {name} saying '{body}' and title it '{subject}'","{name}-কে একটা ইমেইল পাঠাও, তাতে লেখা থাকবে '{body!en}', আর সাবজেক্ট দিও '{subject!en}'","Send an email to lena saying 'lena,

I've been assigned 'Develop prototype for report generation'. Excited to work on this and confident it will greatly improve our backend efficiency.

Cheers,

Sam' and title it 'Task Update on Create wireframe for homepage'","lena-কে একটা ইমেইল পাঠাও, তাতে লেখা থাকবে 'lena,

I've been assigned 'Develop prototype for report generation'. Excited to work on this and confident it will greatly improve our backend efficiency.

Cheers,

Sam', আর সাবজেক্ট দিও 'Task Update on Create wireframe for homepage'","['email.send_email.func(recipient=""lena.schmidt@atlas.com"", subject=""Task Update on Create wireframe for homepage"", body=""lena,\\n\\nI\'ve been assigned \'Develop prototype for report generation\'. Excited to work on this and confident it will greatly improve our backend efficiency.\\n\\nCheers,\\n\\nSam"")']","'title it' -> সাবজেক্ট (office usage; not in §4 list); body/subject kept English via !en"
"T03.v2","I need to send an email to {name} saying '{body}' and title it '{subject}'. Can you do that?","{name}-কে একটা ইমেইল পাঠানো দরকার, যেখানে লেখা থাকবে '{body!en}' আর সাবজেক্ট হবে '{subject!en}'। তুমি কি এটা করে দিতে পারবে?","I need to send an email to kofi saying 'Hey kofi,

I wanted to let you know that I've completed the tasks for the status briefing. Looking forward to your feedback.

Cheers,

Sam' and title it 'Task Update on Improve UX of onboarding process'. Can you do that?","kofi-কে একটা ইমেইল পাঠানো দরকার, যেখানে লেখা থাকবে 'Hey kofi,

I wanted to let you know that I've completed the tasks for the status briefing. Looking forward to your feedback.

Cheers,

Sam' আর সাবজেক্ট হবে 'Task Update on Improve UX of onboarding process'। তুমি কি এটা করে দিতে পারবে?","['email.send_email.func(recipient=""kofi.mensah@atlas.com"", subject=""Task Update on Improve UX of onboarding process"", body=""Hey kofi,\\n\\nI wanted to let you know that I\'ve completed the tasks for the status briefing. Looking forward to your feedback.\\n\\nCheers,\\n\\nSam"")']",""
"T03.v3","please send an email to {name} saying '{body}' and title it '{subject}'","প্লিজ {name}-কে একটা ইমেইল পাঠিয়ে দাও, তাতে লিখবে '{body!en}' আর সাবজেক্ট রাখবে '{subject!en}'","please send an email to jinsoo saying 'Hi jinsoo,

Starting on 'Create wireframe for homepage' today. Any preliminary thoughts or resources you recommend before I dive in?

Best,

Sam' and title it 'Task Update on Design logo for website'","প্লিজ jinsoo-কে একটা ইমেইল পাঠিয়ে দাও, তাতে লিখবে 'Hi jinsoo,

Starting on 'Create wireframe for homepage' today. Any preliminary thoughts or resources you recommend before I dive in?

Best,

Sam' আর সাবজেক্ট রাখবে 'Task Update on Design logo for website'","['email.send_email.func(recipient=""jinsoo.kim@atlas.com"", subject=""Task Update on Design logo for website"", body=""Hi jinsoo,\\n\\nStarting on \'Create wireframe for homepage\' today. Any preliminary thoughts or resources you recommend before I dive in?\\n\\nBest,\\n\\nSam"")']","lowercase casual 'please' -> দয়া করে"
"T04.v1","Reply to {name}'s last email about '{subject}' with 'Thanks for the update - I will get back to you tomorrow.'","'{subject!en}' নিয়ে {name}-এর শেষ ইমেইলটায় 'Thanks for the update - I will get back to you tomorrow.' লিখে রিপ্লাই দাও","Reply to yuki's last email about 'Update on Corporate Social Responsibility Initiative' with 'Thanks for the update - I will get back to you tomorrow.'","'Update on Corporate Social Responsibility Initiative' নিয়ে yuki-এর শেষ ইমেইলটায় 'Thanks for the update - I will get back to you tomorrow.' লিখে রিপ্লাই দাও","['email.reply_email.func(email_id=""00000446"", body=""Thanks for the update - I will get back to you tomorrow."")']","reply body literal kept English (GT body)"
"T04.v2","I need to get back to {name}'s last email about '{subject}' with 'Thanks for the update - I will get back to you tomorrow. Can you send the reply for me?","'{subject!en}' নিয়ে {name}-এর শেষ ইমেইলটার জবাবে 'Thanks for the update - I will get back to you tomorrow.' লিখে পাঠাতে হবে। রিপ্লাইটা আমার হয়ে পাঠিয়ে দিতে পারবে?","I need to get back to yuki's last email about 'Update on Client Appreciation Gala' with 'Thanks for the update - I will get back to you tomorrow. Can you send the reply for me?","'Update on Client Appreciation Gala' নিয়ে yuki-এর শেষ ইমেইলটার জবাবে 'Thanks for the update - I will get back to you tomorrow.' লিখে পাঠাতে হবে। রিপ্লাইটা আমার হয়ে পাঠিয়ে দিতে পারবে?","['email.reply_email.func(email_id=""00000234"", body=""Thanks for the update - I will get back to you tomorrow."")']","EN has an unclosed quote; closed after 'tomorrow.' to match GT body exactly"
"T05.v1","Forward all the emails from {name} last week about '{subject}' to {recipient_name}","গত সপ্তাহে '{subject!en}' নিয়ে {name}-এর পাঠানো সব ইমেইল {recipient_name}-কে ফরোয়ার্ড করো","Forward all the emails from fatima last week about 'Task Update on Develop prototype for report generation' to anaya","গত সপ্তাহে 'Task Update on Develop prototype for report generation' নিয়ে fatima-এর পাঠানো সব ইমেইল anaya-কে ফরোয়ার্ড করো","['email.forward_email.func(email_id=""00000017"", recipient=""anaya.patel@atlas.com"")']",""
"T05.v2","can you forward all the emails from {name} last week about '{subject}' to {recipient_name}","গত সপ্তাহে {name} '{subject!en}' নিয়ে যে ইমেইলগুলো পাঠিয়েছিল, সবগুলো {recipient_name}-কে ফরোয়ার্ড করে দিতে পারবে","can you forward all the emails from anaya last week about 'Update on Board of Directors Conclave' to nadia","গত সপ্তাহে anaya 'Update on Board of Directors Conclave' নিয়ে যে ইমেইলগুলো পাঠিয়েছিল, সবগুলো nadia-কে ফরোয়ার্ড করে দিতে পারবে","['email.forward_email.func(email_id=""00000346"", recipient=""nadia.moreau@atlas.com"")', 'email.forward_email.func(email_id=""00000120"", recipient=""nadia.moreau@atlas.com"")']","no '?' mirrors casual lowercase EN without '?'"
"T05.v3","{recipient_name} needs all the emails from {name} last week about '{subject}'. Can you forward them?","গত সপ্তাহে '{subject!en}' নিয়ে {name} যত ইমেইল পাঠিয়েছে, সবগুলো {recipient_name}-এর লাগবে। ওগুলো ফরোয়ার্ড করে দিতে পারবে?","carlos needs all the emails from chenwei last week about 'Update on Supply Chain Enhancement Workshop'. Can you forward them?","গত সপ্তাহে 'Update on Supply Chain Enhancement Workshop' নিয়ে chenwei যত ইমেইল পাঠিয়েছে, সবগুলো carlos-এর লাগবে। ওগুলো ফরোয়ার্ড করে দিতে পারবে?","['email.forward_email.func(email_id=""00000337"", recipient=""carlos.rodriguez@atlas.com"")']",""
"T06.v1","Forward the latest email about '{subject}' to {recipient_name}","'{subject!en}' নিয়ে সর্বশেষ ইমেইলটা {recipient_name}-কে ফরোয়ার্ড করো","Forward the latest email about 'Task Update on Add authentication for email notification' to olga","'Task Update on Add authentication for email notification' নিয়ে সর্বশেষ ইমেইলটা olga-কে ফরোয়ার্ড করো","['email.forward_email.func(email_id=""00000436"", recipient=""olga.petrova@atlas.com"")']",""
"T06.v2","can you forward the latest email about '{subject}' to {recipient_name}","'{subject!en}' বিষয়ের সর্বশেষ ইমেইলটা {recipient_name}-কে ফরোয়ার্ড করে দিতে পারবে","can you forward the latest email about 'Update on Corporate Governance Workshop' to yuki","'Update on Corporate Governance Workshop' বিষয়ের সর্বশেষ ইমেইলটা yuki-কে ফরোয়ার্ড করে দিতে পারবে","['email.forward_email.func(email_id=""00000428"", recipient=""yuki.tanaka@atlas.com"")']","no '?' mirrors EN"
"T06.v3","{recipient_name} needs the latest email about '{subject}'. Can you forward it?","'{subject!en}' নিয়ে সর্বশেষ ইমেইলটা {recipient_name}-এর লাগবে। ওটা ফরোয়ার্ড করে দিতে পারবে?","santiago needs the latest email about 'Update on Client Appreciation Gala'. Can you forward it?","'Update on Client Appreciation Gala' নিয়ে সর্বশেষ ইমেইলটা santiago-এর লাগবে। ওটা ফরোয়ার্ড করে দিতে পারবে?","['email.forward_email.func(email_id=""00000206"", recipient=""santiago.martinez@atlas.com"")']",""
"T07.v1","Forward my most recent email from {sender_name} to {recipient_name}","{sender_name}-এর কাছ থেকে আসা আমার সবচেয়ে সাম্প্রতিক ইমেইলটা {recipient_name}-কে ফরোয়ার্ড করো","Forward my most recent email from fatima to kofi","fatima-এর কাছ থেকে আসা আমার সবচেয়ে সাম্প্রতিক ইমেইলটা kofi-কে ফরোয়ার্ড করো","['email.forward_email.func(email_id=""00000119"", recipient=""kofi.mensah@atlas.com"")']",""
"T07.v2","can you forward my most recent email from {sender_name} to {recipient_name}","{sender_name}-এর পাঠানো আমার সবচেয়ে সাম্প্রতিক ইমেইলটা {recipient_name}-কে ফরোয়ার্ড করে দিতে পারবে","can you forward my most recent email from leila to anaya","leila-এর পাঠানো আমার সবচেয়ে সাম্প্রতিক ইমেইলটা anaya-কে ফরোয়ার্ড করে দিতে পারবে","['email.forward_email.func(email_id=""00000052"", recipient=""anaya.patel@atlas.com"")']","no '?' mirrors EN"
"T07.v3","{recipient_name} needs my most recent email from {sender_name}. Can you forward it?","{sender_name}-এর কাছ থেকে আসা আমার সবচেয়ে সাম্প্রতিক ইমেইলটা {recipient_name}-এর লাগবে। ওটা ফরোয়ার্ড করে দিতে পারবে?","fatima needs my most recent email from leila. Can you forward it?","leila-এর কাছ থেকে আসা আমার সবচেয়ে সাম্প্রতিক ইমেইলটা fatima-এর লাগবে। ওটা ফরোয়ার্ড করে দিতে পারবে?","['email.forward_email.func(email_id=""00000052"", recipient=""fatima.khan@atlas.com"")']",""
"T08.v1","Forward the last email about '{subject}' to {recipient_name1} and {recipient_name2}","'{subject!en}' নিয়ে শেষ ইমেইলটা {recipient_name1} আর {recipient_name2}-কে ফরোয়ার্ড করো","Forward the last email about 'Update on feedback discussion' to amir and akira","'Update on feedback discussion' নিয়ে শেষ ইমেইলটা amir আর akira-কে ফরোয়ার্ড করো","['email.forward_email.func(email_id=""00000092"", recipient=""amir.ali@atlas.com"")', 'email.forward_email.func(email_id=""00000092"", recipient=""akira.sato@atlas.com"")']","case marker only on last coordinated name (standard Bangla)"
"T08.v2","can you forward the last email about '{subject}' to {recipient_name1} and {recipient_name2}","'{subject!en}' বিষয়ের শেষ ইমেইলটা {recipient_name1} আর {recipient_name2}-কে ফরোয়ার্ড করে দিতে পারবে","can you forward the last email about 'Update on Machine Learning Chat' to nadia and jinsoo","'Update on Machine Learning Chat' বিষয়ের শেষ ইমেইলটা nadia আর jinsoo-কে ফরোয়ার্ড করে দিতে পারবে","['email.forward_email.func(email_id=""00000409"", recipient=""nadia.moreau@atlas.com"")', 'email.forward_email.func(email_id=""00000409"", recipient=""jinsoo.kim@atlas.com"")']","no '?' mirrors EN"
"T08.v3","{recipient_name1} and {recipient_name2} need the last email about '{subject}'. Can you forward it?","'{subject!en}' নিয়ে শেষ ইমেইলটা {recipient_name1} আর {recipient_name2}-এর লাগবে। ওটা ফরোয়ার্ড করে দিতে পারবে?","dmitri and yuki need the last email about 'Update on IT Systems Update Briefing'. Can you forward it?","'Update on IT Systems Update Briefing' নিয়ে শেষ ইমেইলটা dmitri আর yuki-এর লাগবে। ওটা ফরোয়ার্ড করে দিতে পারবে?","['email.forward_email.func(email_id=""00000412"", recipient=""dmitri.ivanov@atlas.com"")', 'email.forward_email.func(email_id=""00000412"", recipient=""yuki.tanaka@atlas.com"")']","subject placed first to avoid reading 'X and Y's last email'"
"T09.v1","Reply to the latest email from {sender_name} with 'Got it, thank you!'","{sender_name}-এর কাছ থেকে আসা সর্বশেষ ইমেইলটায় 'Got it, thank you!' লিখে রিপ্লাই দাও","Reply to the latest email from chenwei with 'Got it, thank you!'","chenwei-এর কাছ থেকে আসা সর্বশেষ ইমেইলটায় 'Got it, thank you!' লিখে রিপ্লাই দাও","['email.reply_email.func(email_id=""00000211"", body=""Got it, thank you!"")']",""
"T09.v2","I need to reply to the latest email from {sender_name} with 'Got it, thank you!'. Can you do that?","{sender_name}-এর কাছ থেকে আসা সর্বশেষ ইমেইলটার রিপ্লাইয়ে 'Got it, thank you!' লিখতে হবে। তুমি কি এটা করে দিতে পারবে?","I need to reply to the latest email from sofia with 'Got it, thank you!'. Can you do that?","sofia-এর কাছ থেকে আসা সর্বশেষ ইমেইলটার রিপ্লাইয়ে 'Got it, thank you!' লিখতে হবে। তুমি কি এটা করে দিতে পারবে?","['email.reply_email.func(email_id=""00000438"", body=""Got it, thank you!"")']",""
"T09.v3","can you reply to the latest email from {sender_name} with 'Got it, thank you!'","{sender_name}-এর সর্বশেষ ইমেইলটায় 'Got it, thank you!' লিখে রিপ্লাই দিতে পারবে","can you reply to the latest email from carlos with 'Got it, thank you!'","carlos-এর সর্বশেষ ইমেইলটায় 'Got it, thank you!' লিখে রিপ্লাই দিতে পারবে","['email.reply_email.func(email_id=""00000068"", body=""Got it, thank you!"")']","no '?' mirrors EN"
"T10.v1","Cancel my first meeting on {natural_language_date}","{natural_language_date} তারিখে আমার প্রথম মিটিংটা বাতিল করো","Cancel my first meeting on December 13","13 ডিসেম্বর তারিখে আমার প্রথম মিটিংটা বাতিল করো","['calendar.delete_event.func(event_id=""00000256"")']","'তারিখে' after date avoids attaching a case suffix to the rendered month"
"T10.v2","Delete my first meeting on {natural_language_date}","{natural_language_date} তারিখের আমার প্রথম মিটিংটা ডিলিট করো","Delete my first meeting on December 13","13 ডিসেম্বর তারিখের আমার প্রথম মিটিংটা ডিলিট করো","['calendar.delete_event.func(event_id=""00000256"")']","Delete -> ডিলিট (vs Cancel -> বাতিল in v1/v3)"
"T10.v3","can you cancel my first meeting on {natural_language_date}","{natural_language_date} তারিখে আমার প্রথম মিটিংটা বাতিল করে দিতে পারবে","can you cancel my first meeting on December 1","1 ডিসেম্বর তারিখে আমার প্রথম মিটিংটা বাতিল করে দিতে পারবে","['calendar.delete_event.func(event_id=""00000165"")']","no '?' mirrors EN"
"T11.v1","Change the name of the last event on {natural_language_date} to {event_name}","{natural_language_date} তারিখের শেষ ইভেন্টটার নাম বদলে {event_name} করো","Change the name of the last event on December 19 to casual catch-up","19 ডিসেম্বর তারিখের শেষ ইভেন্টটার নাম বদলে casual catch-up করো","['calendar.update_event.func(event_id=""00000020"", field=""event_name"", new_value=""casual catch-up"")']","event_name unquoted in EN; renders raw (no glossary entry)"
"T11.v2","Can you change the name of the last event on {natural_language_date} to {event_name}","{natural_language_date} তারিখের শেষ ইভেন্টটার নাম বদলে {event_name} করে দিতে পারবে","Can you change the name of the last event on November 30 to brainstorming session","30 নভেম্বর তারিখের শেষ ইভেন্টটার নাম বদলে brainstorming session করে দিতে পারবে","['calendar.update_event.func(event_id=""00000253"", field=""event_name"", new_value=""brainstorming session"")']","no '?' mirrors EN"
"T11.v3","Rename the last event on {natural_language_date} to {event_name}","{natural_language_date} তারিখের শেষ ইভেন্টটার নাম পাল্টে {event_name} রাখো","Rename the last event on December 14 to Customer Insight Forum","14 ডিসেম্বর তারিখের শেষ ইভেন্টটার নাম পাল্টে Customer Insight Forum রাখো","['calendar.update_event.func(event_id=""00000082"", field=""event_name"", new_value=""Customer Insight Forum"")']","Rename -> নাম পাল্টে ... রাখো"
"T12.v1","Push back my first meeting with {name} on {natural_language_date} by {duration}s","{natural_language_date} তারিখে {name}-এর সাথে আমার প্রথম মিটিংটা {duration} পিছিয়ে দাও","Push back my first meeting with yuki on December 4 by 1.5 hours","4 ডিসেম্বর তারিখে yuki-এর সাথে আমার প্রথম মিটিংটা 1.5 ঘণ্টা পিছিয়ে দাও","['calendar.update_event.func(event_id=""00000062"", field=""event_start"", new_value=""2023-12-04 16:00:00"")']","'{duration}s' plural s dropped; glossary gives '1.5 ঘণ্টা'/'30 মিনিট'"
"T12.v2","Delay my first meeting with {name} on {natural_language_date} by {duration}s","{natural_language_date} তারিখে {name}-এর সাথে আমার প্রথম মিটিংটা {duration} পিছাও","Delay my first meeting with yuki on December 4 by 30 minutes","4 ডিসেম্বর তারিখে yuki-এর সাথে আমার প্রথম মিটিংটা 30 মিনিট পিছাও","['calendar.update_event.func(event_id=""00000062"", field=""event_start"", new_value=""2023-12-04 15:00:00"")']","Delay -> পিছাও (distinct from v1 পিছিয়ে দাও)"
"T12.v3","please move my first meeting with {name} on {natural_language_date} by {duration}s","প্লিজ {natural_language_date} তারিখে {name}-এর সাথে আমার প্রথম মিটিংটা {duration} সরিয়ে দাও","please move my first meeting with kofi on December 4 by 1.5 hours","প্লিজ 4 ডিসেম্বর তারিখে kofi-এর সাথে আমার প্রথম মিটিংটা 1.5 ঘণ্টা সরিয়ে দাও","['calendar.update_event.func(event_id=""00000109"", field=""event_start"", new_value=""2023-12-04 12:00:00"")']","'move ... by' keeps EN's unspecified direction (সরিয়ে দাও, not পিছিয়ে)"
"T13.v1","Cancel the next {event_name} meeting","পরের {event_name} মিটিংটা বাতিল করো","Cancel the next Quarterly Sales Review meeting","পরের Quarterly Sales Review মিটিংটা বাতিল করো","['calendar.delete_event.func(event_id=""00000121"")']",""
"T13.v2","Can you cancel the next {event_name} meeting","পরের {event_name} মিটিংটা বাতিল করে দিতে পারবে","Can you cancel the next Year-End Performance Assessment meeting","পরের Year-End Performance Assessment মিটিংটা বাতিল করে দিতে পারবে","['calendar.delete_event.func(event_id=""00000091"")']","no '?' mirrors EN"
"T13.v3","Delete the next {event_name} meeting","পরের {event_name} মিটিংটা ডিলিট করো","Delete the next Health & Wellness Expo meeting","পরের Health & Wellness Expo মিটিংটা ডিলিট করো","['calendar.delete_event.func(event_id=""00000082"")']",""
"T14.v1","Rename the next {event_name} meeting to {new_event_name}","পরের {event_name} মিটিংটার নাম পাল্টে {new_event_name} রাখো","Rename the next team evaluation meeting to Customer Insight Forum","পরের team evaluation মিটিংটার নাম পাল্টে Customer Insight Forum রাখো","['calendar.update_event.func(event_id=""00000047"", field=""event_name"", new_value=""Customer Insight Forum"")']",""
"T14.v2","Change the name of the next {event_name} meeting to {new_event_name}","পরের {event_name} মিটিংটার নাম বদলে {new_event_name} করো","Change the name of the next daily stand-up meeting to Data Security and Compliance Training","পরের daily stand-up মিটিংটার নাম বদলে Data Security and Compliance Training করো","['calendar.update_event.func(event_id=""00000086"", field=""event_name"", new_value=""Data Security and Compliance Training"")']",""
"T14.v3","can you rename the next {event_name} meeting to {new_event_name}","পরের {event_name} মিটিংটার নাম পাল্টে {new_event_name} রেখে দিতে পারবে","can you rename the next process review meeting to Customer Insight Forum","পরের process review মিটিংটার নাম পাল্টে Customer Insight Forum রেখে দিতে পারবে","['calendar.update_event.func(event_id=""00000137"", field=""event_name"", new_value=""Customer Insight Forum"")']","no '?' mirrors EN"
"T15.v1","Cancel my next meeting with {name}","{name}-এর সাথে আমার পরের মিটিংটা বাতিল করো","Cancel my next meeting with sofia","sofia-এর সাথে আমার পরের মিটিংটা বাতিল করো","['calendar.delete_event.func(event_id=""00000027"")']","cancel→বাতিল করো; delete→ডিলিট করো kept distinct. Register: তুমি-form commands throughout."
"T15.v2","I need to cancel my next meeting with {name}. Can you do that for me please?","{name}-এর সাথে আমার পরের মিটিংটা বাতিল করতে হবে। তুমি কি এটা করে দিতে পারবে, প্লিজ?","I need to cancel my next meeting with aisha. Can you do that for me please?","aisha-এর সাথে আমার পরের মিটিংটা বাতিল করতে হবে। তুমি কি এটা করে দিতে পারবে, প্লিজ?","['calendar.delete_event.func(event_id=""00000225"")']",""
"T15.v3","{name} is off sick. Can you cancel my next meeting with them?","{name} অসুস্থতার জন্য ছুটিতে আছে। ওর সাথে আমার পরের মিটিংটা বাতিল করে দিতে পারবে?","sofia is off sick. Can you cancel my next meeting with them?","sofia অসুস্থতার জন্য ছুটিতে আছে। ওর সাথে আমার পরের মিটিংটা বাতিল করে দিতে পারবে?","['calendar.delete_event.func(event_id=""00000027"")']","'them'→ওর (gender-neutral)."
"T16.v1","If I haven't met with {name} in the last {duration} days, schedule a 30-minute meeting called 'catch-up' for my first free slot from tomorrow","গত {duration} দিনে যদি {name}-এর সাথে আমার দেখা না হয়ে থাকে, তাহলে আগামীকাল থেকে আমার প্রথম ফাঁকা স্লটে 'catch-up' নামে একটা 30 মিনিটের মিটিং শিডিউল করো","If I haven't met with aisha in the last 4 days, schedule a 30-minute meeting called 'catch-up' for my first free slot from tomorrow","গত 4 দিনে যদি aisha-এর সাথে আমার দেখা না হয়ে থাকে, তাহলে আগামীকাল থেকে আমার প্রথম ফাঁকা স্লটে 'catch-up' নামে একটা 30 মিনিটের মিটিং শিডিউল করো","['calendar.create_event.func(event_name=""catch-up"", participant_email=""aisha.chen@atlas.com"", event_start=""2023-12-01 13:00:00"", duration=""30"")']","'catch-up' is a GT event_name literal, kept English in quotes; 'met with'→দেখা হওয়া (not মিটিং) to stay as implicit as EN."
"T16.v2","I think I might need to catch up with {name}. Can you check if I've met with them in the last {duration} days? If not, schedule a 30-minute meeting for my first free slot from tomorrow","মনে হচ্ছে {name}-এর সাথে একবার কথা বলা দরকার। একটু দেখো তো, গত {duration} দিনে ওর সাথে আমার দেখা হয়েছে কি না? না হয়ে থাকলে আগামীকাল থেকে আমার প্রথম ফাঁকা স্লটে একটা 30 মিনিটের মিটিং শিডিউল করো","I think I might need to catch up with sofia. Can you check if I've met with them in the last 3 days? If not, schedule a 30-minute meeting for my first free slot from tomorrow","মনে হচ্ছে sofia-এর সাথে একবার কথা বলা দরকার। একটু দেখো তো, গত 3 দিনে ওর সাথে আমার দেখা হয়েছে কি না? না হয়ে থাকলে আগামীকাল থেকে আমার প্রথম ফাঁকা স্লটে একটা 30 মিনিটের মিটিং শিডিউল করো","[]","No event name in EN, none added."
"T16.v3","have I met with {name} in the last {duration} days? If not, schedule a 30-minute meeting called 'catch-up' for my first free slot from tomorrow","গত {duration} দিনে কি {name}-এর সাথে আমার দেখা হয়েছে? না হলে আগামীকাল থেকে আমার প্রথম ফাঁকা স্লটে 'catch-up' নামে 30 মিনিটের একটা মিটিং শিডিউল করো","have I met with carlos in the last 7 days? If not, schedule a 30-minute meeting called 'catch-up' for my first free slot from tomorrow","গত 7 দিনে কি carlos-এর সাথে আমার দেখা হয়েছে? না হলে আগামীকাল থেকে আমার প্রথম ফাঁকা স্লটে 'catch-up' নামে 30 মিনিটের একটা মিটিং শিডিউল করো","['calendar.create_event.func(event_name=""catch-up"", participant_email=""carlos.rodriguez@atlas.com"", event_start=""2023-12-01 13:00:00"", duration=""30"")']",""
"T17.v1","Cancel my meetings on {next_day} {before_or_after} {natural_language_time}","{next_day} {natural_language_time}টার {before_or_after} আমার মিটিংগুলো বাতিল করো","Cancel my meetings on Wednesday after 11","বুধবার 11টার পরে আমার মিটিংগুলো বাতিল করো","['calendar.delete_event.func(event_id=""00000038"")', 'calendar.delete_event.func(event_id=""00000242"")']","Time kept bare + টার (no am/pm added), per policy §7.5."
"T17.v2","Delete my meetings on {next_day} {before_or_after} {natural_language_time}","{next_day} {natural_language_time}টার {before_or_after} আমার যে মিটিংগুলো আছে, সেগুলো ডিলিট করো","Delete my meetings on Friday before 12","শুক্রবার 12টার আগে আমার যে মিটিংগুলো আছে, সেগুলো ডিলিট করো","['calendar.delete_event.func(event_id=""00000165"")', 'calendar.delete_event.func(event_id=""00000091"")']",""
"T17.v3","something came up. Can you cancel my meetings on {next_day} {before_or_after} {natural_language_time}?","হঠাৎ একটা কাজ পড়ে গেছে। {next_day} {natural_language_time}টার {before_or_after} আমার মিটিংগুলো বাতিল করে দিতে পারবে?","something came up. Can you cancel my meetings on Tuesday before 9?","হঠাৎ একটা কাজ পড়ে গেছে। মঙ্গলবার 9টার আগে আমার মিটিংগুলো বাতিল করে দিতে পারবে?","[]","'something came up'→হঠাৎ একটা কাজ পড়ে গেছে."
"T18.v1","Cancel all future meetings with {name}","{name}-এর সাথে ভবিষ্যতের সব মিটিং বাতিল করো","Cancel all future meetings with raj","raj-এর সাথে ভবিষ্যতের সব মিটিং বাতিল করো","['calendar.delete_event.func(event_id=""00000093"")', 'calendar.delete_event.func(event_id=""00000242"")', 'calendar.delete_event.func(event_id=""00000012"")']",""
"T18.v2","I need to cancel all future meetings with {name}. Can you do that for me please?","{name}-এর সাথে সামনে যত মিটিং আছে, সবগুলো বাতিল করতে হবে। তুমি কি এটা করে দিতে পারবে, প্লিজ?","I need to cancel all future meetings with olga. Can you do that for me please?","olga-এর সাথে সামনে যত মিটিং আছে, সবগুলো বাতিল করতে হবে। তুমি কি এটা করে দিতে পারবে, প্লিজ?","['calendar.delete_event.func(event_id=""00000165"")', 'calendar.delete_event.func(event_id=""00000287"")', 'calendar.delete_event.func(event_id=""00000121"")', 'calendar.delete_event.func(event_id=""00000131"")']","'future meetings'→সামনে যত মিটিং আছে (upcoming)."
"T18.v3","{name} is leaving the company. Can you cancel all future meetings with them?","{name} কোম্পানি ছেড়ে চলে যাচ্ছে। ওর সাথে ভবিষ্যতের সব মিটিং বাতিল করে দিতে পারবে?","carlos is leaving the company. Can you cancel all future meetings with them?","carlos কোম্পানি ছেড়ে চলে যাচ্ছে। ওর সাথে ভবিষ্যতের সব মিটিং বাতিল করে দিতে পারবে?","['calendar.delete_event.func(event_id=""00000054"")', 'calendar.delete_event.func(event_id=""00000205"")']",""
"T19.v1","Cancel future {event_name} meetings","ভবিষ্যতের {event_name} মিটিংগুলো বাতিল করো","Cancel future status briefing meetings","ভবিষ্যতের status briefing মিটিংগুলো বাতিল করো","[]","Event names stay raw Latin (not quoted, as in EN)."
"T19.v2","Delete all the future {event_name} meetings","ভবিষ্যতের সব {event_name} মিটিং ডিলিট করো","Delete all the future board of directors conclave meetings","ভবিষ্যতের সব board of directors conclave মিটিং ডিলিট করো","['calendar.delete_event.func(event_id=""00000170"")']",""
"T19.v3","We've decided we don't need any any more {event_name} meetings. Can you cancel all future ones?","আমরা ঠিক করেছি, {event_name} মিটিং আর লাগবে না। সামনে যতগুলো আছে, সব বাতিল করে দিতে পারবে?","We've decided we don't need any any more risk management forum meetings. Can you cancel all future ones?","আমরা ঠিক করেছি, risk management forum মিটিং আর লাগবে না। সামনে যতগুলো আছে, সব বাতিল করে দিতে পারবে?","['calendar.delete_event.func(event_id=""00000225"")']","EN typo 'any any' not reproduced."
"T20.v1","Create a {duration} event called {event_name} on {natural_language_date} at {natural_language_time} with {name}","{natural_language_date} {natural_language_time}টায় {name}-এর সাথে {event_name} নামে একটা ইভেন্ট তৈরি করো, সময়কাল {duration}","Create a 1.5 hour event called New Employee Onboarding on December 8 at 3:30 with nia","8 ডিসেম্বর 3:30টায় nia-এর সাথে New Employee Onboarding নামে একটা ইভেন্ট তৈরি করো, সময়কাল 1.5 ঘণ্টা","['calendar.create_event.func(event_name=""New Employee Onboarding"", participant_email=""nia.johnson@atlas.com"", event_start=""2023-12-08 15:30:00"", duration=""90"")']","Duration rendered '1.5 ঘণ্টা'/'30 মিনিট' cannot take genitive -র/-এর cleanly, so phrased as 'সময়কাল {duration}' / '{duration} সময়ের' / '{duration} ধরে চলবে'. Event name unquoted raw (GT literal survives)."
"T20.v2","I haven't met with {name} in a while. Can you schedule a {duration} event called {event_name} on {natural_language_date} at {natural_language_time}?","অনেকদিন {name}-এর সাথে দেখা হয়নি। {natural_language_date} {natural_language_time}টায় {event_name} নামে {duration} সময়ের একটা ইভেন্ট শিডিউল করে দিতে পারবে?","I haven't met with yuki in a while. Can you schedule a 30 minute event called Digital Transformation Conference on December 20 at 10?","অনেকদিন yuki-এর সাথে দেখা হয়নি। 20 ডিসেম্বর 10টায় Digital Transformation Conference নামে 30 মিনিট সময়ের একটা ইভেন্ট শিডিউল করে দিতে পারবে?","['calendar.create_event.func(event_name=""Digital Transformation Conference"", participant_email=""yuki.tanaka@atlas.com"", event_start=""2023-12-20 10:00:00"", duration=""30"")']",""
"T20.v3","I need to catch up with {name}. can you schedule a {duration} event called {event_name} on {natural_language_date} at {natural_language_time}?","{name}-এর সাথে একটু বসা দরকার। {natural_language_date} {natural_language_time}টায় {event_name} নামে একটা ইভেন্ট শিডিউল করে দিতে পারবে? ইভেন্টটা {duration} ধরে চলবে।","I need to catch up with nadia. can you schedule a 1.5 hour event called Diversity & Inclusion Workshop on December 19 at 11?","nadia-এর সাথে একটু বসা দরকার। 19 ডিসেম্বর 11টায় Diversity & Inclusion Workshop নামে একটা ইভেন্ট শিডিউল করে দিতে পারবে? ইভেন্টটা 1.5 ঘণ্টা ধরে চলবে।","['calendar.create_event.func(event_name=""Diversity & Inclusion Workshop"", participant_email=""nadia.moreau@atlas.com"", event_start=""2023-12-19 11:00:00"", duration=""90"")']","'catch up'→একটু বসা (have a sit-down chat). Question split in two sentences to keep duration natural."
"T21.v1","Update the status of {current_customer_name} to {new_status_natural_language} in the crm","CRM রেকর্ডে {current_customer_name}-এর স্ট্যাটাস {new_status_natural_language}-এ আপডেট করো","Update the status of Cameron Anderson to qualified in the crm","CRM রেকর্ডে Cameron Anderson-এর স্ট্যাটাস qualified-এ আপডেট করো","['customer_relationship_manager.update_customer.func(customer_id=""00000048"", field=""status"", new_value=""Qualified"")']","'CRM-এ' is rejected by the checker regex (hyphen joins 'CRM-' as stray Latin), so locative uses 'CRM সিস্টেমে'/'CRM রেকর্ডে' or postposition 'CRM থেকে'. Status enum via slot stays Latin. 'status' is also a GT literal (field=""status"") present in the EN task, so the checker requires it verbatim: kept as quoted field name instead of স্ট্যাটাস (overrides §4 loanword here; owner may want the checker to skip argument-name literals)."
"T21.v2","We've got a new customer that's moved to {new_status_natural_language} status. Can you update {current_customer_name} to {new_status_natural_language} in the crm?","আমাদের একজন নতুন কাস্টমার {new_status_natural_language} স্ট্যাটাসে চলে গেছে। CRM রেকর্ডে {current_customer_name}-এর স্ট্যাটাস {new_status_natural_language}-এ আপডেট করে দিতে পারবে?","We've got a new customer that's moved to proposal status. Can you update Kerry Brown to proposal in the crm?","আমাদের একজন নতুন কাস্টমার proposal স্ট্যাটাসে চলে গেছে। CRM রেকর্ডে Kerry Brown-এর স্ট্যাটাস proposal-এ আপডেট করে দিতে পারবে?","['customer_relationship_manager.update_customer.func(customer_id=""00000199"", field=""status"", new_value=""Proposal"")']","'status' quoted: GT literal (see T21.v1)."
"T21.v3","{current_customer_name} has moved to {new_status_natural_language} status. Can you update that in the crm?","{current_customer_name}-এর স্ট্যাটাস এখন {new_status_natural_language}। CRM সিস্টেমে এটা আপডেট করে দিতে পারবে?","Quinn Thomas has moved to lead status. Can you update that in the crm?","Quinn Thomas-এর স্ট্যাটাস এখন lead। CRM সিস্টেমে এটা আপডেট করে দিতে পারবে?","['customer_relationship_manager.update_customer.func(customer_id=""00000041"", field=""status"", new_value=""Lead"")']","'status' quoted: GT literal (see T21.v1)."
"T22.v1","Delete {current_customer_name} from the crm","CRM থেকে {current_customer_name}-কে ডিলিট করো","Delete Rahul Martinez from the crm","CRM থেকে Rahul Martinez-কে ডিলিট করো","['customer_relationship_manager.delete_customer.func(customer_id=""00000003"")']",""
"T22.v2","We no longer need to keep {current_customer_name} in the crm. Can you delete them?","{current_customer_name}-কে আর CRM সিস্টেমে রাখার দরকার নেই। ডিলিট করে দিতে পারবে?","We no longer need to keep Shannon Wilson in the crm. Can you delete them?","Shannon Wilson-কে আর CRM সিস্টেমে রাখার দরকার নেই। ডিলিট করে দিতে পারবে?","['customer_relationship_manager.delete_customer.func(customer_id=""00000124"")']",""
"T22.v3","{current_customer_name} is no longer a customer. Can you delete them from the crm?","{current_customer_name} আর আমাদের কাস্টমার নেই। CRM থেকে তাকে ডিলিট করে দিতে পারবে?","Casey White is no longer a customer. Can you delete them from the crm?","Casey White আর আমাদের কাস্টমার নেই। CRM থেকে তাকে ডিলিট করে দিতে পারবে?","['customer_relationship_manager.delete_customer.func(customer_id=""00000167"")']",""
"T23.v1","Add {new_customer_name} as a new lead in the crm and assign them to {assigned_to_first_name}","{new_customer_name}-কে নতুন lead হিসেবে CRM সিস্টেমে যোগ করো এবং {assigned_to_first_name}-এর নামে অ্যাসাইন করো","Add Avery White as a new lead in the crm and assign them to Raj","Avery White-কে নতুন lead হিসেবে CRM সিস্টেমে যোগ করো এবং Raj-এর নামে অ্যাসাইন করো","['customer_relationship_manager.add_customer.func(customer_name=""Avery White"", assigned_to_email=""raj.patel@atlas.com"", status=""Lead"")']","Literal enum word 'lead' (not a slot) kept Latin per §4; quoted because the checker flags bare Latin. 'assign to X'→X-এর নামে অ্যাসাইন (X-কে অ্যাসাইন would be ambiguous)."
"T23.v2","We've got a new lead called {new_customer_name}. Can you add them to the crm and assign them to {assigned_to_first_name}?","{new_customer_name} নামে একজন নতুন lead এসেছে। তাকে CRM সিস্টেমে যোগ করে {assigned_to_first_name}-এর নামে অ্যাসাইন করে দিতে পারবে?","We've got a new lead called Jordan Moore. Can you add them to the crm and assign them to Akira?","Jordan Moore নামে একজন নতুন lead এসেছে। তাকে CRM সিস্টেমে যোগ করে Akira-এর নামে অ্যাসাইন করে দিতে পারবে?","['customer_relationship_manager.add_customer.func(customer_name=""Jordan Moore"", assigned_to_email=""akira.sato@atlas.com"", status=""Lead"")']",""
"T23.v3","can you add {new_customer_name} to the crm? They're a new lead and need to be assigned to {assigned_to_first_name}","{new_customer_name}-কে কি CRM সিস্টেমে যোগ করে দিতে পারবে? সে নতুন lead, তাকে {assigned_to_first_name}-এর নামে অ্যাসাইন করতে হবে","can you add Morgan Wilson to the crm? They're a new lead and need to be assigned to Nadia","Morgan Wilson-কে কি CRM সিস্টেমে যোগ করে দিতে পারবে? সে নতুন lead, তাকে Nadia-এর নামে অ্যাসাইন করতে হবে","['customer_relationship_manager.add_customer.func(customer_name=""Morgan Wilson"", assigned_to_email=""nadia.moreau@atlas.com"", status=""Lead"")']",""
"T24.v1","Reassign {current_customer_name} to {assigned_to_first_name} in the crm","CRM সিস্টেমে {current_customer_name}-কে {assigned_to_first_name}-এর নামে রিঅ্যাসাইন করো","Reassign Morgan Robinson to Sofia in the crm","CRM সিস্টেমে Morgan Robinson-কে Sofia-এর নামে রিঅ্যাসাইন করো","['customer_relationship_manager.update_customer.func(customer_id=""00000125"", field=""assigned_to_email"", new_value=""sofia.santos@atlas.com"")']",""
"T24.v2","We're moving {current_customer_name} to {assigned_to_first_name}. Can you make that change in the crm?","{current_customer_name}-এর দায়িত্ব আমরা {assigned_to_first_name}-কে দিচ্ছি। CRM সিস্টেমে এই পরিবর্তনটা করে দিতে পারবে?","We're moving Dakota Wilson to Raj. Can you make that change in the crm?","Dakota Wilson-এর দায়িত্ব আমরা Raj-কে দিচ্ছি। CRM সিস্টেমে এই পরিবর্তনটা করে দিতে পারবে?","['customer_relationship_manager.update_customer.func(customer_id=""00000076"", field=""assigned_to_email"", new_value=""raj.patel@atlas.com"")']","'moving X to Y'→X-এর দায়িত্ব Y-কে দিচ্ছি."
"T24.v3","{assigned_to_first_name} is taking over {current_customer_name}. Can you reassign them in the crm?","{current_customer_name}-এর দায়িত্ব নিচ্ছে {assigned_to_first_name}। CRM সিস্টেমে রিঅ্যাসাইন করে দিতে পারবে?","Raj is taking over Alex Jackson. Can you reassign them in the crm?","Alex Jackson-এর দায়িত্ব নিচ্ছে Raj। CRM সিস্টেমে রিঅ্যাসাইন করে দিতে পারবে?","['customer_relationship_manager.update_customer.func(customer_id=""00000038"", field=""assigned_to_email"", new_value=""raj.patel@atlas.com"")']","Reordered (new owner last) so two Latin names are not adjacent."
"T25.v1","Reassign all of {assigned_to_first_name}'s leads that are interested in {natural_language_product_interest} to {new_assigned_to_first_name} in the crm.","CRM সিস্টেমে {assigned_to_first_name}-এর যেসব lead {natural_language_product_interest}-এ আগ্রহী, সবগুলো {new_assigned_to_first_name}-এর নামে রিঅ্যাসাইন করো।","Reassign all of Akira's leads that are interested in hardware to Lena in the crm.","CRM সিস্টেমে Akira-এর যেসব lead hardware-এ আগ্রহী, সবগুলো Lena-এর নামে রিঅ্যাসাইন করো।","['customer_relationship_manager.update_customer.func(customer_id=""00000004"", field=""assigned_to_email"", new_value=""lena.schmidt@atlas.com"")', 'customer_relationship_manager.update_customer.func(customer_id=""00000012"", field=""assigned_to_email"", new_value=""lena.schmidt@atlas.com"")']","'leads' = status Lead in GT logic, so kept as quoted enum 'lead'."
"T25.v2","We're moving all of {assigned_to_first_name}'s leads that are interested in {natural_language_product_interest} to {new_assigned_to_first_name}. Can you make that change in the crm?","{assigned_to_first_name}-এর যেসব lead {natural_language_product_interest}-এ আগ্রহী, সবগুলোর দায়িত্ব আমরা {new_assigned_to_first_name}-কে দিচ্ছি। CRM সিস্টেমে এই পরিবর্তনটা করে দিতে পারবে?","We're moving all of Lena's leads that are interested in services to Sofia. Can you make that change in the crm?","Lena-এর যেসব lead services-এ আগ্রহী, সবগুলোর দায়িত্ব আমরা Sofia-কে দিচ্ছি। CRM সিস্টেমে এই পরিবর্তনটা করে দিতে পারবে?","['customer_relationship_manager.update_customer.func(customer_id=""00000034"", field=""assigned_to_email"", new_value=""sofia.santos@atlas.com"")', 'customer_relationship_manager.update_customer.func(customer_id=""00000177"", field=""assigned_to_email"", new_value=""sofia.santos@atlas.com"")', 'customer_relationship_manager.update_customer.func(customer_id=""00000110"", field=""assigned_to_email"", new_value=""sofia.santos@atlas.com"")']",""
"T25.v3","{new_assigned_to_first_name} is taking over all of {assigned_to_first_name}'s leads that are interested in {natural_language_product_interest}. Can you reassign them in the crm?","{assigned_to_first_name}-এর যেসব lead {natural_language_product_interest}-এ আগ্রহী, সবগুলোর দায়িত্ব নিচ্ছে {new_assigned_to_first_name}। CRM সিস্টেমে ওগুলো রিঅ্যাসাইন করে দিতে পারবে?","Akira is taking over all of Lena's leads that are interested in software. Can you reassign them in the crm?","Lena-এর যেসব lead software-এ আগ্রহী, সবগুলোর দায়িত্ব নিচ্ছে Akira। CRM সিস্টেমে ওগুলো রিঅ্যাসাইন করে দিতে পারবে?","['customer_relationship_manager.update_customer.func(customer_id=""00000076"", field=""assigned_to_email"", new_value=""akira.sato@atlas.com"")', 'customer_relationship_manager.update_customer.func(customer_id=""00000063"", field=""assigned_to_email"", new_value=""akira.sato@atlas.com"")', 'customer_relationship_manager.update_customer.func(customer_id=""00000113"", field=""assigned_to_email"", new_value=""akira.sato@atlas.com"")']",""
"T26.v1","Give {new_assigned_to_first_name} all of {assigned_to_first_name}'s customers that are interested in {natural_language_product_interest} and are either qualified or in proposal in the crm","CRM সিস্টেমে {assigned_to_first_name}-এর যেসব কাস্টমার {natural_language_product_interest}-এ আগ্রহী এবং qualified বা proposal পর্যায়ে আছে, তাদের সবাইকে {new_assigned_to_first_name}-এর হাতে দিয়ে দাও","Give Raj all of Nadia's customers that are interested in consulting and are either qualified or in proposal in the crm","CRM সিস্টেমে Nadia-এর যেসব কাস্টমার consulting-এ আগ্রহী এবং qualified বা proposal পর্যায়ে আছে, তাদের সবাইকে Raj-এর হাতে দিয়ে দাও","['customer_relationship_manager.update_customer.func(customer_id=""00000027"", field=""assigned_to_email"", new_value=""raj.patel@atlas.com"")']","Literal enums 'qualified'/'proposal' kept Latin, quoted (checker). 'in proposal'→পর্যায়ে আছে."
"T26.v2","I need to move all of {assigned_to_first_name}'s customers that are interested in {natural_language_product_interest} and are either qualified or in proposal to {new_assigned_to_first_name}. Can you make that change in the crm?","{assigned_to_first_name}-এর যেসব কাস্টমার {natural_language_product_interest}-এ আগ্রহী এবং qualified বা proposal পর্যায়ে আছে, তাদের সবাইকে {new_assigned_to_first_name}-এর কাছে সরাতে হবে। CRM সিস্টেমে এই পরিবর্তনটা করে দিতে পারবে?","I need to move all of Sofia's customers that are interested in services and are either qualified or in proposal to Raj. Can you make that change in the crm?","Sofia-এর যেসব কাস্টমার services-এ আগ্রহী এবং qualified বা proposal পর্যায়ে আছে, তাদের সবাইকে Raj-এর কাছে সরাতে হবে। CRM সিস্টেমে এই পরিবর্তনটা করে দিতে পারবে?","['customer_relationship_manager.update_customer.func(customer_id=""00000099"", field=""assigned_to_email"", new_value=""raj.patel@atlas.com"")', 'customer_relationship_manager.update_customer.func(customer_id=""00000137"", field=""assigned_to_email"", new_value=""raj.patel@atlas.com"")']",""
"T26.v3","{new_assigned_to_first_name} is taking over all of {assigned_to_first_name}'s customers that are interested in {natural_language_product_interest} and are either qualified or in proposal. Can you reassign them in the crm?","{assigned_to_first_name}-এর যেসব কাস্টমার {natural_language_product_interest}-এ আগ্রহী এবং qualified বা proposal পর্যায়ে আছে, তাদের সবার দায়িত্ব নিচ্ছে {new_assigned_to_first_name}। CRM সিস্টেমে তাদের রিঅ্যাসাইন করে দিতে পারবে?","Raj is taking over all of Sofia's customers that are interested in training and are either qualified or in proposal. Can you reassign them in the crm?","Sofia-এর যেসব কাস্টমার training-এ আগ্রহী এবং qualified বা proposal পর্যায়ে আছে, তাদের সবার দায়িত্ব নিচ্ছে Raj। CRM সিস্টেমে তাদের রিঅ্যাসাইন করে দিতে পারবে?","['customer_relationship_manager.update_customer.func(customer_id=""00000120"", field=""assigned_to_email"", new_value=""raj.patel@atlas.com"")', 'customer_relationship_manager.update_customer.func(customer_id=""00000042"", field=""assigned_to_email"", new_value=""raj.patel@atlas.com"")', 'customer_relationship_manager.update_customer.func(customer_id=""00000184"", field=""assigned_to_email"", new_value=""raj.patel@atlas.com"")']",""
"T27.v1","I need to remove all of {assigned_to_first_name}'s customers that are in the {new_status_natural_language} stage and interested in {natural_language_product_interest} from the crm. Can you make that change?","{assigned_to_first_name}-এর যেসব কাস্টমার {new_status_natural_language} স্টেজে আছে এবং {natural_language_product_interest}-এ আগ্রহী, তাদের সবাইকে CRM থেকে সরিয়ে ফেলতে হবে। এই পরিবর্তনটা করে দিতে পারবে?","I need to remove all of Raj's customers that are in the lost stage and interested in software from the crm. Can you make that change?","Raj-এর যেসব কাস্টমার lost স্টেজে আছে এবং software-এ আগ্রহী, তাদের সবাইকে CRM থেকে সরিয়ে ফেলতে হবে। এই পরিবর্তনটা করে দিতে পারবে?","['customer_relationship_manager.delete_customer.func(customer_id=""00000168"")']",""
"T27.v2","We no longer need to keep all of {assigned_to_first_name}'s customers that are in the {new_status_natural_language} stage and interested in {natural_language_product_interest}. Can you delete them from the crm?","{assigned_to_first_name}-এর যেসব কাস্টমার {new_status_natural_language} স্টেজে আছে এবং {natural_language_product_interest}-এ আগ্রহী, তাদের কাউকেই আর রাখার দরকার নেই। CRM থেকে তাদের ডিলিট করে দিতে পারবে?","We no longer need to keep all of Sofia's customers that are in the won stage and interested in services. Can you delete them from the crm?","Sofia-এর যেসব কাস্টমার won স্টেজে আছে এবং services-এ আগ্রহী, তাদের কাউকেই আর রাখার দরকার নেই। CRM থেকে তাদের ডিলিট করে দিতে পারবে?","['customer_relationship_manager.delete_customer.func(customer_id=""00000048"")']",""
"T28.v1","Move all customers that haven't responded to a proposal for the {natural_language_product_interest} product in {weeks} weeks to lost in the crm","{natural_language_product_interest} প্রোডাক্টের প্রপোজালে যেসব কাস্টমার {weeks} সপ্তাহ ধরে কোনো সাড়া দেয়নি, CRM সিস্টেমে তাদের সবাইকে lost-এ সরিয়ে দাও","Move all customers that haven't responded to a proposal for the services product in 5 weeks to lost in the crm","services প্রোডাক্টের প্রপোজালে যেসব কাস্টমার 5 সপ্তাহ ধরে কোনো সাড়া দেয়নি, CRM সিস্টেমে তাদের সবাইকে lost-এ সরিয়ে দাও","['customer_relationship_manager.update_customer.func(customer_id=""00000081"", field=""status"", new_value=""Lost"")', 'customer_relationship_manager.update_customer.func(customer_id=""00000041"", field=""status"", new_value=""Lost"")', 'customer_relationship_manager.update_customer.func(customer_id=""00000121"", field=""status"", new_value=""Lost"")', 'customer_relationship_manager.update_customer.func(customer_id=""00000079"", field=""status"", new_value=""Lost"")', 'customer_relationship_manager.update_customer.func(customer_id=""00000091"", field=""status"", new_value=""Lost"")']","Literal enum 'lost' kept Latin, quoted (checker). 'a proposal' is a generic noun here→প্রপোজাল (Bangla script loanword). 'in N weeks'→N সপ্তাহ ধরে."
"T28.v2","I think there's a few customers that haven't responded to a proposal for the {natural_language_product_interest} product in {weeks} weeks. Can you move them to lost in the crm?","মনে হচ্ছে কয়েকজন কাস্টমার {weeks} সপ্তাহ ধরে {natural_language_product_interest} প্রোডাক্টের প্রপোজালে কোনো সাড়া দেয়নি। CRM সিস্টেমে তাদের lost-এ সরিয়ে দিতে পারবে?","I think there's a few customers that haven't responded to a proposal for the software product in 3 weeks. Can you move them to lost in the crm?","মনে হচ্ছে কয়েকজন কাস্টমার 3 সপ্তাহ ধরে software প্রোডাক্টের প্রপোজালে কোনো সাড়া দেয়নি। CRM সিস্টেমে তাদের lost-এ সরিয়ে দিতে পারবে?","['customer_relationship_manager.update_customer.func(customer_id=""00000007"", field=""status"", new_value=""Lost"")', 'customer_relationship_manager.update_customer.func(customer_id=""00000147"", field=""status"", new_value=""Lost"")']",""
"T28.v3","We need to move all customers that haven't responded to a proposal for the {natural_language_product_interest} product in {weeks} weeks to lost. Can you update the CRM?","{natural_language_product_interest} প্রোডাক্টের প্রপোজালে {weeks} সপ্তাহ ধরে সাড়া দেয়নি এমন সব কাস্টমারকে lost-এ সরাতে হবে। CRM আপডেট করে দিতে পারবে?","We need to move all customers that haven't responded to a proposal for the hardware product in 4 weeks to lost. Can you update the CRM?","hardware প্রোডাক্টের প্রপোজালে 4 সপ্তাহ ধরে সাড়া দেয়নি এমন সব কাস্টমারকে lost-এ সরাতে হবে। CRM আপডেট করে দিতে পারবে?","['customer_relationship_manager.update_customer.func(customer_id=""00000037"", field=""status"", new_value=""Lost"")', 'customer_relationship_manager.update_customer.func(customer_id=""00000195"", field=""status"", new_value=""Lost"")', 'customer_relationship_manager.update_customer.func(customer_id=""00000058"", field=""status"", new_value=""Lost"")', 'customer_relationship_manager.update_customer.func(customer_id=""00000132"", field=""status"", new_value=""Lost"")', 'customer_relationship_manager.update_customer.func(customer_id=""00000088"", field=""status"", new_value=""Lost"")']",""
"T29.v1","Can you make a {plot_type} chart of {natural_language_metric} since {natural_language_date}?","{natural_language_date} থেকে {natural_language_metric} দেখিয়ে একটা {plot_type} চার্ট বানাতে পারবে?","Can you make a bar chart of total visits since November 21?","21 নভেম্বর থেকে মোট ভিজিট দেখিয়ে একটা bar চার্ট বানাতে পারবে?","['analytics.create_plot.func(time_min=""2023-11-21"", time_max=""2023-11-29"", value_to_plot=""total_visits"", plot_type=""bar"")']","Register: তুমি-form imperatives. plot_type canonical Latin via slot; 'since' -> থেকে."
"T29.v2","Create a {plot_type} chart of {natural_language_metric} since {natural_language_date}","{natural_language_date} থেকে {natural_language_metric}ের একটা {plot_type} চার্ট বানাও","Create a bar chart of total visits since September 2","2 সেপ্টেম্বর থেকে মোট ভিজিটের একটা bar চার্ট বানাও","['analytics.create_plot.func(time_min=""2023-09-02"", time_max=""2023-11-29"", value_to_plot=""total_visits"", plot_type=""bar"")']","Metric genitive glued as {slot}ের (metrics render মোট ভিজিট/এনগেজড ইউজার/গড় সেশনের সময়কাল, all consonant-final -> ভিজিটের etc.)."
"T29.v3","Plot {natural_language_metric} since {natural_language_date} as a {plot_type} chart","{natural_language_date} থেকে {natural_language_metric} {plot_type} চার্ট আকারে দেখাও","Plot total visits since October 28 as a scatter chart","28 অক্টোবর থেকে মোট ভিজিট scatter চার্ট আকারে দেখাও","['analytics.create_plot.func(time_min=""2023-10-28"", time_max=""2023-11-29"", value_to_plot=""total_visits"", plot_type=""scatter"")']","'Plot X as a Y chart' -> 'Y চার্ট আকারে দেখাও'."
"T30.v1","Plot the distribution of {natural_language_metric} on {natural_language_date}","{natural_language_date} তারিখের {natural_language_metric}ের ডিস্ট্রিবিউশন চার্টে দেখাও","Plot the distribution of total visits on October 28","28 অক্টোবর তারিখের মোট ভিজিটের ডিস্ট্রিবিউশন চার্টে দেখাও","['analytics.create_plot.func(time_min=""2023-10-28"", time_max=""2023-10-28"", value_to_plot=""total_visits"", plot_type=""histogram"")']","distribution -> ডিস্ট্রিবিউশন (loanword); histogram not named, as in EN. Metric genitive glued as {slot}ের (metrics render মোট ভিজিট/এনগেজড ইউজার/গড় সেশনের সময়কাল, all consonant-final -> ভিজিটের etc.)."
"T30.v2","Can you make a histogram of {natural_language_metric} on {natural_language_date}?","{natural_language_date} তারিখের {natural_language_metric} নিয়ে একটা histogram বানাতে পারবে?","Can you make a histogram of total visits on September 20?","20 সেপ্টেম্বর তারিখের মোট ভিজিট নিয়ে একটা histogram বানাতে পারবে?","['analytics.create_plot.func(time_min=""2023-09-20"", time_max=""2023-09-20"", value_to_plot=""total_visits"", plot_type=""histogram"")']","Chart-type literal kept in Latin inside quotes ('line'/'bar'/'histogram') because it is a GT plot_type literal present in the EN task and Latin must be quoted."
"T30.v3","please plot the distribution of the {natural_language_metric} metric on {natural_language_date}","প্লিজ {natural_language_date} তারিখের {natural_language_metric} মেট্রিকটার ডিস্ট্রিবিউশন চার্টে দেখাও","please plot the distribution of the total visits metric on October 10","প্লিজ 10 অক্টোবর তারিখের মোট ভিজিট মেট্রিকটার ডিস্ট্রিবিউশন চার্টে দেখাও","['analytics.create_plot.func(time_min=""2023-10-10"", time_max=""2023-10-10"", value_to_plot=""total_visits"", plot_type=""histogram"")']","please -> প্লিজ (common in Dhaka office chat); metric -> মেট্রিক."
"T31.v1","Can you plot the distribution of both {natural_language_metric} and {natural_language_metric_2} between {natural_language_date} and {natural_language_date_max}??","{natural_language_date} থেকে {natural_language_date_max} পর্যন্ত {natural_language_metric} আর {natural_language_metric_2} দুটোরই ডিস্ট্রিবিউশন চার্টে দেখাতে পারবে??","Can you plot the distribution of both total visits and average session duration between October 11 and November 19??","11 অক্টোবর থেকে 19 নভেম্বর পর্যন্ত মোট ভিজিট আর গড় সেশনের সময়কাল দুটোরই ডিস্ট্রিবিউশন চার্টে দেখাতে পারবে??","['analytics.create_plot.func(time_min=""2023-10-11"", time_max=""2023-11-19"", value_to_plot=""total_visits"", plot_type=""histogram"")', 'analytics.create_plot.func(time_min=""2023-10-11"", time_max=""2023-11-19"", value_to_plot=""session_duration_seconds"", plot_type=""histogram"")']","'between A and B' -> 'A থেকে B পর্যন্ত'; double '??' kept as in EN."
"T31.v2","I need a histogram of {natural_language_metric} and {natural_language_metric_2} between {natural_language_date} and {natural_language_date_max}","{natural_language_date} আর {natural_language_date_max}ের মধ্যে {natural_language_metric} আর {natural_language_metric_2}ের একটা histogram লাগবে","I need a histogram of total visits and average session duration between September 29 and November 13","29 সেপ্টেম্বর আর 13 নভেম্বরের মধ্যে মোট ভিজিট আর গড় সেশনের সময়কালের একটা histogram লাগবে","['analytics.create_plot.func(time_min=""2023-09-29"", time_max=""2023-11-13"", value_to_plot=""total_visits"", plot_type=""histogram"")', 'analytics.create_plot.func(time_min=""2023-09-29"", time_max=""2023-11-13"", value_to_plot=""session_duration_seconds"", plot_type=""histogram"")']","Date genitive glued ({slot}ের -> 13 নভেম্বরের; all months end in র). Singular 'a histogram' kept (একটা). Chart-type literal kept in Latin inside quotes ('line'/'bar'/'histogram') because it is a GT plot_type literal present in the EN task and Latin must be quoted."
"T31.v3","Please plot for me the distribution of {natural_language_metric} and {natural_language_metric_2} between {natural_language_date} and {natural_language_date_max}","প্লিজ {natural_language_date} থেকে {natural_language_date_max} সময়ের মধ্যে {natural_language_metric} ও {natural_language_metric_2}ের ডিস্ট্রিবিউশন আমাকে চার্টে দেখিয়ে দাও","Please plot for me the distribution of engaged users and total visits between November 5 and November 21","প্লিজ 5 নভেম্বর থেকে 21 নভেম্বর সময়ের মধ্যে এনগেজড ইউজার ও মোট ভিজিটের ডিস্ট্রিবিউশন আমাকে চার্টে দেখিয়ে দাও","['analytics.create_plot.func(time_min=""2023-11-05"", time_max=""2023-11-21"", value_to_plot=""user_engaged"", plot_type=""histogram"")', 'analytics.create_plot.func(time_min=""2023-11-05"", time_max=""2023-11-21"", value_to_plot=""total_visits"", plot_type=""histogram"")']","'for me' -> আমাকে ... দেখিয়ে দাও."
"T32.v1","If {natural_language_metric} was {more_or_less} than {threshold} at any time since {natural_language_date}, make a line plot of it since then","{natural_language_date} থেকে কোনো এক সময় যদি {natural_language_metric} {threshold}-এর চেয়ে {more_or_less} হয়ে থাকে, তাহলে তখন থেকে এটার একটা line চার্ট বানাও","If average session duration was more than 2 at any time since October 29, make a line plot of it since then","29 অক্টোবর থেকে কোনো এক সময় যদি গড় সেশনের সময়কাল 2-এর চেয়ে বেশি হয়ে থাকে, তাহলে তখন থেকে এটার একটা line চার্ট বানাও","['analytics.create_plot.func(time_min=""2023-10-29"", time_max=""2023-11-29"", value_to_plot=""session_duration_seconds"", plot_type=""line"")']","'since then' -> তখন থেকে (keeps EN ambiguity: the date vs. the moment it crossed). Chart-type literal kept in Latin inside quotes ('line'/'bar'/'histogram') because it is a GT plot_type literal present in the EN task and Latin must be quoted."
"T32.v2","Can you make a line chart of {natural_language_metric} since {natural_language_date} if it was {more_or_less} than {threshold} since at any time {natural_language_date}?","{natural_language_date} থেকে {natural_language_metric}ের একটা line চার্ট বানাতে পারবে, যদি {natural_language_date} থেকে কোনো সময় এটা {threshold}-এর চেয়ে {more_or_less} হয়ে থাকে?","Can you make a line chart of engaged users since October 24 if it was less than 11 since at any time October 24?","24 অক্টোবর থেকে এনগেজড ইউজারের একটা line চার্ট বানাতে পারবে, যদি 24 অক্টোবর থেকে কোনো সময় এটা 11-এর চেয়ে কম হয়ে থাকে?","['analytics.create_plot.func(time_min=""2023-10-24"", time_max=""2023-11-29"", value_to_plot=""user_engaged"", plot_type=""line"")']","EN word order 'since at any time {date}' is garbled; rendered with the evident meaning. Chart-type literal kept in Latin inside quotes ('line'/'bar'/'histogram') because it is a GT plot_type literal present in the EN task and Latin must be quoted."
"T32.v3","was {natural_language_metric} {more_or_less} than {threshold} at any time since {natural_language_date}? If so, please plot it as a line chart","{natural_language_date} থেকে কোনো সময় কি {natural_language_metric} {threshold}-এর চেয়ে {more_or_less} ছিল? যদি তাই হয়, প্লিজ এটা line চার্ট আকারে দেখাও","was total visits less than 3 at any time since September 13? If so, please plot it as a line chart","13 সেপ্টেম্বর থেকে কোনো সময় কি মোট ভিজিট 3-এর চেয়ে কম ছিল? যদি তাই হয়, প্লিজ এটা line চার্ট আকারে দেখাও","[]","'If so' -> যদি তাই হয়. Chart-type literal kept in Latin inside quotes ('line'/'bar'/'histogram') because it is a GT plot_type literal present in the EN task and Latin must be quoted."
"T33.v1","Make bar charts showing {natural_language_metric} and {natural_language_metric_2} since {date_min}","{date_min} থেকে {natural_language_metric} আর {natural_language_metric_2} দেখিয়ে bar চার্ট বানাও","Make bar charts showing average session duration and engaged users since 2023-09-04","2023-09-04 থেকে গড় সেশনের সময়কাল আর এনগেজড ইউজার দেখিয়ে bar চার্ট বানাও","['analytics.create_plot.func(time_min=""2023-09-04"", time_max=""2023-11-29"", value_to_plot=""session_duration_seconds"", plot_type=""bar"")', 'analytics.create_plot.func(time_min=""2023-09-04"", time_max=""2023-11-29"", value_to_plot=""user_engaged"", plot_type=""bar"")']","ISO date kept as-is (GT literal). Plural 'charts' left unmarked as is natural in Bangla. Chart-type literal kept in Latin inside quotes ('line'/'bar'/'histogram') because it is a GT plot_type literal present in the EN task and Latin must be quoted."
"T33.v2","I need bar charts of {natural_language_metric} and {natural_language_metric_2} since {date_min}","{date_min} থেকে {natural_language_metric} আর {natural_language_metric_2}ের bar চার্ট লাগবে","I need bar charts of total visits and engaged users since 2023-11-10","2023-11-10 থেকে মোট ভিজিট আর এনগেজড ইউজারের bar চার্ট লাগবে","['analytics.create_plot.func(time_min=""2023-11-10"", time_max=""2023-11-29"", value_to_plot=""total_visits"", plot_type=""bar"")', 'analytics.create_plot.func(time_min=""2023-11-10"", time_max=""2023-11-29"", value_to_plot=""user_engaged"", plot_type=""bar"")']","'I need' -> লাগবে. Chart-type literal kept in Latin inside quotes ('line'/'bar'/'histogram') because it is a GT plot_type literal present in the EN task and Latin must be quoted."
"T33.v3","can you make bar charts of {natural_language_metric} and {natural_language_metric_2} since {date_min}?","{date_min} থেকে {natural_language_metric} ও {natural_language_metric_2}ের bar চার্ট বানিয়ে দিতে পারবে?","can you make bar charts of average session duration and total visits since 2023-11-05?","2023-11-05 থেকে গড় সেশনের সময়কাল ও মোট ভিজিটের bar চার্ট বানিয়ে দিতে পারবে?","['analytics.create_plot.func(time_min=""2023-11-05"", time_max=""2023-11-29"", value_to_plot=""session_duration_seconds"", plot_type=""bar"")', 'analytics.create_plot.func(time_min=""2023-11-05"", time_max=""2023-11-29"", value_to_plot=""total_visits"", plot_type=""bar"")']","Chart-type literal kept in Latin inside quotes ('line'/'bar'/'histogram') because it is a GT plot_type literal present in the EN task and Latin must be quoted."
"T34.v1","If {natural_language_metric} was {more_or_less} than {threshold} any time in the last {past_n_weeks} weeks, make a line plot of it since then","গত {past_n_weeks} সপ্তাহে কোনো এক সময় যদি {natural_language_metric} {threshold}-এর চেয়ে {more_or_less} হয়ে থাকে, তাহলে তখন থেকে এটার একটা line চার্ট বানাও","If engaged users was more than 11 any time in the last 1 weeks, make a line plot of it since then","গত 1 সপ্তাহে কোনো এক সময় যদি এনগেজড ইউজার 11-এর চেয়ে বেশি হয়ে থাকে, তাহলে তখন থেকে এটার একটা line চার্ট বানাও","[]","'since then' -> তখন থেকে (ambiguity kept). Chart-type literal kept in Latin inside quotes ('line'/'bar'/'histogram') because it is a GT plot_type literal present in the EN task and Latin must be quoted."
"T34.v2","Can you make a line chart of {natural_language_metric} since the last {past_n_weeks} weeks if it was {more_or_less} than {threshold} at any time in the last {past_n_weeks} weeks?","গত {past_n_weeks} সপ্তাহ ধরে {natural_language_metric}ের একটা line চার্ট বানাতে পারবে, যদি গত {past_n_weeks} সপ্তাহে কখনো এটা {threshold}-এর চেয়ে {more_or_less} হয়ে থাকে?","Can you make a line chart of average session duration since the last 2 weeks if it was more than 2 at any time in the last 2 weeks?","গত 2 সপ্তাহ ধরে গড় সেশনের সময়কালের একটা line চার্ট বানাতে পারবে, যদি গত 2 সপ্তাহে কখনো এটা 2-এর চেয়ে বেশি হয়ে থাকে?","['analytics.create_plot.func(time_min=""2023-11-16"", time_max=""2023-11-29"", value_to_plot=""session_duration_seconds"", plot_type=""line"")']","EN 'since the last N weeks' -> 'গত N সপ্তাহ ধরে'. Chart-type literal kept in Latin inside quotes ('line'/'bar'/'histogram') because it is a GT plot_type literal present in the EN task and Latin must be quoted."
"T34.v3","Was {natural_language_metric} {more_or_less} than {threshold} at any time in the last {past_n_weeks} weeks? If so, please plot it as a line chart","গত {past_n_weeks} সপ্তাহে কোনো সময় কি {natural_language_metric} {threshold}-এর চেয়ে {more_or_less} ছিল? যদি তাই হয়, প্লিজ এটার একটা line চার্ট বানাও","Was total visits more than 21 at any time in the last 1 weeks? If so, please plot it as a line chart","গত 1 সপ্তাহে কোনো সময় কি মোট ভিজিট 21-এর চেয়ে বেশি ছিল? যদি তাই হয়, প্লিজ এটার একটা line চার্ট বানাও","[]","Chart-type literal kept in Latin inside quotes ('line'/'bar'/'histogram') because it is a GT plot_type literal present in the EN task and Latin must be quoted."
"T35.v1","If {natural_language_metric} is more than {natural_language_growth_threshold} {higher_or_lower} than {natural_language_date}, make a line plot of it since then","যদি {natural_language_metric} {natural_language_date} তারিখের তুলনায় {higher_or_lower} হয় এবং পার্থক্যটা {natural_language_growth_threshold}-এর বেশি হয়, তাহলে তখন থেকে এটার একটা line চার্ট বানাও","If engaged users is more than 3% higher than November 18, make a line plot of it since then","যদি এনগেজড ইউজার 18 নভেম্বর তারিখের তুলনায় বেশি হয় এবং পার্থক্যটা 3%-এর বেশি হয়, তাহলে তখন থেকে এটার একটা line চার্ট বানাও","['analytics.create_plot.func(time_min=""2023-11-18"", time_max=""2023-11-29"", value_to_plot=""user_engaged"", plot_type=""line"")']","'more than G higher/lower' split into '{higher_or_lower} হয় এবং পার্থক্য G-এর বেশি' to avoid 'বেশি বেশি'/'বেশি কম'. Chart-type literal kept in Latin inside quotes ('line'/'bar'/'histogram') because it is a GT plot_type literal present in the EN task and Latin must be quoted."
"T35.v2","Can you make a line chart of {natural_language_metric} since {natural_language_date} if it was more than {natural_language_growth_threshold} {higher_or_lower} than {natural_language_date}?","{natural_language_date} থেকে {natural_language_metric}ের একটা line চার্ট বানাতে পারবে, যদি এটা {natural_language_date} তারিখের তুলনায় {higher_or_lower} হয়ে থাকে আর ব্যবধানটা {natural_language_growth_threshold}-এর বেশি হয়?","Can you make a line chart of engaged users since October 3 if it was more than 3% lower than October 3?","3 অক্টোবর থেকে এনগেজড ইউজারের একটা line চার্ট বানাতে পারবে, যদি এটা 3 অক্টোবর তারিখের তুলনায় কম হয়ে থাকে আর ব্যবধানটা 3%-এর বেশি হয়?","['analytics.create_plot.func(time_min=""2023-10-03"", time_max=""2023-11-29"", value_to_plot=""user_engaged"", plot_type=""line"")']","Comparator split as in T35.v1. Chart-type literal kept in Latin inside quotes ('line'/'bar'/'histogram') because it is a GT plot_type literal present in the EN task and Latin must be quoted."
"T35.v3","Is {natural_language_metric} more than {natural_language_growth_threshold} {higher_or_lower} than {natural_language_date}? If so, please plot it as a line chart","{natural_language_metric} কি {natural_language_date} তারিখের তুলনায় {higher_or_lower}, তাও {natural_language_growth_threshold}-এর বেশি ব্যবধানে? যদি তাই হয়, প্লিজ এটা line চার্ট আকারে দেখাও","Is engaged users more than 5% lower than September 25? If so, please plot it as a line chart","এনগেজড ইউজার কি 25 সেপ্টেম্বর তারিখের তুলনায় কম, তাও 5%-এর বেশি ব্যবধানে? যদি তাই হয়, প্লিজ এটা line চার্ট আকারে দেখাও","[]","'more than G higher' -> '{higher_or_lower}, তাও G-এর বেশি ব্যবধানে' (avoids 'বেশি ব্যবধানে বেশি'). No 'since then' (as in EN). Chart-type literal kept in Latin inside quotes ('line'/'bar'/'histogram') because it is a GT plot_type literal present in the EN task and Latin must be quoted."
"T36.v1","If {natural_language_metric} is more than {natural_language_growth_threshold} {higher_or_lower} than it was on {day_of_week}, make a line plot of it since then","{day_of_week} যা ছিল তার চেয়ে {natural_language_metric} যদি {higher_or_lower} হয় আর পার্থক্যটা {natural_language_growth_threshold}-এর বেশি হয়, তাহলে তখন থেকে এটার একটা line চার্ট বানাও","If average session duration is more than 10% lower than it was on Saturday, make a line plot of it since then","শনিবার যা ছিল তার চেয়ে গড় সেশনের সময়কাল যদি কম হয় আর পার্থক্যটা 10%-এর বেশি হয়, তাহলে তখন থেকে এটার একটা line চার্ট বানাও","[]","'than it was on {dow}' -> '{dow} যা ছিল তার চেয়ে'. Chart-type literal kept in Latin inside quotes ('line'/'bar'/'histogram') because it is a GT plot_type literal present in the EN task and Latin must be quoted."
"T36.v2","Can you make a line chart of {natural_language_metric} since {day_of_week} if it is more than {natural_language_growth_threshold} {higher_or_lower} than {day_of_week}?","{day_of_week} থেকে {natural_language_metric}ের একটা line চার্ট বানাতে পারবে, যদি এটা {day_of_week}ের তুলনায় {higher_or_lower} হয় আর ব্যবধান {natural_language_growth_threshold} ছাড়িয়ে যায়?","Can you make a line chart of engaged users since Sunday if it is more than 10% higher than Sunday?","রবিবার থেকে এনগেজড ইউজারের একটা line চার্ট বানাতে পারবে, যদি এটা রবিবারের তুলনায় বেশি হয় আর ব্যবধান 10% ছাড়িয়ে যায়?","['analytics.create_plot.func(time_min=""2023-11-26"", time_max=""2023-11-29"", value_to_plot=""user_engaged"", plot_type=""line"")']","'more than G' -> 'ব্যবধান G ছাড়িয়ে যায়' (exceeds). Weekday genitive glued ({day_of_week}ের -> রবিবারের). Chart-type literal kept in Latin inside quotes ('line'/'bar'/'histogram') because it is a GT plot_type literal present in the EN task and Latin must be quoted."
"T36.v3","Is {natural_language_metric} more than {natural_language_growth_threshold} {higher_or_lower} than it was on {day_of_week}? If so, please plot it as a line chart since then","{natural_language_metric} কি {day_of_week} যা ছিল তার চেয়ে {higher_or_lower}, আর ফারাকটা কি {natural_language_growth_threshold}-এর বেশি? যদি তাই হয়, প্লিজ তখন থেকে এটা line চার্ট আকারে দেখাও","Is average session duration more than 5% higher than it was on Sunday? If so, please plot it as a line chart since then","গড় সেশনের সময়কাল কি রবিবার যা ছিল তার চেয়ে বেশি, আর ফারাকটা কি 5%-এর বেশি? যদি তাই হয়, প্লিজ তখন থেকে এটা line চার্ট আকারে দেখাও","[]","Chart-type literal kept in Latin inside quotes ('line'/'bar'/'histogram') because it is a GT plot_type literal present in the EN task and Latin must be quoted."
"T37.v1","If {natural_language_metric} on {day_of_week} was more than {natural_language_growth_threshold} {higher_or_lower} than it was the previous {day_of_week}, make a line plot of it over that period.","{day_of_week}ের {natural_language_metric} যদি তার আগের {day_of_week}ের চেয়ে {higher_or_lower} হয়ে থাকে এবং পার্থক্যটা {natural_language_growth_threshold}-এর বেশি হয়, তাহলে ওই সময়টুকুর জন্য এটার একটা line চার্ট বানাও।","If average session duration on monday was more than 2% lower than it was the previous monday, make a line plot of it over that period.","সোমবারের গড় সেশনের সময়কাল যদি তার আগের সোমবারের চেয়ে কম হয়ে থাকে এবং পার্থক্যটা 2%-এর বেশি হয়, তাহলে ওই সময়টুকুর জন্য এটার একটা line চার্ট বানাও।","['analytics.create_plot.func(time_min=""2023-11-20"", time_max=""2023-11-27"", value_to_plot=""session_duration_seconds"", plot_type=""line"")']","'the previous {dow}' -> 'তার আগের {dow}'; 'over that period' -> ওই সময়টুকুর জন্য. Chart-type literal kept in Latin inside quotes ('line'/'bar'/'histogram') because it is a GT plot_type literal present in the EN task and Latin must be quoted."
"T37.v2","Was {natural_language_metric} on {day_of_week} more than {natural_language_growth_threshold} {higher_or_lower} than it was the previous {day_of_week}? If so, please plot it as a line chart","{day_of_week}ের {natural_language_metric} কি আগের {day_of_week}ের তুলনায় {higher_or_lower} ছিল, তাও {natural_language_growth_threshold}-এর বেশি ব্যবধানে? যদি তাই হয়, প্লিজ এটা line চার্ট আকারে দেখাও","Was total visits on monday more than 5% higher than it was the previous monday? If so, please plot it as a line chart","সোমবারের মোট ভিজিট কি আগের সোমবারের তুলনায় বেশি ছিল, তাও 5%-এর বেশি ব্যবধানে? যদি তাই হয়, প্লিজ এটা line চার্ট আকারে দেখাও","[]","Chart-type literal kept in Latin inside quotes ('line'/'bar'/'histogram') because it is a GT plot_type literal present in the EN task and Latin must be quoted."
"T37.v3","make a line chart of {natural_language_metric} over the period from {day_of_week} to the previous {day_of_week} if it was more than {natural_language_growth_threshold} {higher_or_lower} on {day_of_week} than it was the previous {day_of_week}","{day_of_week} থেকে তার আগের {day_of_week} পর্যন্ত সময়ের {natural_language_metric}ের একটা line চার্ট বানাও, যদি {day_of_week}ের মান তার আগের {day_of_week}ের চেয়ে {higher_or_lower} হয়ে থাকে আর ব্যবধানটা {natural_language_growth_threshold}-এর বেশি হয়","make a line chart of engaged users over the period from friday to the previous friday if it was more than 3% higher on friday than it was the previous friday","শুক্রবার থেকে তার আগের শুক্রবার পর্যন্ত সময়ের এনগেজড ইউজারের একটা line চার্ট বানাও, যদি শুক্রবারের মান তার আগের শুক্রবারের চেয়ে বেশি হয়ে থাকে আর ব্যবধানটা 3%-এর বেশি হয়","['analytics.create_plot.func(time_min=""2023-11-17"", time_max=""2023-11-24"", value_to_plot=""user_engaged"", plot_type=""line"")']","EN's odd 'from {dow} to the previous {dow}' order kept. 'on {dow}' -> '{dow}ের মান' (value). Chart-type literal kept in Latin inside quotes ('line'/'bar'/'histogram') because it is a GT plot_type literal present in the EN task and Latin must be quoted."
"T38.v1","Can you check the percent growth of {natural_language_metric} since {day_of_week}? If it grew by more than {natural_language_metric_2}, plot both lines since then","{day_of_week} থেকে {natural_language_metric} শতকরা কত বেড়েছে, একটু চেক করে দেখতে পারবে? যদি এটা {natural_language_metric_2}ের চেয়ে বেশি বেড়ে থাকে, তাহলে তখন থেকে দুটোরই line চার্ট দেখাও","Can you check the percent growth of average session duration since Sunday? If it grew by more than total visits, plot both lines since then","রবিবার থেকে গড় সেশনের সময়কাল শতকরা কত বেড়েছে, একটু চেক করে দেখতে পারবে? যদি এটা মোট ভিজিটের চেয়ে বেশি বেড়ে থাকে, তাহলে তখন থেকে দুটোরই line চার্ট দেখাও","[]","'plot both lines' -> 'দুটোর লাইনই চার্টে দেখাও' (লাইন transliterated; no GT plot_type literal in these rows)."
"T38.v2","Check the percent growth of {natural_language_metric} since {day_of_week}. If it grew by more than {natural_language_metric_2}, plot both lines since then","{day_of_week} থেকে {natural_language_metric}ের পার্সেন্ট গ্রোথ চেক করো। এটা যদি {natural_language_metric_2}ের চেয়ে বেশি বেড়ে থাকে, তাহলে তখন থেকে দুটোরই line চার্টে দেখাও","Check the percent growth of average session duration since Friday. If it grew by more than engaged users, plot both lines since then","শুক্রবার থেকে গড় সেশনের সময়কালের পার্সেন্ট গ্রোথ চেক করো। এটা যদি এনগেজড ইউজারের চেয়ে বেশি বেড়ে থাকে, তাহলে তখন থেকে দুটোরই line চার্টে দেখাও","[]","'percent growth' -> পার্সেন্ট গ্রোথ (office jargon) to differ from v1's শতকরা কত বেড়েছে."
"T38.v3","if {natural_language_metric} grew by more than {natural_language_metric_2} since {day_of_week}, make a line plot of both since then","{day_of_week} থেকে {natural_language_metric} যদি {natural_language_metric_2}ের চেয়ে বেশি বেড়ে থাকে, তাহলে তখন থেকে দুটোরই line চার্ট বানাও","if total visits grew by more than engaged users since Saturday, make a line plot of both since then","শনিবার থেকে মোট ভিজিট যদি এনগেজড ইউজারের চেয়ে বেশি বেড়ে থাকে, তাহলে তখন থেকে দুটোরই line চার্ট বানাও","['analytics.create_plot.func(time_min=""2023-11-25"", time_max=""2023-11-29"", value_to_plot=""total_visits"", plot_type=""line"")', 'analytics.create_plot.func(time_min=""2023-11-25"", time_max=""2023-11-29"", value_to_plot=""user_engaged"", plot_type=""line"")']","Chart-type literal kept in Latin inside quotes ('line'/'bar'/'histogram') because it is a GT plot_type literal present in the EN task and Latin must be quoted."
"T39.v1","Can you make a line plot of the {most_or_least} popular traffic source since {natural_language_date}?","{natural_language_date} থেকে {most_or_least} জনপ্রিয় ট্রাফিক সোর্সের একটা line চার্ট বানাতে পারবে?","Can you make a line plot of the most popular traffic source since September 28?","28 সেপ্টেম্বর থেকে সবচেয়ে বেশি জনপ্রিয় ট্রাফিক সোর্সের একটা line চার্ট বানাতে পারবে?","['analytics.create_plot.func(time_min=""2023-09-28"", time_max=""2023-11-29"", value_to_plot=""visits_direct"", plot_type=""line"")']","traffic source -> ট্রাফিক সোর্স; {most_or_least} renders সবচেয়ে বেশি জনপ্রিয়. Chart-type literal kept in Latin inside quotes ('line'/'bar'/'histogram') because it is a GT plot_type literal present in the EN task and Latin must be quoted."
"T39.v2","Make a line plot of the {most_or_least} popular traffic source since {natural_language_date}","{natural_language_date} থেকে যে ট্রাফিক সোর্সটা {most_or_least} জনপ্রিয়, সেটার একটা line চার্ট বানাও","Make a line plot of the most popular traffic source since October 20","20 অক্টোবর থেকে যে ট্রাফিক সোর্সটা সবচেয়ে বেশি জনপ্রিয়, সেটার একটা line চার্ট বানাও","['analytics.create_plot.func(time_min=""2023-10-20"", time_max=""2023-11-29"", value_to_plot=""visits_direct"", plot_type=""line"")']","Chart-type literal kept in Latin inside quotes ('line'/'bar'/'histogram') because it is a GT plot_type literal present in the EN task and Latin must be quoted."
"T39.v3","plot the {most_or_least} popular traffic source since {natural_language_date}","{natural_language_date} থেকে {most_or_least} জনপ্রিয় ট্রাফিক সোর্সটা চার্টে দেখাও","plot the most popular traffic source since September 28","28 সেপ্টেম্বর থেকে সবচেয়ে বেশি জনপ্রিয় ট্রাফিক সোর্সটা চার্টে দেখাও","['analytics.create_plot.func(time_min=""2023-09-28"", time_max=""2023-11-29"", value_to_plot=""visits_direct"", plot_type=""line"")']","EN names no chart type here, so none added."
"T40.v1","If we got more traffic from {traffic_source_1} than {traffic_source_2} during the last {n_weeks} weeks, make bar charts of both over that period","গত {n_weeks} সপ্তাহে যদি {traffic_source_1} থেকে {traffic_source_2}-এর চেয়ে বেশি ট্রাফিক এসে থাকে, তাহলে ওই সময়ের জন্য দুটোরই bar চার্ট বানাও","If we got more traffic from referral than social media during the last 6 weeks, make bar charts of both over that period","গত 6 সপ্তাহে যদি referral থেকে social media-এর চেয়ে বেশি ট্রাফিক এসে থাকে, তাহলে ওই সময়ের জন্য দুটোরই bar চার্ট বানাও","[]","Traffic sources are canonical Latin enums with hyphenated case markers. Chart-type literal kept in Latin inside quotes ('line'/'bar'/'histogram') because it is a GT plot_type literal present in the EN task and Latin must be quoted."
"T40.v2","Make bar charts of {traffic_source_1} and {traffic_source_2} over the last {n_weeks} weeks if we got more traffic from {traffic_source_1} than {traffic_source_2}","গত {n_weeks} সপ্তাহের {traffic_source_1} আর {traffic_source_2}-এর bar চার্ট বানাও, যদি {traffic_source_1} থেকে {traffic_source_2}-এর চেয়ে বেশি ট্রাফিক এসে থাকে","Make bar charts of social media and search engine over the last 6 weeks if we got more traffic from social media than search engine","গত 6 সপ্তাহের social media আর search engine-এর bar চার্ট বানাও, যদি social media থেকে search engine-এর চেয়ে বেশি ট্রাফিক এসে থাকে","['analytics.create_plot.func(time_min=""2023-10-19"", time_max=""2023-11-29"", value_to_plot=""visits_social_media"", plot_type=""bar"")', 'analytics.create_plot.func(time_min=""2023-10-19"", time_max=""2023-11-29"", value_to_plot=""visits_search_engine"", plot_type=""bar"")']","Chart-type literal kept in Latin inside quotes ('line'/'bar'/'histogram') because it is a GT plot_type literal present in the EN task and Latin must be quoted."
"T40.v3","did we get more traffic from {traffic_source_1} than {traffic_source_2} during the last {n_weeks} weeks? If so, make bar charts of both over that period","গত {n_weeks} সপ্তাহে কি আমাদের {traffic_source_1} থেকে {traffic_source_2}-এর চেয়ে বেশি ট্রাফিক এসেছে? এসে থাকলে, ওই সময়ের জন্য দুটোরই bar চার্ট বানাও","did we get more traffic from referral than direct during the last 3 weeks? If so, make bar charts of both over that period","গত 3 সপ্তাহে কি আমাদের referral থেকে direct-এর চেয়ে বেশি ট্রাফিক এসেছে? এসে থাকলে, ওই সময়ের জন্য দুটোরই bar চার্ট বানাও","[]","'If so' -> এসে থাকলে. Chart-type literal kept in Latin inside quotes ('line'/'bar'/'histogram') because it is a GT plot_type literal present in the EN task and Latin must be quoted."
"T41.v1","Move all of {name}'s tasks that are in progress to in review","{name}-এর যেসব টাস্ক in progress-এ আছে, সবগুলো in review-এ সরিয়ে দাও","Move all of kofi's tasks that are in progress to in review","kofi-এর যেসব টাস্ক in progress-এ আছে, সবগুলো in review-এ সরিয়ে দাও","[]","List/status names kept Latin in quotes (DB list_name enums, §4 spirit; Latin must be quoted). Harmonise with other batches' list-name choice."
"T41.v2","can you move all of {name}'s tasks that are in progress to in review?","{name}-এর in progress-এ থাকা সব টাস্ক in review-এ সরিয়ে দিতে পারবে?","can you move all of aisha's tasks that are in progress to in review?","aisha-এর in progress-এ থাকা সব টাস্ক in review-এ সরিয়ে দিতে পারবে?","[]","Same list-name treatment as T41.v1."
"T42.v1","Add a new task to the {board} backlog called {task_name} and assign it to {name}. It's due on {natural_language_due_date}.","{board}-এর backlog-এ {task_name} নামে একটা নতুন টাস্ক যোগ করো, আর এটা {name}-কে অ্যাসাইন করো। এর ডেডলাইন {natural_language_due_date}।","Add a new task to the Design backlog called Implement user profile management API and assign it to fatima. It's due on December 5.","Design-এর backlog-এ Implement user profile management API নামে একটা নতুন টাস্ক যোগ করো, আর এটা fatima-কে অ্যাসাইন করো। এর ডেডলাইন 5 ডিসেম্বর।","['project_management.create_task.func(task_name=""Implement user profile management API"", board=""Design"", assigned_to_email=""fatima.khan@atlas.com"", due_date=""2023-12-05"", list_name=""Backlog"")']","backlog -> ব্যাকলগ (loanword; EN uses it generically, lowercase, so not a GT literal); assign -> অ্যাসাইন; task_name left unquoted as in EN."
"T42.v2","I need to add a new task to the {board} backlog called {task_name} and assign it to {name}. It's due on {natural_language_due_date}. Can you do that?","{board}-এর backlog-এ {task_name} নামে একটা নতুন টাস্ক যোগ করে {name}-কে অ্যাসাইন করতে হবে। ডেডলাইন {natural_language_due_date}। এটা করে দিতে পারবে?","I need to add a new task to the Design backlog called Develop prototype for data export and assign it to fatima. It's due on December 6. Can you do that?","Design-এর backlog-এ Develop prototype for data export নামে একটা নতুন টাস্ক যোগ করে fatima-কে অ্যাসাইন করতে হবে। ডেডলাইন 6 ডিসেম্বর। এটা করে দিতে পারবে?","['project_management.create_task.func(task_name=""Develop prototype for data export"", board=""Design"", assigned_to_email=""fatima.khan@atlas.com"", due_date=""2023-12-06"", list_name=""Backlog"")']","'I need to ...' -> '... করতে হবে'."
"T42.v3","can you add a new task called {task_name} to the {board} backlog and assign it to {name}? It's due on {natural_language_due_date}.","{task_name} নামে একটা নতুন টাস্ক {board}-এর backlog-এ যোগ করে {name}-কে অ্যাসাইন করে দিতে পারবে? এটার ডেডলাইন {natural_language_due_date}।","can you add a new task called Fix bug in payment processing module to the Back end backlog and assign it to kofi? It's due on December 5.","Fix bug in payment processing module নামে একটা নতুন টাস্ক Back end-এর backlog-এ যোগ করে kofi-কে অ্যাসাইন করে দিতে পারবে? এটার ডেডলাইন 5 ডিসেম্বর।","['project_management.create_task.func(task_name=""Fix bug in payment processing module"", board=""Back end"", assigned_to_email=""kofi.mensah@atlas.com"", due_date=""2023-12-05"", list_name=""Backlog"")']","EN order (task name first) kept."
"T43.v1","Move all of {name}'s overdue tasks in the backlog to in progress","backlog-এ {name}-এর যত টাস্কের ডেডলাইন পেরিয়ে গেছে, সবগুলো in progress-এ সরিয়ে দাও","Move all of carlos's overdue tasks in the backlog to in progress","backlog-এ carlos-এর যত টাস্কের ডেডলাইন পেরিয়ে গেছে, সবগুলো in progress-এ সরিয়ে দাও","[]","List names (backlog/in progress/in review/completed) transliterated into Bengali script (ব্যাকলগ, ইন প্রোগ্রেস, ইন রিভিউ, কমপ্লিটেড) because the checker forbids Latin outside quotes/slots; agent must map to list enum. overdue -> 'ডেডলাইন পেরিয়ে যাওয়া/গেছে' throughout."
"T43.v2","can you move all of {name}'s overdue tasks in the backlog to in progress?","{name}-এর যেসব টাস্ক backlog-এ পড়ে আছে আর ডেডলাইন পেরিয়ে গেছে, সবগুলো in progress-এ সরিয়ে দিতে পারবে?","can you move all of aisha's overdue tasks in the backlog to in progress?","aisha-এর যেসব টাস্ক backlog-এ পড়ে আছে আর ডেডলাইন পেরিয়ে গেছে, সবগুলো in progress-এ সরিয়ে দিতে পারবে?","[]","Question form for 'can you'."
"T43.v3","{name} has a bunch of overdue tasks in the backlog. Can you move them to in progress?","backlog-এ {name}-এর বেশ কিছু টাস্কের ডেডলাইন পেরিয়ে গেছে। ওগুলো in progress-এ সরিয়ে দিতে পারবে?","dmitri has a bunch of overdue tasks in the backlog. Can you move them to in progress?","backlog-এ dmitri-এর বেশ কিছু টাস্কের ডেডলাইন পেরিয়ে গেছে। ওগুলো in progress-এ সরিয়ে দিতে পারবে?","[]","'a bunch of' -> 'বেশ কিছু'."
"T44.v1","Move any of {name}'s tasks that are in review to completed","{name}-এর যেসব টাস্ক in review-এ আছে, সেগুলো completed-এ সরিয়ে দাও","Move any of kofi's tasks that are in review to completed","kofi-এর যেসব টাস্ক in review-এ আছে, সেগুলো completed-এ সরিয়ে দাও","['project_management.update_task.func(task_id=""00000219"", field=""list_name"", new_value=""Completed"")', 'project_management.update_task.func(task_id=""00000270"", field=""list_name"", new_value=""Completed"")', 'project_management.update_task.func(task_id=""00000217"", field=""list_name"", new_value=""Completed"")']","'any of' -> 'যেসব ... সেগুলো' (all matching, as EN intends)."
"T44.v2","I've finished reviewing all of {name}'s tasks. Can you move all the ones that are in review to completed?","আমি {name}-এর সব টাস্ক রিভিউ করে ফেলেছি। যেগুলো এখনো in review-এ আছে, সবগুলো completed-এ সরিয়ে দিতে পারবে?","I've finished reviewing all of fatima's tasks. Can you move all the ones that are in review to completed?","আমি fatima-এর সব টাস্ক রিভিউ করে ফেলেছি। যেগুলো এখনো in review-এ আছে, সবগুলো completed-এ সরিয়ে দিতে পারবে?","['project_management.update_task.func(task_id=""00000035"", field=""list_name"", new_value=""Completed"")']","Speaker as reviewer implied ('রিভিউ করা শেষ'); 'এখনো' added for naturalness only."
"T44.v3","can you move any of {name}'s tasks that are in review to completed?","{name}-এর যে টাস্কগুলো in review-এ আছে, সেগুলো completed-এ মুভ করে দিতে পারবে?","can you move any of luis's tasks that are in review to completed?","luis-এর যে টাস্কগুলো in review-এ আছে, সেগুলো completed-এ মুভ করে দিতে পারবে?","['project_management.update_task.func(task_id=""00000249"", field=""list_name"", new_value=""Completed"")', 'project_management.update_task.func(task_id=""00000272"", field=""list_name"", new_value=""Completed"")', 'project_management.update_task.func(task_id=""00000296"", field=""list_name"", new_value=""Completed"")', 'project_management.update_task.func(task_id=""00000280"", field=""list_name"", new_value=""Completed"")']","'মুভ করে দাও' used for variety vs v1 'সরিয়ে দাও'."
"T45.v1","{name_1} is sick so reassign their in progress tasks to {name_2}.","{name_1} অসুস্থ, তাই তার in progress-এ থাকা টাস্কগুলো {name_2}-কে রিঅ্যাসাইন করে দাও।","dmitri is sick so reassign their in progress tasks to jinsoo.","dmitri অসুস্থ, তাই তার in progress-এ থাকা টাস্কগুলো jinsoo-কে রিঅ্যাসাইন করে দাও।","['project_management.update_task.func(task_id=""00000009"", field=""assigned_to_email"", new_value=""jinsoo.kim@atlas.com"")']","reassign -> 'রিঅ্যাসাইন করা' (office loanword); 'their' -> gender-neutral 'তার'."
"T45.v2","I need to reassign all of {name_1}'s in progress tasks to {name_2}. Can you do that?","{name_1}-এর in progress-এ থাকা সব টাস্ক {name_2}-কে রিঅ্যাসাইন করতে হবে। করে দিতে পারবে?","I need to reassign all of amir's in progress tasks to anaya. Can you do that?","amir-এর in progress-এ থাকা সব টাস্ক anaya-কে রিঅ্যাসাইন করতে হবে। করে দিতে পারবে?","[]",""
"T45.v3","can you reassign all of {name_1}'s in progress tasks to {name_2}?","{name_1}-এর in progress-এর সব টাস্ক {name_2}-এর নামে রিঅ্যাসাইন করে দিতে পারবে?","can you reassign all of olga's in progress tasks to nia?","olga-এর in progress-এর সব টাস্ক nia-এর নামে রিঅ্যাসাইন করে দিতে পারবে?","['project_management.update_task.func(task_id=""00000278"", field=""assigned_to_email"", new_value=""nia.johnson@atlas.com"")']","'-এর নামে' variant of assignee marking."
"T46.v1","{name_1} is on vacation now so move all the tasks they are currently working on to the backlog.","{name_1} এখন ছুটিতে আছে, তাই সে এই মুহূর্তে যেসব টাস্কে কাজ করছে সবগুলো backlog-এ সরিয়ে দাও।","dmitri is on vacation now so move all the tasks they are currently working on to the backlog.","dmitri এখন ছুটিতে আছে, তাই সে এই মুহূর্তে যেসব টাস্কে কাজ করছে সবগুলো backlog-এ সরিয়ে দাও।","['project_management.update_task.func(task_id=""00000009"", field=""list_name"", new_value=""Backlog"")']","'currently working on' kept as descriptive (not naming the In Progress list), same ambiguity as EN."
"T46.v2","can you move all the tasks {name_1} is currently working on to the backlog?","{name_1} এখন যেসব টাস্কে কাজ করছে, সবগুলো backlog-এ সরিয়ে দিতে পারবে?","can you move all the tasks leila is currently working on to the backlog?","leila এখন যেসব টাস্কে কাজ করছে, সবগুলো backlog-এ সরিয়ে দিতে পারবে?","[]",""
"T46.v3","{name_1} needs a break - move everything they are actively working on to the backlog","{name_1}-এর একটু বিরতি দরকার - সে এখন যা যা নিয়ে কাজ করছে, সব backlog-এ সরিয়ে দাও","fatima needs a break - move everything they are actively working on to the backlog","fatima-এর একটু বিরতি দরকার - সে এখন যা যা নিয়ে কাজ করছে, সব backlog-এ সরিয়ে দাও","['project_management.update_task.func(task_id=""00000074"", field=""list_name"", new_value=""Backlog"")', 'project_management.update_task.func(task_id=""00000075"", field=""list_name"", new_value=""Backlog"")', 'project_management.update_task.func(task_id=""00000002"", field=""list_name"", new_value=""Backlog"")']","'actively working on' -> 'এখন যা যা নিয়ে কাজ করছে'."
"T47.v1","Give all the overdue tasks that {name_1} hasn't started to {name_2}.","{name_1} যেসব টাস্ক এখনো শুরু করেনি আর যেগুলোর ডেডলাইন পেরিয়ে গেছে, সেগুলো সব {name_2}-কে দিয়ে দাও।","Give all the overdue tasks that fatima hasn't started to santiago.","fatima যেসব টাস্ক এখনো শুরু করেনি আর যেগুলোর ডেডলাইন পেরিয়ে গেছে, সেগুলো সব santiago-কে দিয়ে দাও।","[]","'give' -> 'দিয়ে দাও' (plain, as EN does not say reassign)."
"T47.v2","can you give all of {name_1}'s overdue tasks that they haven't started to {name_2}?","{name_1}-এর ডেডলাইন পেরিয়ে যাওয়া যে টাস্কগুলো সে এখনো শুরু করেনি, সবগুলো {name_2}-কে দিয়ে দিতে পারবে?","can you give all of jinsoo's overdue tasks that they haven't started to aisha?","jinsoo-এর ডেডলাইন পেরিয়ে যাওয়া যে টাস্কগুলো সে এখনো শুরু করেনি, সবগুলো aisha-কে দিয়ে দিতে পারবে?","['project_management.update_task.func(task_id=""00000250"", field=""assigned_to_email"", new_value=""aisha.chen@atlas.com"")', 'project_management.update_task.func(task_id=""00000257"", field=""assigned_to_email"", new_value=""aisha.chen@atlas.com"")']",""
"T47.v3","{name_2} has some free time so can you give them all of {name_1}'s overdue tasks that they haven't started?","{name_2}-এর হাতে এখন কিছুটা সময় আছে, তাই ওকে {name_1}-এর ডেডলাইন পেরিয়ে যাওয়া যে টাস্কগুলো এখনো শুরু হয়নি, সবগুলো দিয়ে দিতে পারবে?","chenwei has some free time so can you give them all of amir's overdue tasks that they haven't started?","chenwei-এর হাতে এখন কিছুটা সময় আছে, তাই ওকে amir-এর ডেডলাইন পেরিয়ে যাওয়া যে টাস্কগুলো এখনো শুরু হয়নি, সবগুলো দিয়ে দিতে পারবে?","['project_management.update_task.func(task_id=""00000268"", field=""assigned_to_email"", new_value=""chenwei.zhang@atlas.com"")', 'project_management.update_task.func(task_id=""00000269"", field=""assigned_to_email"", new_value=""chenwei.zhang@atlas.com"")']","'them' -> 'ওকে' placed before name_1 so it binds to name_2; 'they haven't started' -> passive 'শুরু হয়নি'."
"T48.v1","Take {name_1}'s most urgent task and reassign it to {name_2}.","{name_1}-এর সবচেয়ে জরুরি টাস্কটা নিয়ে {name_2}-কে রিঅ্যাসাইন করে দাও।","Take anaya's most urgent task and reassign it to dmitri.","anaya-এর সবচেয়ে জরুরি টাস্কটা নিয়ে dmitri-কে রিঅ্যাসাইন করে দাও।","['project_management.update_task.func(task_id=""00000122"", field=""assigned_to_email"", new_value=""dmitri.ivanov@atlas.com"")']","most urgent -> 'সবচেয়ে জরুরি' (left vague as in EN)."
"T48.v2","I need to take {name_1}'s most urgent task and reassign it to {name_2}. Can you do that?","{name_1}-এর সবচেয়ে জরুরি টাস্কটা {name_2}-কে রিঅ্যাসাইন করতে হবে। করে দিতে পারবে?","I need to take jinsoo's most urgent task and reassign it to kofi. Can you do that?","jinsoo-এর সবচেয়ে জরুরি টাস্কটা kofi-কে রিঅ্যাসাইন করতে হবে। করে দিতে পারবে?","['project_management.update_task.func(task_id=""00000250"", field=""assigned_to_email"", new_value=""kofi.mensah@atlas.com"")']",""
"T48.v3","can you take {name_1}'s most urgent task and reassign it to {name_2}?","{name_1}-এর সবচেয়ে জরুরি টাস্কটা নিয়ে {name_2}-কে রিঅ্যাসাইন করে দিতে পারবে?","can you take anaya's most urgent task and reassign it to nia?","anaya-এর সবচেয়ে জরুরি টাস্কটা নিয়ে nia-কে রিঅ্যাসাইন করে দিতে পারবে?","['project_management.update_task.func(task_id=""00000122"", field=""assigned_to_email"", new_value=""nia.johnson@atlas.com"")']",""
"T49.v1","If we haven't spoke to {current_customer_name} in the past fortnight book a 30-minute meeting with whoever is assigned to them called 'Update on {current_customer_name}' at the first time I'm free tomorrow","গত দুই সপ্তাহে যদি {current_customer_name}-এর সাথে আমাদের কথা না হয়ে থাকে, তাহলে যাকে ওই কাস্টমারের দায়িত্ব দেওয়া আছে, তার সাথে আগামীকাল আমার প্রথম ফাঁকা সময়ে 'Update on {current_customer_name!en}' নামে একটা 30 মিনিটের মিটিং বুক করো","If we haven't spoke to Cameron Anderson in the past fortnight book a 30-minute meeting with whoever is assigned to them called 'Update on Cameron Anderson' at the first time I'm free tomorrow","গত দুই সপ্তাহে যদি Cameron Anderson-এর সাথে আমাদের কথা না হয়ে থাকে, তাহলে যাকে ওই কাস্টমারের দায়িত্ব দেওয়া আছে, তার সাথে আগামীকাল আমার প্রথম ফাঁকা সময়ে 'Update on Cameron Anderson' নামে একটা 30 মিনিটের মিটিং বুক করো","['calendar.create_event.func(event_name=""Update on Cameron Anderson"", participant_email=""sofia.santos@atlas.com"", event_start=""2023-12-01 13:00:00"", duration=""30"")']","Quoted event name kept English with {current_customer_name!en}. 'fortnight' -> 'দুই সপ্তাহ' (word, no digit). 'them' for customer -> respectful 'তাদের'."
"T49.v2","I haven't spoken to {current_customer_name} in a while. Can you check if it's been over 14 days? If so, book a 30-minute meeting with whoever is assigned to them called 'Update on {current_customer_name}' at the first time I'm free tomorrow","{current_customer_name}-এর সাথে অনেকদিন কথা হয়নি। একটু দেখবে, 14 দিনের বেশি হয়ে গেছে কিনা? হয়ে থাকলে, ওই কাস্টমার যার নামে অ্যাসাইন করা আছে তার সাথে আগামীকাল আমি প্রথম যখন ফাঁকা থাকব, তখন 'Update on {current_customer_name!en}' নামে একটা 30 মিনিটের মিটিং বুক করো","I haven't spoken to Quinn Thomas in a while. Can you check if it's been over 14 days? If so, book a 30-minute meeting with whoever is assigned to them called 'Update on Quinn Thomas' at the first time I'm free tomorrow","Quinn Thomas-এর সাথে অনেকদিন কথা হয়নি। একটু দেখবে, 14 দিনের বেশি হয়ে গেছে কিনা? হয়ে থাকলে, ওই কাস্টমার যার নামে অ্যাসাইন করা আছে তার সাথে আগামীকাল আমি প্রথম যখন ফাঁকা থাকব, তখন 'Update on Quinn Thomas' নামে একটা 30 মিনিটের মিটিং বুক করো","['calendar.create_event.func(event_name=""Update on Quinn Thomas"", participant_email=""akira.sato@atlas.com"", event_start=""2023-12-01 13:00:00"", duration=""30"")']",""
"T49.v3","If we haven't spoken to {current_customer_name} in the past 2 weeks, book a half hour meeting with whoeveris assigned to them called 'Update on {current_customer_name}' at the first time I'm free tomorrow","গত 2 সপ্তাহে যদি {current_customer_name}-এর সাথে আমাদের কথা না হয়ে থাকে, তাহলে ওই কাস্টমারের দায়িত্বে যে আছে তার সাথে আগামীকাল আমার প্রথম ফাঁকা সময়ে 'Update on {current_customer_name!en}' নামে একটা আধা ঘণ্টার মিটিং বুক করো","If we haven't spoken to Kerry Brown in the past 2 weeks, book a half hour meeting with whoeveris assigned to them called 'Update on Kerry Brown' at the first time I'm free tomorrow","গত 2 সপ্তাহে যদি Kerry Brown-এর সাথে আমাদের কথা না হয়ে থাকে, তাহলে ওই কাস্টমারের দায়িত্বে যে আছে তার সাথে আগামীকাল আমার প্রথম ফাঁকা সময়ে 'Update on Kerry Brown' নামে একটা আধা ঘণ্টার মিটিং বুক করো","['calendar.create_event.func(event_name=""Update on Kerry Brown"", participant_email=""lena.schmidt@atlas.com"", event_start=""2023-12-01 13:00:00"", duration=""30"")']","'half hour' -> 'আধা ঘণ্টা'; EN typo 'whoeveris' not reproduced."
"T50.v1"," Add {new_customer_name} as a new lead in the crm and assign them to the person with the fewest tasks assigned to them","CRM-এ {new_customer_name}-কে নতুন lead হিসেবে যোগ করো, আর যার নামে সবচেয়ে কম টাস্ক অ্যাসাইন করা আছে, তাকেই এই lead-টা অ্যাসাইন করে দাও"," Add Alex Davis as a new lead in the crm and assign them to the person with the fewest tasks assigned to them","CRM-এ Alex Davis-কে নতুন lead হিসেবে যোগ করো, আর যার নামে সবচেয়ে কম টাস্ক অ্যাসাইন করা আছে, তাকেই এই lead-টা অ্যাসাইন করে দাও","['customer_relationship_manager.add_customer.func(customer_name=""Alex Davis"", assigned_to_email=""yuki.tanaka@atlas.com"", status=""Lead"")']","'lead' literal text -> 'লিড' (checker forbids Latin outside quotes; conflicts with policy §4 'lead (enum)', which applies to slot values). 'CRM এ' without hyphen because checker regex flags 'CRM-' (suggest allowlisting). Leading space of EN not reproduced."
"T50.v2","Can you find the person with the fewest tasks assigned to them and assign {new_customer_name} to them as a new lead in the crm?","কার নামে সবচেয়ে কম টাস্ক অ্যাসাইন করা আছে খুঁজে বের করে, CRM-এ {new_customer_name}-কে নতুন lead হিসেবে তার নামে অ্যাসাইন করে দিতে পারবে?","Can you find the person with the fewest tasks assigned to them and assign Reese Martinez to them as a new lead in the crm?","কার নামে সবচেয়ে কম টাস্ক অ্যাসাইন করা আছে খুঁজে বের করে, CRM-এ Reese Martinez-কে নতুন lead হিসেবে তার নামে অ্যাসাইন করে দিতে পারবে?","['customer_relationship_manager.add_customer.func(customer_name=""Reese Martinez"", assigned_to_email=""yuki.tanaka@atlas.com"", status=""Lead"")']",""
"T50.v3","I need to add {new_customer_name} as a new lead in the crm. Can you assign them to the person with the fewest tasks assigned to them?","CRM-এ {new_customer_name}-কে নতুন lead হিসেবে যোগ করতে হবে। যার নামে সবচেয়ে কম টাস্ক অ্যাসাইন করা আছে, তার নামে অ্যাসাইন করে দিতে পারবে?","I need to add Alex Anderson as a new lead in the crm. Can you assign them to the person with the fewest tasks assigned to them?","CRM-এ Alex Anderson-কে নতুন lead হিসেবে যোগ করতে হবে। যার নামে সবচেয়ে কম টাস্ক অ্যাসাইন করা আছে, তার নামে অ্যাসাইন করে দিতে পারবে?","['customer_relationship_manager.add_customer.func(customer_name=""Alex Anderson"", assigned_to_email=""yuki.tanaka@atlas.com"", status=""Lead"")']",""
"T51.v1","Find the email from {natural_language_email_date} about {subject} and schedule a {natural_language_duration} meeting called '{subject}' at {natural_language_time} with the sender for {natural_language_event_date}.","{natural_language_email_date} তারিখে {subject} নিয়ে আসা ইমেইলটা খুঁজে বের করো, তারপর যে পাঠিয়েছে তার সাথে {natural_language_event_date} {natural_language_time}টায় '{subject!en}' নামে একটা {natural_language_duration}ব্যাপী মিটিং শিডিউল করো।","Find the email from October 17 about Update on project debrief and schedule a 1.5 hour meeting called 'Update on project debrief' at 11:30 with the sender for December 18.","17 অক্টোবর তারিখে Update on project debrief নিয়ে আসা ইমেইলটা খুঁজে বের করো, তারপর যে পাঠিয়েছে তার সাথে 18 ডিসেম্বর 11:30টায় 'Update on project debrief' নামে একটা 1.5 ঘণ্টাব্যাপী মিটিং শিডিউল করো।","['calendar.create_event.func(event_name=""Update on project debrief"", participant_email=""sofia.santos@atlas.com"", event_start=""2023-12-18 11:30:00"", duration=""90"")']","Subject unquoted (as EN) but raw English via {subject!en}. 'X তারিখের' avoids hyphen on Bangla month. Duration suffix 'ব্যাপী' works for both ঘণ্টা/মিনিট. Time -> '{t}টায়' (policy §7.5)."
"T51.v2","Can you find the email from {natural_language_email_date} about '{subject}' and schedule a {natural_language_duration} meeting called '{subject}' at {natural_language_time} with the sender for {natural_language_event_date}?","{natural_language_email_date} তারিখের '{subject!en}' বিষয়ের ইমেইলটা খুঁজে বের করে, যে পাঠিয়েছে তার সাথে {natural_language_event_date} {natural_language_time}টায় '{subject!en}' নামে একটা {natural_language_duration}ব্যাপী মিটিং শিডিউল করে দিতে পারবে?","Can you find the email from October 19 about 'Update on Supply Chain Enhancement Workshop' and schedule a 1.5 hour meeting called 'Update on Supply Chain Enhancement Workshop' at 12 with the sender for December 11?","19 অক্টোবর তারিখের 'Update on Supply Chain Enhancement Workshop' বিষয়ের ইমেইলটা খুঁজে বের করে, যে পাঠিয়েছে তার সাথে 11 ডিসেম্বর 12টায় 'Update on Supply Chain Enhancement Workshop' নামে একটা 1.5 ঘণ্টাব্যাপী মিটিং শিডিউল করে দিতে পারবে?","['calendar.create_event.func(event_name=""Update on Supply Chain Enhancement Workshop"", participant_email=""chenwei.zhang@atlas.com"", event_start=""2023-12-11 12:00:00"", duration=""90"")']",""
"T51.v3","I need to schedule a {natural_language_duration} meeting called '{subject}' at {natural_language_time} for {natural_language_event_date}. It's with the sender of the email from {natural_language_email_date} about '{subject}'. Can you do that?","{natural_language_event_date} {natural_language_time}টায় '{subject!en}' নামে একটা {natural_language_duration}ব্যাপী মিটিং শিডিউল করতে হবে। মিটিংটা হবে {natural_language_email_date} তারিখের '{subject!en}' বিষয়ের ইমেইলটা যে পাঠিয়েছে তার সাথে। করে দিতে পারবে?","I need to schedule a 1.5 hour meeting called 'Update on Creative Thinking Workshop' at 11:30 for December 12. It's with the sender of the email from November 27 about 'Update on Creative Thinking Workshop'. Can you do that?","12 ডিসেম্বর 11:30টায় 'Update on Creative Thinking Workshop' নামে একটা 1.5 ঘণ্টাব্যাপী মিটিং শিডিউল করতে হবে। মিটিংটা হবে 27 নভেম্বর তারিখের 'Update on Creative Thinking Workshop' বিষয়ের ইমেইলটা যে পাঠিয়েছে তার সাথে। করে দিতে পারবে?","['calendar.create_event.func(event_name=""Update on Creative Thinking Workshop"", participant_email=""akira.sato@atlas.com"", event_start=""2023-12-12 11:30:00"", duration=""90"")']",""
"T52.v1","Send an email to attendees of the first event on {natural_language_event_date}. Title it with the event name and tell them 'Remember to attend this event.'","{natural_language_event_date} তারিখের প্রথম ইভেন্টের অংশগ্রহণকারীদের একটা ইমেইল পাঠাও। সাবজেক্ট হিসেবে ইভেন্টের নামটা দাও, আর ইমেইলে তাদের লিখে দাও 'Remember to attend this event.'","Send an email to attendees of the first event on December 12. Title it with the event name and tell them 'Remember to attend this event.'","12 ডিসেম্বর তারিখের প্রথম ইভেন্টের অংশগ্রহণকারীদের একটা ইমেইল পাঠাও। সাবজেক্ট হিসেবে ইভেন্টের নামটা দাও, আর ইমেইলে তাদের লিখে দাও 'Remember to attend this event.'","['email.send_email.func(recipient=""aisha.chen@atlas.com"", subject=""casual catch-up"", body=""Remember to attend this event."")']","attendees -> 'অংশগ্রহণকারী'; title -> 'টাইটেল' (EN says title, not subject). Body literal kept English."
"T52.v2","Can you send an email to attendees of the first event on {natural_language_event_date}? Title it with the event name and tell them 'Remember to attend this event.'","{natural_language_event_date} তারিখের প্রথম ইভেন্টের অংশগ্রহণকারীদের একটা ইমেইল পাঠাতে পারবে? সাবজেক্টে ইভেন্টের নামটা দিও, আর তাদের বলে দাও 'Remember to attend this event.'","Can you send an email to attendees of the first event on November 30? Title it with the event name and tell them 'Remember to attend this event.'","30 নভেম্বর তারিখের প্রথম ইভেন্টের অংশগ্রহণকারীদের একটা ইমেইল পাঠাতে পারবে? সাবজেক্টে ইভেন্টের নামটা দিও, আর তাদের বলে দাও 'Remember to attend this event.'","['email.send_email.func(recipient=""fatima.khan@atlas.com"", subject=""Annual Budget Planning Session"", body=""Remember to attend this event."")']",""
"T52.v3","I need to make sure everyone remembers to attend the first event on {natural_language_event_date}. Can you send an email to the attendees with the event name as the title and 'Remember to attend this event.' in the email?","{natural_language_event_date} তারিখের প্রথম ইভেন্টে সবাই যেন আসার কথা মনে রাখে, সেটা নিশ্চিত করতে চাই। অংশগ্রহণকারীদের একটা ইমেইল পাঠাতে পারবে? সাবজেক্ট হবে ইভেন্টের নাম, আর ইমেইলে লেখা থাকবে 'Remember to attend this event.'","I need to make sure everyone remembers to attend the first event on December 11. Can you send an email to the attendees with the event name as the title and 'Remember to attend this event.' in the email?","11 ডিসেম্বর তারিখের প্রথম ইভেন্টে সবাই যেন আসার কথা মনে রাখে, সেটা নিশ্চিত করতে চাই। অংশগ্রহণকারীদের একটা ইমেইল পাঠাতে পারবে? সাবজেক্ট হবে ইভেন্টের নাম, আর ইমেইলে লেখা থাকবে 'Remember to attend this event.'","['email.send_email.func(recipient=""nia.johnson@atlas.com"", subject=""Annual Budget Planning Session"", body=""Remember to attend this event."")']","EN single question split into two sentences for natural Bangla."
"T53.v1","If {sender_name} hasn't sent me any emails in the past {days} days, schedule a 30 minute meeting with them for {day_of_week} at {natural_language_time} called 'Catch up with {sender_name}'","গত {days} দিনে যদি {sender_name} আমাকে কোনো ইমেইল না পাঠিয়ে থাকে, তাহলে {day_of_week} {natural_language_time}টায় তার সাথে 'Catch up with {sender_name!en}' নামে একটা 30 মিনিটের মিটিং শিডিউল করো","If nadia hasn't sent me any emails in the past 2 days, schedule a 30 minute meeting with them for Wednesday at 2:30 called 'Catch up with nadia'","গত 2 দিনে যদি nadia আমাকে কোনো ইমেইল না পাঠিয়ে থাকে, তাহলে বুধবার 2:30টায় তার সাথে 'Catch up with nadia' নামে একটা 30 মিনিটের মিটিং শিডিউল করো","[]","Event name quoted English with {sender_name!en}; weekday from glossary; time bare + 'টায়' (no am/pm added)."
"T53.v2","I can't remember the last time I heard from {sender_name}. Can you check if they've sent me any emails in the past {days} days? If not, schedule a 30 minute meeting with them for {day_of_week} at {natural_language_time} called 'Catch up with {sender_name}'","শেষ কবে {sender_name}-এর কোনো খবর পেয়েছি, মনে পড়ছে না। একটু দেখবে, গত {days} দিনে সে আমাকে কোনো ইমেইল পাঠিয়েছে কিনা? না পাঠালে, {day_of_week} {natural_language_time}টায় তার সাথে 'Catch up with {sender_name!en}' নামে একটা 30 মিনিটের মিটিং শিডিউল করো","I can't remember the last time I heard from kofi. Can you check if they've sent me any emails in the past 4 days? If not, schedule a 30 minute meeting with them for Tuesday at 10:30 called 'Catch up with kofi'","শেষ কবে kofi-এর কোনো খবর পেয়েছি, মনে পড়ছে না। একটু দেখবে, গত 4 দিনে সে আমাকে কোনো ইমেইল পাঠিয়েছে কিনা? না পাঠালে, মঙ্গলবার 10:30টায় তার সাথে 'Catch up with kofi' নামে একটা 30 মিনিটের মিটিং শিডিউল করো","['calendar.create_event.func(event_name=""Catch up with kofi"", participant_email=""kofi.mensah@atlas.com"", event_start=""2023-12-05 10:30:00"", duration=""30"")']",""
"T53.v3","if {sender_name} hasn't sent me any emails in the past {days} days, schedule a half hour meeting with them for {day_of_week} at {natural_language_time} and call it 'Catch up with {sender_name}'","গত {days} দিনে {sender_name} যদি আমাকে কোনো ইমেইল না পাঠিয়ে থাকে, তাহলে {day_of_week} {natural_language_time}টায় তার সাথে একটা আধা ঘণ্টার মিটিং শিডিউল করো, আর নাম দাও 'Catch up with {sender_name!en}'","if yuki hasn't sent me any emails in the past 4 days, schedule a half hour meeting with them for Friday at 12 and call it 'Catch up with yuki'","গত 4 দিনে yuki যদি আমাকে কোনো ইমেইল না পাঠিয়ে থাকে, তাহলে শুক্রবার 12টায় তার সাথে একটা আধা ঘণ্টার মিটিং শিডিউল করো, আর নাম দাও 'Catch up with yuki'","[]",""
"T54.v1","If I haven't met with {name} in the past {days} days, send them an email titled 'Catch up soon?' saying 'We haven't caught up in a while - can you send some availability over next week?'","গত {days} দিনে যদি {name}-এর সাথে আমার কোনো মিটিং না হয়ে থাকে, তাহলে তাকে “Catch up soon?” সাবজেক্ট দিয়ে একটা ইমেইল পাঠাও, তাতে লেখো “We haven't caught up in a while - can you send some availability over next week?”","If I haven't met with sofia in the past 2 days, send them an email titled 'Catch up soon?' saying 'We haven't caught up in a while - can you send some availability over next week?'","গত 2 দিনে যদি sofia-এর সাথে আমার কোনো মিটিং না হয়ে থাকে, তাহলে তাকে “Catch up soon?” সাবজেক্ট দিয়ে একটা ইমেইল পাঠাও, তাতে লেখো “We haven't caught up in a while - can you send some availability over next week?”","['email.send_email.func(recipient=""sofia.santos@atlas.com"", subject=""Catch up soon?"", body=""We haven\'t caught up in a while - can you send some availability over next week?"")']","Curly double quotes used in T54 because the body contains an apostrophe (haven't) that breaks the checker's '...' quote matching; literal text unchanged."
"T54.v2","I haven't met with {name} in a while. if it's been longer than {days} days can you send them an email titled 'Catch up soon?' saying 'We haven't caught up in a while - can you send some availability over next week?'","{name}-এর সাথে অনেকদিন মিটিং হয়নি। যদি {days} দিনের বেশি হয়ে থাকে, তাহলে তাকে একটা ইমেইল পাঠাতে পারবে? সাবজেক্ট হবে “Catch up soon?”, আর লেখা থাকবে “We haven't caught up in a while - can you send some availability over next week?”","I haven't met with amir in a while. if it's been longer than 2 days can you send them an email titled 'Catch up soon?' saying 'We haven't caught up in a while - can you send some availability over next week?'","amir-এর সাথে অনেকদিন মিটিং হয়নি। যদি 2 দিনের বেশি হয়ে থাকে, তাহলে তাকে একটা ইমেইল পাঠাতে পারবে? সাবজেক্ট হবে “Catch up soon?”, আর লেখা থাকবে “We haven't caught up in a while - can you send some availability over next week?”","['email.send_email.func(recipient=""amir.ali@atlas.com"", subject=""Catch up soon?"", body=""We haven\'t caught up in a while - can you send some availability over next week?"")']","Curly quotes (see v1)."
"T54.v3","can't remember the last time I met with {name}. Can you check if it's been over {days} days? If so, send them an email titled 'Catch up soon?' saying 'We haven't caught up in a while - can you send some availability over next week?'","শেষ কবে {name}-এর সাথে মিটিং করেছি, মনে পড়ছে না। একটু দেখবে, {days} দিনের বেশি হয়ে গেছে কিনা? হয়ে থাকলে তাকে “Catch up soon?” সাবজেক্ট দিয়ে একটা ইমেইল পাঠাও, তাতে লেখো “We haven't caught up in a while - can you send some availability over next week?”","can't remember the last time I met with nia. Can you check if it's been over 2 days? If so, send them an email titled 'Catch up soon?' saying 'We haven't caught up in a while - can you send some availability over next week?'","শেষ কবে nia-এর সাথে মিটিং করেছি, মনে পড়ছে না। একটু দেখবে, 2 দিনের বেশি হয়ে গেছে কিনা? হয়ে থাকলে তাকে “Catch up soon?” সাবজেক্ট দিয়ে একটা ইমেইল পাঠাও, তাতে লেখো “We haven't caught up in a while - can you send some availability over next week?”","[]","Curly quotes (see v1)."
"T55.v1","If I don't have any meetings scheduled with {name} in the next {days} days, send them an email titled 'Catch up soon?' saying 'We have not caught up in a while - can you send some availability over next week?'","আগামী {days} দিনে যদি {name}-এর সাথে আমার কোনো মিটিং শিডিউল করা না থাকে, তাহলে তাকে 'Catch up soon?' সাবজেক্ট দিয়ে একটা ইমেইল পাঠাও, তাতে লেখো 'We have not caught up in a while - can you send some availability over next week?'","If I don't have any meetings scheduled with anaya in the next 4 days, send them an email titled 'Catch up soon?' saying 'We have not caught up in a while - can you send some availability over next week?'","আগামী 4 দিনে যদি anaya-এর সাথে আমার কোনো মিটিং শিডিউল করা না থাকে, তাহলে তাকে 'Catch up soon?' সাবজেক্ট দিয়ে একটা ইমেইল পাঠাও, তাতে লেখো 'We have not caught up in a while - can you send some availability over next week?'","['email.send_email.func(recipient=""anaya.patel@atlas.com"", subject=""Catch up soon?"", body=""We have not caught up in a while - can you send some availability over next week?"")']","তুমি-form imperative register."
"T55.v2","Did I already schedule a meeting with {name} in the next {days} days? If not, send them an email titled 'Catch up soon?' saying 'We have not caught up in a while - can you send some availability over next week?'","আগামী {days} দিনের মধ্যে {name}-এর সাথে আমি কি আগেই কোনো মিটিং শিডিউল করে রেখেছি? না করে থাকলে, তাকে 'Catch up soon?' সাবজেক্ট দিয়ে একটা ইমেইল পাঠাও, তাতে লেখো 'We have not caught up in a while - can you send some availability over next week?'","Did I already schedule a meeting with leila in the next 3 days? If not, send them an email titled 'Catch up soon?' saying 'We have not caught up in a while - can you send some availability over next week?'","আগামী 3 দিনের মধ্যে leila-এর সাথে আমি কি আগেই কোনো মিটিং শিডিউল করে রেখেছি? না করে থাকলে, তাকে 'Catch up soon?' সাবজেক্ট দিয়ে একটা ইমেইল পাঠাও, তাতে লেখো 'We have not caught up in a while - can you send some availability over next week?'","[]",""
"T55.v3","I need to check if I have any meetings scheduled with {name} in the next {days} days. If not, send them an email titled 'Catch up soon?' saying 'We have not caught up in a while - can you send some availability over next week?'","আগামী {days} দিনে {name}-এর সাথে আমার কোনো মিটিং শিডিউল করা আছে কিনা, দেখতে হবে। না থাকলে, তাকে 'Catch up soon?' সাবজেক্ট দিয়ে একটা ইমেইল পাঠাও, যেখানে লেখা থাকবে 'We have not caught up in a while - can you send some availability over next week?'","I need to check if I have any meetings scheduled with akira in the next 4 days. If not, send them an email titled 'Catch up soon?' saying 'We have not caught up in a while - can you send some availability over next week?'","আগামী 4 দিনে akira-এর সাথে আমার কোনো মিটিং শিডিউল করা আছে কিনা, দেখতে হবে। না থাকলে, তাকে 'Catch up soon?' সাবজেক্ট দিয়ে একটা ইমেইল পাঠাও, যেখানে লেখা থাকবে 'We have not caught up in a while - can you send some availability over next week?'","['email.send_email.func(recipient=""akira.sato@atlas.com"", subject=""Catch up soon?"", body=""We have not caught up in a while - can you send some availability over next week?"")']",""
"T56.v1","If {name} has any overdue tasks, send them an email titled 'Overdue tasks' saying 'You have a few overdue tasks - can you update me on them?'. Otherwise email them with 'Nice work keeping on top of your tasks this sprint!' titled 'Good work this sprint'","{name}-এর যদি ডেডলাইন পেরিয়ে যাওয়া কোনো টাস্ক থাকে, তাহলে তাকে 'Overdue tasks' সাবজেক্ট দিয়ে একটা ইমেইল পাঠাও, তাতে লেখো 'You have a few overdue tasks - can you update me on them?'। না থাকলে তাকে 'Good work this sprint' সাবজেক্ট দিয়ে ইমেইল করো, লেখো 'Nice work keeping on top of your tasks this sprint!'","If chenwei has any overdue tasks, send them an email titled 'Overdue tasks' saying 'You have a few overdue tasks - can you update me on them?'. Otherwise email them with 'Nice work keeping on top of your tasks this sprint!' titled 'Good work this sprint'","chenwei-এর যদি ডেডলাইন পেরিয়ে যাওয়া কোনো টাস্ক থাকে, তাহলে তাকে 'Overdue tasks' সাবজেক্ট দিয়ে একটা ইমেইল পাঠাও, তাতে লেখো 'You have a few overdue tasks - can you update me on them?'। না থাকলে তাকে 'Good work this sprint' সাবজেক্ট দিয়ে ইমেইল করো, লেখো 'Nice work keeping on top of your tasks this sprint!'","['email.send_email.func(recipient=""chenwei.zhang@atlas.com"", subject=""Overdue tasks"", body=""You have a few overdue tasks - can you update me on them?"")']","Title/body order of the 'otherwise' email swapped for Bangla flow; all 4 literals kept English."
"T56.v2","I think {name} might have some overdue tasks. Can you check and if so, send them an email titled 'Overdue tasks' saying 'You have a few overdue tasks - can you update me on them?'. Otherwise email them with 'Nice work keeping on top of your tasks this sprint!' titled 'Good work this sprint'","মনে হচ্ছে {name}-এর কিছু টাস্কের ডেডলাইন পেরিয়ে গেছে। একটু চেক করে দেখবে? সত্যিই তাই হলে, তাকে 'Overdue tasks' সাবজেক্ট দিয়ে একটা ইমেইল পাঠাও, তাতে লেখো 'You have a few overdue tasks - can you update me on them?'। নাহলে তাকে 'Good work this sprint' সাবজেক্ট দিয়ে ইমেইল করো, লেখো 'Nice work keeping on top of your tasks this sprint!'","I think jinsoo might have some overdue tasks. Can you check and if so, send them an email titled 'Overdue tasks' saying 'You have a few overdue tasks - can you update me on them?'. Otherwise email them with 'Nice work keeping on top of your tasks this sprint!' titled 'Good work this sprint'","মনে হচ্ছে jinsoo-এর কিছু টাস্কের ডেডলাইন পেরিয়ে গেছে। একটু চেক করে দেখবে? সত্যিই তাই হলে, তাকে 'Overdue tasks' সাবজেক্ট দিয়ে একটা ইমেইল পাঠাও, তাতে লেখো 'You have a few overdue tasks - can you update me on them?'। নাহলে তাকে 'Good work this sprint' সাবজেক্ট দিয়ে ইমেইল করো, লেখো 'Nice work keeping on top of your tasks this sprint!'","['email.send_email.func(recipient=""jinsoo.kim@atlas.com"", subject=""Overdue tasks"", body=""You have a few overdue tasks - can you update me on them?"")']","'might' hedge -> 'মনে হচ্ছে'."
"T56.v3","can you check if {name} has any overdue tasks? If so, send them an email titled 'Overdue tasks' saying 'You have a few overdue tasks - can you update me on them?'. Otherwise email them with 'Nice work keeping on top of your tasks this sprint!' titled 'Good work this sprint'","{name}-এর ডেডলাইন পেরিয়ে যাওয়া কোনো টাস্ক আছে কিনা দেখে দিতে পারবে? থাকলে, তাকে 'Overdue tasks' সাবজেক্ট দিয়ে একটা ইমেইল পাঠাও, তাতে লেখো 'You have a few overdue tasks - can you update me on them?'। না থাকলে তাকে 'Good work this sprint' সাবজেক্ট দিয়ে ইমেইল করো, লেখো 'Nice work keeping on top of your tasks this sprint!'","can you check if carlos has any overdue tasks? If so, send them an email titled 'Overdue tasks' saying 'You have a few overdue tasks - can you update me on them?'. Otherwise email them with 'Nice work keeping on top of your tasks this sprint!' titled 'Good work this sprint'","carlos-এর ডেডলাইন পেরিয়ে যাওয়া কোনো টাস্ক আছে কিনা দেখে দিতে পারবে? থাকলে, তাকে 'Overdue tasks' সাবজেক্ট দিয়ে একটা ইমেইল পাঠাও, তাতে লেখো 'You have a few overdue tasks - can you update me on them?'। না থাকলে তাকে 'Good work this sprint' সাবজেক্ট দিয়ে ইমেইল করো, লেখো 'Nice work keeping on top of your tasks this sprint!'","['email.send_email.func(recipient=""carlos.rodriguez@atlas.com"", subject=""Good work this sprint"", body=""Nice work keeping on top of your tasks this sprint!"")']",""
"T57.v1","Book a half-hour meeting with {name} called 'Catch up on overdue tasks' at the earliest time I'm free tomorrowif they have any overdue tasks","আগামীকাল আমার সবচেয়ে আগের ফাঁকা সময়ে {name}-এর সাথে 'Catch up on overdue tasks' নামে আধা ঘণ্টার একটা মিটিং বুক করো, যদি তার ডেডলাইন পেরিয়ে যাওয়া কোনো টাস্ক থাকে","Book a half-hour meeting with jinsoo called 'Catch up on overdue tasks' at the earliest time I'm free tomorrowif they have any overdue tasks","আগামীকাল আমার সবচেয়ে আগের ফাঁকা সময়ে jinsoo-এর সাথে 'Catch up on overdue tasks' নামে আধা ঘণ্টার একটা মিটিং বুক করো, যদি তার ডেডলাইন পেরিয়ে যাওয়া কোনো টাস্ক থাকে","['calendar.create_event.func(event_name=""Catch up on overdue tasks"", participant_email=""jinsoo.kim@atlas.com"", event_start=""2023-12-01 13:00:00"", duration=""30"")']","Condition kept at the end as in EN. overdue -> ওভারডিউ (office loanword). EN typo 'tomorrowif' not reproduced."
"T57.v2","I think {name} might have some overdue tasks. Can you check and if so, book a half hour meeting with them called 'Catch up on overdue tasks' at the earliest time I'm free tomorrow","আমার মনে হয় {name}-এর কিছু টাস্কের ডেডলাইন পেরিয়ে গিয়ে থাকতে পারে। একটু চেক করে দেখো, থাকলে আগামীকাল আমি সবচেয়ে আগে যখন ফ্রি থাকব তখন তার সাথে 'Catch up on overdue tasks' নামে আধা ঘণ্টার একটা মিটিং বুক করো","I think jinsoo might have some overdue tasks. Can you check and if so, book a half hour meeting with them called 'Catch up on overdue tasks' at the earliest time I'm free tomorrow","আমার মনে হয় jinsoo-এর কিছু টাস্কের ডেডলাইন পেরিয়ে গিয়ে থাকতে পারে। একটু চেক করে দেখো, থাকলে আগামীকাল আমি সবচেয়ে আগে যখন ফ্রি থাকব তখন তার সাথে 'Catch up on overdue tasks' নামে আধা ঘণ্টার একটা মিটিং বুক করো","['calendar.create_event.func(event_name=""Catch up on overdue tasks"", participant_email=""jinsoo.kim@atlas.com"", event_start=""2023-12-01 13:00:00"", duration=""30"")']","they/them -> gender-neutral তার."
"T57.v3","can you check if {name} has any overdue tasks? If so, book a 30 minute meeting with them called 'Catch up on overdue tasks' at the earliest time I'm free tomorrow","{name}-এর ডেডলাইন পেরিয়ে যাওয়া কোনো টাস্ক আছে কি না একটু দেখবে? থাকলে আগামীকাল আমার সবচেয়ে আগের ফাঁকা সময়ে তার সাথে 'Catch up on overdue tasks' নামে 30 মিনিটের একটা মিটিং বুক করো","can you check if fatima has any overdue tasks? If so, book a 30 minute meeting with them called 'Catch up on overdue tasks' at the earliest time I'm free tomorrow","fatima-এর ডেডলাইন পেরিয়ে যাওয়া কোনো টাস্ক আছে কি না একটু দেখবে? থাকলে আগামীকাল আমার সবচেয়ে আগের ফাঁকা সময়ে তার সাথে 'Catch up on overdue tasks' নামে 30 মিনিটের একটা মিটিং বুক করো","[]","'can you check' -> 'একটু দেখবে?' (তুমি-form request). '30 minute' keeps ASCII 30 (GT duration literal)."
"T58.v1","If {natural_language_metric} was {more_or_less} than {threshold} at any time since {natural_language_date} send an email to {sender} titled 'Update on {natural_language_metric}' saying 'I noticed {natural_language_metric} was {more_or_less} than {threshold} - can you update me?'","{natural_language_date} থেকে এখন পর্যন্ত কোনো সময় যদি {natural_language_metric} {threshold}-এর চেয়ে {more_or_less} হয়ে থাকে, তাহলে {sender} ঠিকানায় 'Update on {natural_language_metric!en}' সাবজেক্ট দিয়ে একটা ইমেইল পাঠাও, যেখানে লেখা থাকবে 'I noticed {natural_language_metric!en} was {more_or_less!en} than {threshold} - can you update me?'","If total visits was less than 3 at any time since September 16 send an email to nadia.moreau@atlas.com titled 'Update on total visits' saying 'I noticed total visits was less than 3 - can you update me?'","16 সেপ্টেম্বর থেকে এখন পর্যন্ত কোনো সময় যদি মোট ভিজিট 3-এর চেয়ে কম হয়ে থাকে, তাহলে nadia.moreau@atlas.com ঠিকানায় 'Update on total visits' সাবজেক্ট দিয়ে একটা ইমেইল পাঠাও, যেখানে লেখা থাকবে 'I noticed total visits was less than 3 - can you update me?'","[]","তুমি-form imperative. 'at any time since D' -> 'D থেকে এখন পর্যন্ত কোনো সময়'; 'next Friday' -> 'আগামী শুক্রবার' (as ambiguous as EN; GT = Friday of next week). Subject/body stay English with {slot!en}. Email address + ঠিকানায় avoids a case marker on the address."
"T58.v2","I think {natural_language_metric} might have been {more_or_less} than {threshold}. If it has been at any time since {natural_language_date}, can yousend an email to {sender} titled 'Update on {natural_language_metric}' saying 'I noticed {natural_language_metric} was {more_or_less} than {threshold} - can you update me?'","আমার মনে হয় {natural_language_metric} {threshold}-এর চেয়ে {more_or_less} হয়ে থাকতে পারে। {natural_language_date} থেকে এখন পর্যন্ত কোনো সময় যদি সেটা হয়ে থাকে, তাহলে {sender} ঠিকানায় একটা ইমেইল পাঠাতে পারবে? সাবজেক্ট হবে 'Update on {natural_language_metric!en}' আর ইমেইলে লেখা থাকবে 'I noticed {natural_language_metric!en} was {more_or_less!en} than {threshold} - can you update me?'","I think engaged users might have been more than 1. If it has been at any time since September 7, can yousend an email to amir.ali@atlas.com titled 'Update on engaged users' saying 'I noticed engaged users was more than 1 - can you update me?'","আমার মনে হয় এনগেজড ইউজার 1-এর চেয়ে বেশি হয়ে থাকতে পারে। 7 সেপ্টেম্বর থেকে এখন পর্যন্ত কোনো সময় যদি সেটা হয়ে থাকে, তাহলে amir.ali@atlas.com ঠিকানায় একটা ইমেইল পাঠাতে পারবে? সাবজেক্ট হবে 'Update on engaged users' আর ইমেইলে লেখা থাকবে 'I noticed engaged users was more than 1 - can you update me?'","['email.send_email.func(recipient=""amir.ali@atlas.com"", subject=""Update on engaged users"", body=""I noticed engaged users was more than 1 - can you update me?"")']","Two-sentence structure of EN kept; 'can you send' -> 'পাঠাতে পারবে?'."
"T58.v3","can you check if {natural_language_metric} was {more_or_less} than {threshold} at any time since {natural_language_date}? If so, send an email to {sender} titled 'Update on {natural_language_metric}' saying 'I noticed {natural_language_metric} was {more_or_less} than {threshold} - can you update me?'","{natural_language_date} থেকে এখন পর্যন্ত কোনো সময় {natural_language_metric} {threshold}-এর চেয়ে {more_or_less} হয়েছিল কি না একটু দেখবে? হয়ে থাকলে {sender} ঠিকানায় 'Update on {natural_language_metric!en}' সাবজেক্টে একটা ইমেইল পাঠাও, তাতে লেখো 'I noticed {natural_language_metric!en} was {more_or_less!en} than {threshold} - can you update me?'","can you check if engaged users was less than 11 at any time since November 26? If so, send an email to luis.ortiz@atlas.com titled 'Update on engaged users' saying 'I noticed engaged users was less than 11 - can you update me?'","26 নভেম্বর থেকে এখন পর্যন্ত কোনো সময় এনগেজড ইউজার 11-এর চেয়ে কম হয়েছিল কি না একটু দেখবে? হয়ে থাকলে luis.ortiz@atlas.com ঠিকানায় 'Update on engaged users' সাবজেক্টে একটা ইমেইল পাঠাও, তাতে লেখো 'I noticed engaged users was less than 11 - can you update me?'","['email.send_email.func(recipient=""luis.ortiz@atlas.com"", subject=""Update on engaged users"", body=""I noticed engaged users was less than 11 - can you update me?"")']","titled -> সাবজেক্টে (variant of সাবজেক্ট দিয়ে)."
"T59.v1","If {natural_language_metric} was {more_or_less} than {threshold} at any time since {natural_language_date} schedule a half-hour meeting called 'Discuss {natural_language_metric}' with {sender_name} at the earliest time I'm free tomorrow","{natural_language_date} থেকে এখন পর্যন্ত কোনো সময় যদি {natural_language_metric} {threshold}-এর চেয়ে {more_or_less} হয়ে থাকে, তাহলে আগামীকাল আমার সবচেয়ে আগের ফাঁকা সময়ে {sender_name}-এর সাথে 'Discuss {natural_language_metric!en}' নামে আধা ঘণ্টার একটা মিটিং শিডিউল করো","If average session duration was more than 41 at any time since October 8 schedule a half-hour meeting called 'Discuss average session duration' with luis at the earliest time I'm free tomorrow","8 অক্টোবর থেকে এখন পর্যন্ত কোনো সময় যদি গড় সেশনের সময়কাল 41-এর চেয়ে বেশি হয়ে থাকে, তাহলে আগামীকাল আমার সবচেয়ে আগের ফাঁকা সময়ে luis-এর সাথে 'Discuss average session duration' নামে আধা ঘণ্টার একটা মিটিং শিডিউল করো","['calendar.create_event.func(event_name=""Discuss average session duration"", participant_email=""luis.ortiz@atlas.com"", event_start=""2023-12-01 13:00:00"", duration=""30"")']","তুমি-form imperative. 'at any time since D' -> 'D থেকে এখন পর্যন্ত কোনো সময়'; 'next Friday' -> 'আগামী শুক্রবার' (as ambiguous as EN; GT = Friday of next week). schedule -> শিডিউল করো (book -> বুক করো elsewhere)."
"T59.v2","I think {natural_language_metric} might have been {more_or_less} than {threshold} at any time since {natural_language_date}. Can you check and if so, schedule a half-hour meeting called 'Discuss {natural_language_metric}' with {sender_name} at the earliest time I'm free tomorrow","আমার মনে হয় {natural_language_date} থেকে এখন পর্যন্ত কোনো এক সময় {natural_language_metric} {threshold}-এর চেয়ে {more_or_less} হয়ে থাকতে পারে। একটু চেক করে দেখো, হয়ে থাকলে আগামীকাল আমি সবচেয়ে আগে যখন ফ্রি থাকব তখন {sender_name}-এর সাথে 'Discuss {natural_language_metric!en}' নামে আধা ঘণ্টার একটা মিটিং শিডিউল করো","I think average session duration might have been more than 41 at any time since September 8. Can you check and if so, schedule a half-hour meeting called 'Discuss average session duration' with luis at the earliest time I'm free tomorrow","আমার মনে হয় 8 সেপ্টেম্বর থেকে এখন পর্যন্ত কোনো এক সময় গড় সেশনের সময়কাল 41-এর চেয়ে বেশি হয়ে থাকতে পারে। একটু চেক করে দেখো, হয়ে থাকলে আগামীকাল আমি সবচেয়ে আগে যখন ফ্রি থাকব তখন luis-এর সাথে 'Discuss average session duration' নামে আধা ঘণ্টার একটা মিটিং শিডিউল করো","['calendar.create_event.func(event_name=""Discuss average session duration"", participant_email=""luis.ortiz@atlas.com"", event_start=""2023-12-01 13:00:00"", duration=""30"")']","'I think ... might have been' -> 'আমার মনে হয় ... হয়ে থাকতে পারে'."
"T59.v3","can you check if {natural_language_metric} was {more_or_less} than {threshold} at any time since {natural_language_date}? If so, schedule a 30 minute meeting called 'Discuss {natural_language_metric}' with {sender_name} at the earliest time I'm free tomorrow","{natural_language_date} থেকে এখন পর্যন্ত কোনো সময় {natural_language_metric} {threshold}-এর চেয়ে {more_or_less} হয়েছিল কি না একটু দেখবে? হয়ে থাকলে আগামীকাল আমার সবচেয়ে আগের ফাঁকা সময়ে {sender_name}-এর সাথে 'Discuss {natural_language_metric!en}' নামে 30 মিনিটের একটা মিটিং শিডিউল করো","can you check if engaged users was less than 5 at any time since September 3? If so, schedule a 30 minute meeting called 'Discuss engaged users' with leila at the earliest time I'm free tomorrow","3 সেপ্টেম্বর থেকে এখন পর্যন্ত কোনো সময় এনগেজড ইউজার 5-এর চেয়ে কম হয়েছিল কি না একটু দেখবে? হয়ে থাকলে আগামীকাল আমার সবচেয়ে আগের ফাঁকা সময়ে leila-এর সাথে 'Discuss engaged users' নামে 30 মিনিটের একটা মিটিং শিডিউল করো","['calendar.create_event.func(event_name=""Discuss engaged users"", participant_email=""leila.azizi@atlas.com"", event_start=""2023-12-01 13:00:00"", duration=""30"")']","ASCII 30 kept (GT duration literal)."
"T60.v1","If {natural_language_metric} was {more_or_less} than {threshold} at any time since {natural_language_date} make a backlog task called 'Improve {natural_language_metric}' for {name} on the front-end board with a deadline of next Friday","{natural_language_date} থেকে এখন পর্যন্ত কোনো সময় যদি {natural_language_metric} {threshold}-এর চেয়ে {more_or_less} হয়ে থাকে, তাহলে ফ্রন্ট-এন্ড বোর্ডে {name}-এর জন্য 'Improve {natural_language_metric!en}' নামে একটা backlog টাস্ক বানাও, ডেডলাইন আগামী শুক্রবার","If total visits was more than 21 at any time since November 29 make a backlog task called 'Improve total visits' for santiago on the front-end board with a deadline of next Friday","29 নভেম্বর থেকে এখন পর্যন্ত কোনো সময় যদি মোট ভিজিট 21-এর চেয়ে বেশি হয়ে থাকে, তাহলে ফ্রন্ট-এন্ড বোর্ডে santiago-এর জন্য 'Improve total visits' নামে একটা backlog টাস্ক বানাও, ডেডলাইন আগামী শুক্রবার","[]","তুমি-form imperative. 'at any time since D' -> 'D থেকে এখন পর্যন্ত কোনো সময়'; 'next Friday' -> 'আগামী শুক্রবার' (as ambiguous as EN; GT = Friday of next week). backlog -> 'backlog' (policy §4 enum: Latin, unquoted, EN case), front-end board -> ফ্রন্ট-এন্ড বোর্ড."
"T60.v2","Was {natural_language_metric} {more_or_less} than {threshold} at any time since {natural_language_date}? If so, make a backlog task called 'Improve {natural_language_metric}' on the front-end board and assign it to for {name} with next Friday as the deadline","{natural_language_date} থেকে এখন পর্যন্ত কোনো সময় কি {natural_language_metric} {threshold}-এর চেয়ে {more_or_less} হয়েছিল? হয়ে থাকলে ফ্রন্ট-এন্ড বোর্ডে 'Improve {natural_language_metric!en}' নামে একটা backlog টাস্ক বানিয়ে {name}-কে অ্যাসাইন করে দাও, আর ডেডলাইন রেখো আগামী শুক্রবার","Was average session duration more than 41 at any time since October 28? If so, make a backlog task called 'Improve average session duration' on the front-end board and assign it to for anaya with next Friday as the deadline","28 অক্টোবর থেকে এখন পর্যন্ত কোনো সময় কি গড় সেশনের সময়কাল 41-এর চেয়ে বেশি হয়েছিল? হয়ে থাকলে ফ্রন্ট-এন্ড বোর্ডে 'Improve average session duration' নামে একটা backlog টাস্ক বানিয়ে anaya-কে অ্যাসাইন করে দাও, আর ডেডলাইন রেখো আগামী শুক্রবার","['project_management.create_task.func(task_name=""Improve average session duration"", board=""Front end"", assigned_to_email=""anaya.patel@atlas.com"", due_date=""2023-12-08"", list_name=""Backlog"")']","EN typo 'assign it to for' rendered as plain assign. Yes/no question form kept."
"T60.v3","can you check if {natural_language_metric} was {more_or_less} than {threshold} at any time since {natural_language_date}? If so, make a backlog task called 'Improve {natural_language_metric}' for {name} on the front-end board with a deadline of next Friday","{natural_language_date} থেকে এখন পর্যন্ত কোনো সময় {natural_language_metric} {threshold}-এর চেয়ে {more_or_less} হয়েছিল কি না একটু দেখবে? হয়ে থাকলে {name}-এর জন্য ফ্রন্ট-এন্ড বোর্ডে 'Improve {natural_language_metric!en}' নামে একটা backlog টাস্ক বানাও, ডেডলাইন দিও আগামী শুক্রবার","can you check if total visits was more than 21 at any time since October 12? If so, make a backlog task called 'Improve total visits' for dmitri on the front-end board with a deadline of next Friday","12 অক্টোবর থেকে এখন পর্যন্ত কোনো সময় মোট ভিজিট 21-এর চেয়ে বেশি হয়েছিল কি না একটু দেখবে? হয়ে থাকলে dmitri-এর জন্য ফ্রন্ট-এন্ড বোর্ডে 'Improve total visits' নামে একটা backlog টাস্ক বানাও, ডেডলাইন দিও আগামী শুক্রবার","[]",""
"T61.v1","If {natural_language_metric} was {more_or_less} than {threshold} at any time since {natural_language_date} make a backlog task called 'Improve {natural_language_metric}' on the front-end board with a deadline of next Friday for the person with the most completed front end tasks","{natural_language_date} থেকে এখন পর্যন্ত কোনো সময় যদি {natural_language_metric} {threshold}-এর চেয়ে {more_or_less} হয়ে থাকে, তাহলে যে সবচেয়ে বেশি ফ্রন্ট-এন্ড টাস্ক কমপ্লিট করেছে, তার জন্য ফ্রন্ট-এন্ড বোর্ডে 'Improve {natural_language_metric!en}' নামে একটা backlog টাস্ক বানাও, ডেডলাইন আগামী শুক্রবার","If average session duration was more than 19 at any time since November 27 make a backlog task called 'Improve average session duration' on the front-end board with a deadline of next Friday for the person with the most completed front end tasks","27 নভেম্বর থেকে এখন পর্যন্ত কোনো সময় যদি গড় সেশনের সময়কাল 19-এর চেয়ে বেশি হয়ে থাকে, তাহলে যে সবচেয়ে বেশি ফ্রন্ট-এন্ড টাস্ক কমপ্লিট করেছে, তার জন্য ফ্রন্ট-এন্ড বোর্ডে 'Improve average session duration' নামে একটা backlog টাস্ক বানাও, ডেডলাইন আগামী শুক্রবার","['project_management.create_task.func(task_name=""Improve average session duration"", board=""Front end"", assigned_to_email=""nia.johnson@atlas.com"", due_date=""2023-12-08"", list_name=""Backlog"")']","তুমি-form imperative. 'at any time since D' -> 'D থেকে এখন পর্যন্ত কোনো সময়'; 'next Friday' -> 'আগামী শুক্রবার' (as ambiguous as EN; GT = Friday of next week). 'person with the most completed front end tasks' -> relative clause 'যে সবচেয়ে বেশি ফ্রন্ট-এন্ড টাস্ক কমপ্লিট করেছে'."
"T61.v2","Was {natural_language_metric} {more_or_less} than {threshold} at any time since {natural_language_date}? We need to fix this by next Friday if so - make a backlog task called 'Improve {natural_language_metric}' on the front-end board and assign it to the person with the most completed front end tasks","{natural_language_date} থেকে এখন পর্যন্ত কোনো সময় কি {natural_language_metric} {threshold}-এর চেয়ে {more_or_less} হয়েছিল? হয়ে থাকলে আগামী শুক্রবারের মধ্যে এটা ঠিক করতে হবে - ফ্রন্ট-এন্ড বোর্ডে 'Improve {natural_language_metric!en}' নামে একটা backlog টাস্ক বানাও আর যে সবচেয়ে বেশি ফ্রন্ট-এন্ড টাস্ক কমপ্লিট করেছে তাকে অ্যাসাইন করো","Was engaged users more than 11 at any time since September 28? We need to fix this by next Friday if so - make a backlog task called 'Improve engaged users' on the front-end board and assign it to the person with the most completed front end tasks","28 সেপ্টেম্বর থেকে এখন পর্যন্ত কোনো সময় কি এনগেজড ইউজার 11-এর চেয়ে বেশি হয়েছিল? হয়ে থাকলে আগামী শুক্রবারের মধ্যে এটা ঠিক করতে হবে - ফ্রন্ট-এন্ড বোর্ডে 'Improve engaged users' নামে একটা backlog টাস্ক বানাও আর যে সবচেয়ে বেশি ফ্রন্ট-এন্ড টাস্ক কমপ্লিট করেছে তাকে অ্যাসাইন করো","[]","'We need to fix this by next Friday' kept as a separate clause (deadline is implied, as in EN)."
"T61.v3","can you check if {natural_language_metric} was {more_or_less} than {threshold} at any time since {natural_language_date}? If so, make a backlog task called 'Improve {natural_language_metric}' due next Friday on the front-end board and assign it to the person with the most completed front end tasks","{natural_language_date} থেকে এখন পর্যন্ত কোনো সময় {natural_language_metric} {threshold}-এর চেয়ে {more_or_less} হয়েছিল কি না একটু দেখবে? হয়ে থাকলে ফ্রন্ট-এন্ড বোর্ডে আগামী শুক্রবার ডেডলাইন দিয়ে 'Improve {natural_language_metric!en}' নামে একটা backlog টাস্ক বানাও, আর যে সবচেয়ে বেশি ফ্রন্ট-এন্ড টাস্ক কমপ্লিট করেছে তাকে অ্যাসাইন করো","can you check if average session duration was less than 41 at any time since October 7? If so, make a backlog task called 'Improve average session duration' due next Friday on the front-end board and assign it to the person with the most completed front end tasks","7 অক্টোবর থেকে এখন পর্যন্ত কোনো সময় গড় সেশনের সময়কাল 41-এর চেয়ে কম হয়েছিল কি না একটু দেখবে? হয়ে থাকলে ফ্রন্ট-এন্ড বোর্ডে আগামী শুক্রবার ডেডলাইন দিয়ে 'Improve average session duration' নামে একটা backlog টাস্ক বানাও, আর যে সবচেয়ে বেশি ফ্রন্ট-এন্ড টাস্ক কমপ্লিট করেছে তাকে অ্যাসাইন করো","['project_management.create_task.func(task_name=""Improve average session duration"", board=""Front end"", assigned_to_email=""nia.johnson@atlas.com"", due_date=""2023-12-08"", list_name=""Backlog"")']","'due next Friday' -> 'আগামী শুক্রবার ডেডলাইন দিয়ে'."
"T62.v1","Check the percent growth of {natural_language_metric} since {day_of_week} and if was more than {natural_language_metric_2} make a backlog task called 'Improve {natural_language_metric_2}' for {name} on the front-end board with a deadline of next Friday","{day_of_week} থেকে {natural_language_metric} শতকরা কত বেড়েছে দেখো, আর সেটা যদি {natural_language_metric_2}ের চেয়ে বেশি হয়, তাহলে ফ্রন্ট-এন্ড বোর্ডে {name}-এর জন্য 'Improve {natural_language_metric_2!en}' নামে একটা backlog টাস্ক বানাও, ডেডলাইন আগামী শুক্রবার","Check the percent growth of average session duration since Sunday and if was more than engaged users make a backlog task called 'Improve engaged users' for chenwei on the front-end board with a deadline of next Friday","রবিবার থেকে গড় সেশনের সময়কাল শতকরা কত বেড়েছে দেখো, আর সেটা যদি এনগেজড ইউজারের চেয়ে বেশি হয়, তাহলে ফ্রন্ট-এন্ড বোর্ডে chenwei-এর জন্য 'Improve engaged users' নামে একটা backlog টাস্ক বানাও, ডেডলাইন আগামী শুক্রবার","[]","তুমি-form imperative. 'at any time since D' -> 'D থেকে এখন পর্যন্ত কোনো সময়'; 'next Friday' -> 'আগামী শুক্রবার' (as ambiguous as EN; GT = Friday of next week). 'percent growth of X' -> 'X শতকরা কত বেড়েছে' (avoids a case marker on the Bangla metric). Comparison against metric_2 kept as odd/ambiguous as EN; '{natural_language_metric_2}ের চেয়ে' attaches the suffix directly (policy §4)."
"T62.v2","I need to check the percent growth of {natural_language_metric} since {day_of_week}. If it grew by more than {natural_language_metric_2} make a backlog task called 'Improve {natural_language_metric_2}' for {name} on the front-end board with a deadline of next Friday","{day_of_week} থেকে {natural_language_metric} শতকরা কত বেড়েছে সেটা আমার দেখা দরকার। যদি তা {natural_language_metric_2}ের চেয়ে বেশি বেড়ে থাকে, তাহলে {name}-এর জন্য ফ্রন্ট-এন্ড বোর্ডে 'Improve {natural_language_metric_2!en}' নামে একটা backlog টাস্ক বানাও, ডেডলাইন আগামী শুক্রবার","I need to check the percent growth of average session duration since Monday. If it grew by more than engaged users make a backlog task called 'Improve engaged users' for kofi on the front-end board with a deadline of next Friday","সোমবার থেকে গড় সেশনের সময়কাল শতকরা কত বেড়েছে সেটা আমার দেখা দরকার। যদি তা এনগেজড ইউজারের চেয়ে বেশি বেড়ে থাকে, তাহলে kofi-এর জন্য ফ্রন্ট-এন্ড বোর্ডে 'Improve engaged users' নামে একটা backlog টাস্ক বানাও, ডেডলাইন আগামী শুক্রবার","[]","'I need to check' -> 'আমার দেখা দরকার'; 'grew by more than' -> 'থেকে বেশি বেড়ে থাকে'."
"T62.v3","can you check the percent growth of {natural_language_metric} since {day_of_week}? If it grew by more than {natural_language_metric_2} make a task called 'Improve {natural_language_metric_2}' on the front-end backlog for {name} that's due next Friday","{day_of_week} থেকে {natural_language_metric} শতকরা কত বেড়েছে একটু দেখবে? যদি {natural_language_metric_2}ের চেয়ে বেশি বেড়ে থাকে, তাহলে ফ্রন্ট-এন্ড backlog-এ {name}-এর জন্য 'Improve {natural_language_metric_2!en}' নামে একটা টাস্ক বানাও, যার ডেডলাইন আগামী শুক্রবার","can you check the percent growth of engaged users since Wednesday? If it grew by more than total visits make a task called 'Improve total visits' on the front-end backlog for olga that's due next Friday","বুধবার থেকে এনগেজড ইউজার শতকরা কত বেড়েছে একটু দেখবে? যদি মোট ভিজিটের চেয়ে বেশি বেড়ে থাকে, তাহলে ফ্রন্ট-এন্ড backlog-এ olga-এর জন্য 'Improve total visits' নামে একটা টাস্ক বানাও, যার ডেডলাইন আগামী শুক্রবার","[]","'front-end backlog' -> 'ফ্রন্ট-এন্ড backlog' (EN says backlog, not board)."
"T63.v1","If {natural_language_metric} was {more_or_less} than {threshold} at any time since {natural_language_date} delete all {assigned_to_first_name}'s leads in the CRM","{natural_language_date} থেকে এখন পর্যন্ত কোনো সময় যদি {natural_language_metric} {threshold}-এর চেয়ে {more_or_less} হয়ে থাকে, তাহলে CRM থেকে {assigned_to_first_name}-এর সব lead ডিলিট করো","If average session duration was more than 41 at any time since November 9 delete all Sofia's leads in the CRM","9 নভেম্বর থেকে এখন পর্যন্ত কোনো সময় যদি গড় সেশনের সময়কাল 41-এর চেয়ে বেশি হয়ে থাকে, তাহলে CRM থেকে Sofia-এর সব lead ডিলিট করো","['customer_relationship_manager.delete_customer.func(customer_id=""00000025"")', 'customer_relationship_manager.delete_customer.func(customer_id=""00000051"")', 'customer_relationship_manager.delete_customer.func(customer_id=""00000021"")', 'customer_relationship_manager.delete_customer.func(customer_id=""00000013"")', 'customer_relationship_manager.delete_customer.func(customer_id=""00000116"")', 'customer_relationship_manager.delete_customer.func(customer_id=""00000010"")']","তুমি-form imperative. 'at any time since D' -> 'D থেকে এখন পর্যন্ত কোনো সময়'; 'next Friday' -> 'আগামী শুক্রবার' (as ambiguous as EN; GT = Friday of next week). leads -> 'lead' (CRM status enum, Latin, unquoted per policy §4; no English plural -s). 'in the CRM' + delete -> 'CRM থেকে ... ডিলিট' (as in T22)."
"T63.v2","I think {natural_language_metric} might have been {more_or_less} than {threshold} at any time since {natural_language_date}. Can you check and if so, delete all {assigned_to_first_name}'s leads in the CRM","আমার মনে হয় {natural_language_date} থেকে এখন পর্যন্ত কোনো এক সময় {natural_language_metric} {threshold}-এর চেয়ে {more_or_less} হয়ে থাকতে পারে। একটু চেক করে দেখো, হয়ে থাকলে CRM থেকে {assigned_to_first_name}-এর সব lead ডিলিট করে দাও","I think engaged users might have been more than 1 at any time since October 18. Can you check and if so, delete all Nadia's leads in the CRM","আমার মনে হয় 18 অক্টোবর থেকে এখন পর্যন্ত কোনো এক সময় এনগেজড ইউজার 1-এর চেয়ে বেশি হয়ে থাকতে পারে। একটু চেক করে দেখো, হয়ে থাকলে CRM থেকে Nadia-এর সব lead ডিলিট করে দাও","['customer_relationship_manager.delete_customer.func(customer_id=""00000117"")', 'customer_relationship_manager.delete_customer.func(customer_id=""00000133"")', 'customer_relationship_manager.delete_customer.func(customer_id=""00000109"")', 'customer_relationship_manager.delete_customer.func(customer_id=""00000115"")', 'customer_relationship_manager.delete_customer.func(customer_id=""00000128"")', 'customer_relationship_manager.delete_customer.func(customer_id=""00000031"")', 'customer_relationship_manager.delete_customer.func(customer_id=""00000151"")']",""
"T63.v3","can you check if {natural_language_metric} was {more_or_less} than {threshold} at any time since {natural_language_date}? If so, delete all the leads assigned to {assigned_to_first_name} in the CRM","{natural_language_date} থেকে এখন পর্যন্ত কোনো সময় {natural_language_metric} {threshold}-এর চেয়ে {more_or_less} হয়েছিল কি না একটু দেখবে? হয়ে থাকলে CRM থেকে {assigned_to_first_name}-কে অ্যাসাইন করা সব lead ডিলিট করো","can you check if engaged users was less than 11 at any time since October 10? If so, delete all the leads assigned to Lena in the CRM","10 অক্টোবর থেকে এখন পর্যন্ত কোনো সময় এনগেজড ইউজার 11-এর চেয়ে কম হয়েছিল কি না একটু দেখবে? হয়ে থাকলে CRM থেকে Lena-কে অ্যাসাইন করা সব lead ডিলিট করো","['customer_relationship_manager.delete_customer.func(customer_id=""00000187"")', 'customer_relationship_manager.delete_customer.func(customer_id=""00000076"")', 'customer_relationship_manager.delete_customer.func(customer_id=""00000188"")', 'customer_relationship_manager.delete_customer.func(customer_id=""00000034"")', 'customer_relationship_manager.delete_customer.func(customer_id=""00000180"")', 'customer_relationship_manager.delete_customer.func(customer_id=""00000017"")', 'customer_relationship_manager.delete_customer.func(customer_id=""00000063"")', 'customer_relationship_manager.delete_customer.func(customer_id=""00000177"")', 'customer_relationship_manager.delete_customer.func(customer_id=""00000113"")', 'customer_relationship_manager.delete_customer.func(customer_id=""00000015"")', 'customer_relationship_manager.delete_customer.func(customer_id=""00000110"")']","'leads assigned to X' -> 'X-কে অ্যাসাইন করা সব lead'."
"T64.v1","If {name} has any overdue tasks, book a half hour meeting with them called 'Catch up on overdue tasks' at the earliest time I'm free tomorrow and send them an email titled 'Discuss overdue tasks' saying 'I noticed you have a few overdue tasks - let's catch up tomorrow.' Otherwise email them with 'Nice work keeping on top of your tasks this sprint!' titled 'Good work this sprint'","{name}-এর যদি ডেডলাইন পেরিয়ে যাওয়া কোনো টাস্ক থাকে, তাহলে আগামীকাল আমার সবচেয়ে আগের ফাঁকা সময়ে তার সাথে ‘Catch up on overdue tasks’ নামে আধা ঘণ্টার একটা মিটিং বুক করো, আর তাকে ‘Discuss overdue tasks’ সাবজেক্ট দিয়ে একটা ইমেইল পাঠাও, যেখানে লেখা থাকবে ‘I noticed you have a few overdue tasks - let's catch up tomorrow.’ না থাকলে তাকে ‘Nice work keeping on top of your tasks this sprint!’ লিখে ‘Good work this sprint’ সাবজেক্টে ইমেইল করো","If olga has any overdue tasks, book a half hour meeting with them called 'Catch up on overdue tasks' at the earliest time I'm free tomorrow and send them an email titled 'Discuss overdue tasks' saying 'I noticed you have a few overdue tasks - let's catch up tomorrow.' Otherwise email them with 'Nice work keeping on top of your tasks this sprint!' titled 'Good work this sprint'","olga-এর যদি ডেডলাইন পেরিয়ে যাওয়া কোনো টাস্ক থাকে, তাহলে আগামীকাল আমার সবচেয়ে আগের ফাঁকা সময়ে তার সাথে ‘Catch up on overdue tasks’ নামে আধা ঘণ্টার একটা মিটিং বুক করো, আর তাকে ‘Discuss overdue tasks’ সাবজেক্ট দিয়ে একটা ইমেইল পাঠাও, যেখানে লেখা থাকবে ‘I noticed you have a few overdue tasks - let's catch up tomorrow.’ না থাকলে তাকে ‘Nice work keeping on top of your tasks this sprint!’ লিখে ‘Good work this sprint’ সাবজেক্টে ইমেইল করো","['calendar.create_event.func(event_name=""Catch up on overdue tasks"", participant_email=""olga.petrova@atlas.com"", event_start=""2023-12-01 13:00:00"", duration=""30"")', 'email.send_email.func(recipient=""olga.petrova@atlas.com"", subject=""Discuss overdue tasks"", body=""I noticed you have a few overdue tasks - let\'s catch up tomorrow."")']","Uses ‘…’ quotes for all literals in this template because the body contains an ASCII apostrophe (let's), which breaks the checker's '…' pairing; literal text unchanged. Otherwise -> 'না থাকলে'."
"T64.v2","I think {name} might have some overdue tasks. Can you check and if so, book a half hour meeting with them called 'Catch up on overdue tasks' at the earliest time I'm free tomorrow and send them an email titled 'Discuss overdue tasks' saying 'I noticed you have a few overdue tasks - let's catch up tomorrow.' Otherwise email them with 'Nice work keeping on top of your tasks this sprint!' titled 'Good work this sprint'","আমার মনে হয় {name}-এর কিছু টাস্কের ডেডলাইন পেরিয়ে গিয়ে থাকতে পারে। একটু চেক করে দেখো, থাকলে আগামীকাল আমি সবচেয়ে আগে যখন ফ্রি থাকব তখন তার সাথে ‘Catch up on overdue tasks’ নামে আধা ঘণ্টার একটা মিটিং বুক করো আর তাকে ‘Discuss overdue tasks’ সাবজেক্টে একটা ইমেইল পাঠাও, তাতে লিখবে ‘I noticed you have a few overdue tasks - let's catch up tomorrow.’ না থাকলে ‘Nice work keeping on top of your tasks this sprint!’ লিখে তাকে ‘Good work this sprint’ সাবজেক্টে একটা ইমেইল করো","I think dmitri might have some overdue tasks. Can you check and if so, book a half hour meeting with them called 'Catch up on overdue tasks' at the earliest time I'm free tomorrow and send them an email titled 'Discuss overdue tasks' saying 'I noticed you have a few overdue tasks - let's catch up tomorrow.' Otherwise email them with 'Nice work keeping on top of your tasks this sprint!' titled 'Good work this sprint'","আমার মনে হয় dmitri-এর কিছু টাস্কের ডেডলাইন পেরিয়ে গিয়ে থাকতে পারে। একটু চেক করে দেখো, থাকলে আগামীকাল আমি সবচেয়ে আগে যখন ফ্রি থাকব তখন তার সাথে ‘Catch up on overdue tasks’ নামে আধা ঘণ্টার একটা মিটিং বুক করো আর তাকে ‘Discuss overdue tasks’ সাবজেক্টে একটা ইমেইল পাঠাও, তাতে লিখবে ‘I noticed you have a few overdue tasks - let's catch up tomorrow.’ না থাকলে ‘Nice work keeping on top of your tasks this sprint!’ লিখে তাকে ‘Good work this sprint’ সাবজেক্টে একটা ইমেইল করো","['email.send_email.func(recipient=""dmitri.ivanov@atlas.com"", subject=""Good work this sprint"", body=""Nice work keeping on top of your tasks this sprint!"")']","Uses ‘…’ quotes for all literals in this template because the body contains an ASCII apostrophe (let's), which breaks the checker's '…' pairing; literal text unchanged."
"T64.v3","can you check if {name} has any overdue tasks? If so, book a 30 minute meeting with them called 'Catch up on overdue tasks' at the earliest time I'm free tomorrow and send them an email titled 'Discuss overdue tasks' saying 'I noticed you have a few overdue tasks - let's catch up tomorrow.' Otherwise send them an email saying 'Nice work keeping on top of your tasks this sprint!' titled 'Good work this sprint'","{name}-এর ডেডলাইন পেরিয়ে যাওয়া কোনো টাস্ক আছে কি না একটু দেখবে? থাকলে আগামীকাল আমার সবচেয়ে আগের ফাঁকা সময়ে তার সাথে ‘Catch up on overdue tasks’ নামে 30 মিনিটের একটা মিটিং বুক করো, আর ‘Discuss overdue tasks’ সাবজেক্ট দিয়ে তাকে একটা ইমেইল পাঠাও, লেখো ‘I noticed you have a few overdue tasks - let's catch up tomorrow.’ না থাকলে তাকে একটা ইমেইল পাঠাও, তাতে লেখা থাকবে ‘Nice work keeping on top of your tasks this sprint!’ আর সাবজেক্ট হবে ‘Good work this sprint’","can you check if carlos has any overdue tasks? If so, book a 30 minute meeting with them called 'Catch up on overdue tasks' at the earliest time I'm free tomorrow and send them an email titled 'Discuss overdue tasks' saying 'I noticed you have a few overdue tasks - let's catch up tomorrow.' Otherwise send them an email saying 'Nice work keeping on top of your tasks this sprint!' titled 'Good work this sprint'","carlos-এর ডেডলাইন পেরিয়ে যাওয়া কোনো টাস্ক আছে কি না একটু দেখবে? থাকলে আগামীকাল আমার সবচেয়ে আগের ফাঁকা সময়ে তার সাথে ‘Catch up on overdue tasks’ নামে 30 মিনিটের একটা মিটিং বুক করো, আর ‘Discuss overdue tasks’ সাবজেক্ট দিয়ে তাকে একটা ইমেইল পাঠাও, লেখো ‘I noticed you have a few overdue tasks - let's catch up tomorrow.’ না থাকলে তাকে একটা ইমেইল পাঠাও, তাতে লেখা থাকবে ‘Nice work keeping on top of your tasks this sprint!’ আর সাবজেক্ট হবে ‘Good work this sprint’","['email.send_email.func(recipient=""carlos.rodriguez@atlas.com"", subject=""Good work this sprint"", body=""Nice work keeping on top of your tasks this sprint!"")']","Uses ‘…’ quotes for all literals in this template because the body contains an ASCII apostrophe (let's), which breaks the checker's '…' pairing; literal text unchanged. Body-then-subject order of EN v3 kept."
"T65.v1","If {natural_language_metric} was {more_or_less} than {threshold} at any time since {natural_language_date} make a backlog task 'Improve {natural_language_metric}' for {name} on the front-end board with a deadline of next Friday otherwise send them an email titled 'Recent {natural_language_metric}' saying 'I noticed {natural_language_metric} has been stable, nice work!' ","{natural_language_date} থেকে এখন পর্যন্ত কোনো সময় যদি {natural_language_metric} {threshold}-এর চেয়ে {more_or_less} হয়ে থাকে, তাহলে ফ্রন্ট-এন্ড বোর্ডে {name}-এর জন্য 'Improve {natural_language_metric!en}' backlog টাস্ক বানাও, ডেডলাইন আগামী শুক্রবার; না হলে তাকে 'Recent {natural_language_metric!en}' সাবজেক্ট দিয়ে একটা ইমেইল পাঠাও, যেখানে লেখা থাকবে 'I noticed {natural_language_metric!en} has been stable, nice work!'","If total visits was less than 21 at any time since November 13 make a backlog task 'Improve total visits' for dmitri on the front-end board with a deadline of next Friday otherwise send them an email titled 'Recent total visits' saying 'I noticed total visits has been stable, nice work!' ","13 নভেম্বর থেকে এখন পর্যন্ত কোনো সময় যদি মোট ভিজিট 21-এর চেয়ে কম হয়ে থাকে, তাহলে ফ্রন্ট-এন্ড বোর্ডে dmitri-এর জন্য 'Improve total visits' backlog টাস্ক বানাও, ডেডলাইন আগামী শুক্রবার; না হলে তাকে 'Recent total visits' সাবজেক্ট দিয়ে একটা ইমেইল পাঠাও, যেখানে লেখা থাকবে 'I noticed total visits has been stable, nice work!'","['project_management.create_task.func(task_name=""Improve total visits"", board=""Front end"", assigned_to_email=""dmitri.ivanov@atlas.com"", due_date=""2023-12-08"", list_name=""Backlog"")']","তুমি-form imperative. 'at any time since D' -> 'D থেকে এখন পর্যন্ত কোনো সময়'; 'next Friday' -> 'আগামী শুক্রবার' (as ambiguous as EN; GT = Friday of next week). EN has no 'called' here, so no নামে. EN trailing space dropped. otherwise -> 'না হলে'."
"T65.v2","Was {natural_language_metric} {more_or_less} than {threshold} at any time since {natural_language_date}? If so, make a backlog task called 'Improve {natural_language_metric}' for {name} on the front-end board with a deadline of next Friday otherwise send them an email titled 'Recent {natural_language_metric}' saying 'I noticed {natural_language_metric} has been stable, nice work!'","{natural_language_date} থেকে এখন পর্যন্ত কোনো সময় কি {natural_language_metric} {threshold}-এর চেয়ে {more_or_less} হয়েছিল? হয়ে থাকলে {name}-এর জন্য ফ্রন্ট-এন্ড বোর্ডে 'Improve {natural_language_metric!en}' নামে একটা backlog টাস্ক বানাও, ডেডলাইন আগামী শুক্রবার; না হলে তাকে 'Recent {natural_language_metric!en}' সাবজেক্টে একটা ইমেইল পাঠাও, তাতে লেখো 'I noticed {natural_language_metric!en} has been stable, nice work!'","Was average session duration less than 19 at any time since October 13? If so, make a backlog task called 'Improve average session duration' for dmitri on the front-end board with a deadline of next Friday otherwise send them an email titled 'Recent average session duration' saying 'I noticed average session duration has been stable, nice work!'","13 অক্টোবর থেকে এখন পর্যন্ত কোনো সময় কি গড় সেশনের সময়কাল 19-এর চেয়ে কম হয়েছিল? হয়ে থাকলে dmitri-এর জন্য ফ্রন্ট-এন্ড বোর্ডে 'Improve average session duration' নামে একটা backlog টাস্ক বানাও, ডেডলাইন আগামী শুক্রবার; না হলে তাকে 'Recent average session duration' সাবজেক্টে একটা ইমেইল পাঠাও, তাতে লেখো 'I noticed average session duration has been stable, nice work!'","['project_management.create_task.func(task_name=""Improve average session duration"", board=""Front end"", assigned_to_email=""dmitri.ivanov@atlas.com"", due_date=""2023-12-08"", list_name=""Backlog"")']",""
"T65.v3","can you check if {natural_language_metric} was {more_or_less} than {threshold} at any time since {natural_language_date}? If so, make a task 'Improve {natural_language_metric}' for {name} on the front-end backlog with a deadline of next Friday otherwise send them an email titled 'Recent {natural_language_metric}' saying 'I noticed {natural_language_metric} has been stable, nice work!'","{natural_language_date} থেকে এখন পর্যন্ত কোনো সময় {natural_language_metric} {threshold}-এর চেয়ে {more_or_less} হয়েছিল কি না একটু দেখবে? হয়ে থাকলে ফ্রন্ট-এন্ড backlog-এ {name}-এর জন্য 'Improve {natural_language_metric!en}' টাস্ক বানাও, ডেডলাইন আগামী শুক্রবার; না হলে তাকে 'Recent {natural_language_metric!en}' সাবজেক্টে একটা ইমেইল পাঠাও, লেখো 'I noticed {natural_language_metric!en} has been stable, nice work!'","can you check if total visits was more than 10 at any time since November 19? If so, make a task 'Improve total visits' for aisha on the front-end backlog with a deadline of next Friday otherwise send them an email titled 'Recent total visits' saying 'I noticed total visits has been stable, nice work!'","19 নভেম্বর থেকে এখন পর্যন্ত কোনো সময় মোট ভিজিট 10-এর চেয়ে বেশি হয়েছিল কি না একটু দেখবে? হয়ে থাকলে ফ্রন্ট-এন্ড backlog-এ aisha-এর জন্য 'Improve total visits' টাস্ক বানাও, ডেডলাইন আগামী শুক্রবার; না হলে তাকে 'Recent total visits' সাবজেক্টে একটা ইমেইল পাঠাও, লেখো 'I noticed total visits has been stable, nice work!'","['project_management.create_task.func(task_name=""Improve total visits"", board=""Front end"", assigned_to_email=""aisha.chen@atlas.com"", due_date=""2023-12-08"", list_name=""Backlog"")']",""
"T66.v1","Check the percent growth of {natural_language_metric} since {day_of_week} and if was more than {natural_language_metric_2} make a backlog task called 'Improve {natural_language_metric_2}' for {name} on the front-end board with a deadline of next Friday. Also schedule a half-hour meeting called 'Discuss {natural_language_metric}' with them at the first time I can do tomorrow","{day_of_week} থেকে {natural_language_metric} শতকরা কত বেড়েছে দেখো, আর সেটা যদি {natural_language_metric_2}ের চেয়ে বেশি হয়, তাহলে ফ্রন্ট-এন্ড বোর্ডে {name}-এর জন্য 'Improve {natural_language_metric_2!en}' নামে একটা backlog টাস্ক বানাও, ডেডলাইন আগামী শুক্রবার। এছাড়া আগামীকাল আমি প্রথম যখন পারব তখন তার সাথে 'Discuss {natural_language_metric!en}' নামে আধা ঘণ্টার একটা মিটিংও শিডিউল করো","Check the percent growth of total visits since Wednesday and if was more than engaged users make a backlog task called 'Improve engaged users' for carlos on the front-end board with a deadline of next Friday. Also schedule a half-hour meeting called 'Discuss total visits' with them at the first time I can do tomorrow","বুধবার থেকে মোট ভিজিট শতকরা কত বেড়েছে দেখো, আর সেটা যদি এনগেজড ইউজারের চেয়ে বেশি হয়, তাহলে ফ্রন্ট-এন্ড বোর্ডে carlos-এর জন্য 'Improve engaged users' নামে একটা backlog টাস্ক বানাও, ডেডলাইন আগামী শুক্রবার। এছাড়া আগামীকাল আমি প্রথম যখন পারব তখন তার সাথে 'Discuss total visits' নামে আধা ঘণ্টার একটা মিটিংও শিডিউল করো","[]","তুমি-form imperative. 'at any time since D' -> 'D থেকে এখন পর্যন্ত কোনো সময়'; 'next Friday' -> 'আগামী শুক্রবার' (as ambiguous as EN; GT = Friday of next week). 'Also ...' as a new sentence 'এছাড়া ...' keeps EN's ambiguity about whether the meeting is conditional. 'first time I can do tomorrow' -> 'কাল আমি প্রথম যখন পারব'."
"T66.v2","can you check the percent growth of {natural_language_metric} since {day_of_week}? If it grew by more than {natural_language_metric_2} make a backlog task called 'Improve {natural_language_metric_2}' for {name} on the front-end board with a deadline of next Friday and schedule a half-hour meeting called 'Discuss {natural_language_metric}' for us at the first time I can do tomorrow","{day_of_week} থেকে {natural_language_metric} শতকরা কত বেড়েছে একটু দেখবে? যদি {natural_language_metric_2}ের চেয়ে বেশি বেড়ে থাকে, তাহলে {name}-এর জন্য ফ্রন্ট-এন্ড বোর্ডে 'Improve {natural_language_metric_2!en}' নামে একটা backlog টাস্ক বানাও, ডেডলাইন আগামী শুক্রবার, আর আগামীকাল আমি প্রথম যখন পারব তখন আমাদের জন্য 'Discuss {natural_language_metric!en}' নামে আধা ঘণ্টার একটা মিটিং শিডিউল করো","can you check the percent growth of engaged users since Wednesday? If it grew by more than total visits make a backlog task called 'Improve total visits' for yuki on the front-end board with a deadline of next Friday and schedule a half-hour meeting called 'Discuss engaged users' for us at the first time I can do tomorrow","বুধবার থেকে এনগেজড ইউজার শতকরা কত বেড়েছে একটু দেখবে? যদি মোট ভিজিটের চেয়ে বেশি বেড়ে থাকে, তাহলে yuki-এর জন্য ফ্রন্ট-এন্ড বোর্ডে 'Improve total visits' নামে একটা backlog টাস্ক বানাও, ডেডলাইন আগামী শুক্রবার, আর আগামীকাল আমি প্রথম যখন পারব তখন আমাদের জন্য 'Discuss engaged users' নামে আধা ঘণ্টার একটা মিটিং শিডিউল করো","[]","'for us' -> 'আমাদের জন্য'."
"T66.v3","please check the percent growth of {natural_language_metric} since {day_of_week}. If it grew by more than {natural_language_metric_2} make a front-end backlog task called 'Improve {natural_language_metric_2}' for {name} that's due next Friday and schedule a 30 minute meeting called 'Discuss {natural_language_metric}' for us at the earliest slot i'm free tomorrow","{day_of_week} থেকে {natural_language_metric} শতকরা কত বেড়েছে, প্লিজ একটু দেখো। যদি {natural_language_metric_2}ের চেয়ে বেশি বেড়ে থাকে, তাহলে {name}-এর জন্য 'Improve {natural_language_metric_2!en}' নামে একটা ফ্রন্ট-এন্ড backlog টাস্ক বানাও, যার ডেডলাইন আগামী শুক্রবার, আর আগামীকাল আমার সবচেয়ে আগের ফাঁকা স্লটে আমাদের জন্য 'Discuss {natural_language_metric!en}' নামে 30 মিনিটের একটা মিটিং শিডিউল করো","please check the percent growth of engaged users since Friday. If it grew by more than average session duration make a front-end backlog task called 'Improve average session duration' for kofi that's due next Friday and schedule a 30 minute meeting called 'Discuss engaged users' for us at the earliest slot i'm free tomorrow","শুক্রবার থেকে এনগেজড ইউজার শতকরা কত বেড়েছে, প্লিজ একটু দেখো। যদি গড় সেশনের সময়কালের চেয়ে বেশি বেড়ে থাকে, তাহলে kofi-এর জন্য 'Improve average session duration' নামে একটা ফ্রন্ট-এন্ড backlog টাস্ক বানাও, যার ডেডলাইন আগামী শুক্রবার, আর আগামীকাল আমার সবচেয়ে আগের ফাঁকা স্লটে আমাদের জন্য 'Discuss engaged users' নামে 30 মিনিটের একটা মিটিং শিডিউল করো","['project_management.create_task.func(task_name=""Improve average session duration"", board=""Front end"", assigned_to_email=""kofi.mensah@atlas.com"", due_date=""2023-12-08"", list_name=""Backlog"")', 'calendar.create_event.func(event_name=""Discuss engaged users"", participant_email=""kofi.mensah@atlas.com"", event_start=""2023-12-01 13:00:00"", duration=""30"")']","'please' -> প্লিজ (common in office chat). 'earliest slot' -> 'সবচেয়ে আগের ফাঁকা স্লটে'. ASCII 30 kept (GT literal)."
"T67.v1","If {natural_language_metric} was {more_or_less} than {threshold} at any time since {natural_language_date} delete {assigned_to_first_name}'s new leads in the CRM and send them an email titled 'Reprioritising'saying '{natural_language_metric} looks good, so we no longer need you finding new leads'.If not say in the email 'We need you to improve {natural_language_metric} - TBD.'","{natural_language_date} থেকে এখন পর্যন্ত কোনো সময় যদি {natural_language_metric} {threshold}-এর চেয়ে {more_or_less} হয়ে থাকে, তাহলে CRM থেকে {assigned_to_first_name}-এর নতুন lead-গুলো ডিলিট করো এবং তাকে 'Reprioritising' সাবজেক্ট দিয়ে একটা ইমেইল পাঠাও, তাতে লেখো '{natural_language_metric!en} looks good, so we no longer need you finding new leads'। না হলে ইমেইলে লেখো 'We need you to improve {natural_language_metric!en} - TBD.'","If total visits was less than 21 at any time since October 30 delete Sofia's new leads in the CRM and send them an email titled 'Reprioritising'saying 'total visits looks good, so we no longer need you finding new leads'.If not say in the email 'We need you to improve total visits - TBD.'","30 অক্টোবর থেকে এখন পর্যন্ত কোনো সময় যদি মোট ভিজিট 21-এর চেয়ে কম হয়ে থাকে, তাহলে CRM থেকে Sofia-এর নতুন lead-গুলো ডিলিট করো এবং তাকে 'Reprioritising' সাবজেক্ট দিয়ে একটা ইমেইল পাঠাও, তাতে লেখো 'total visits looks good, so we no longer need you finding new leads'। না হলে ইমেইলে লেখো 'We need you to improve total visits - TBD.'","['customer_relationship_manager.delete_customer.func(customer_id=""00000025"")', 'customer_relationship_manager.delete_customer.func(customer_id=""00000051"")', 'customer_relationship_manager.delete_customer.func(customer_id=""00000021"")', 'customer_relationship_manager.delete_customer.func(customer_id=""00000013"")', 'customer_relationship_manager.delete_customer.func(customer_id=""00000116"")', 'customer_relationship_manager.delete_customer.func(customer_id=""00000010"")', 'email.send_email.func(recipient=""sofia.santos@atlas.com"", subject=""Reprioritising"", body=""total visits looks good, so we no longer need you finding new leads"")']","তুমি-form imperative. 'at any time since D' -> 'D থেকে এখন পর্যন্ত কোনো সময়'; 'next Friday' -> 'আগামী শুক্রবার' (as ambiguous as EN; GT = Friday of next week). 'new leads' -> 'নতুন lead-গুলো' (enum Latin + hyphenated plural). EN missing spaces ('Reprioritising'saying, '.If') normalised."
"T67.v2","Was {natural_language_metric} {more_or_less} than {threshold} at any time since {natural_language_date}? If so, delete all {assigned_to_first_name}'s leads in the CRM and then send them an email titled 'Reprioritising' saying '{natural_language_metric} looks good, so we no longer need you finding new leads'. If not say in the email 'We need you to improve {natural_language_metric} - TBD.'","{natural_language_date} থেকে এখন পর্যন্ত কোনো সময় কি {natural_language_metric} {threshold}-এর চেয়ে {more_or_less} হয়েছিল? হয়ে থাকলে CRM থেকে {assigned_to_first_name}-এর সব lead ডিলিট করো, তারপর তাকে 'Reprioritising' সাবজেক্টে একটা ইমেইল পাঠাও, যেখানে লেখা থাকবে '{natural_language_metric!en} looks good, so we no longer need you finding new leads'। না হলে ইমেইলে লিখো 'We need you to improve {natural_language_metric!en} - TBD.'","Was engaged users less than 1 at any time since November 6? If so, delete all Raj's leads in the CRM and then send them an email titled 'Reprioritising' saying 'engaged users looks good, so we no longer need you finding new leads'. If not say in the email 'We need you to improve engaged users - TBD.'","6 নভেম্বর থেকে এখন পর্যন্ত কোনো সময় কি এনগেজড ইউজার 1-এর চেয়ে কম হয়েছিল? হয়ে থাকলে CRM থেকে Raj-এর সব lead ডিলিট করো, তারপর তাকে 'Reprioritising' সাবজেক্টে একটা ইমেইল পাঠাও, যেখানে লেখা থাকবে 'engaged users looks good, so we no longer need you finding new leads'। না হলে ইমেইলে লিখো 'We need you to improve engaged users - TBD.'","['email.send_email.func(recipient=""raj.patel@atlas.com"", subject=""Reprioritising"", body=""We need you to improve engaged users - TBD."")']","'and then' -> 'তারপর' keeps step order."
"T67.v3","can you check if {natural_language_metric} was {more_or_less} than {threshold} at any time since {natural_language_date}? If so, delete all the leads assigned to {assigned_to_first_name}'s in the CRM and send them an email titled 'Reprioritising' saying '{natural_language_metric} looks good, so we no longer need you finding new leads'. If not say 'We need you to improve {natural_language_metric} - TBD.'","{natural_language_date} থেকে এখন পর্যন্ত কোনো সময় {natural_language_metric} {threshold}-এর চেয়ে {more_or_less} হয়েছিল কি না একটু দেখবে? হয়ে থাকলে CRM থেকে {assigned_to_first_name}-কে অ্যাসাইন করা সব lead ডিলিট করো আর তাকে 'Reprioritising' সাবজেক্ট দিয়ে একটা ইমেইল পাঠাও, লেখো '{natural_language_metric!en} looks good, so we no longer need you finding new leads'। না হলে লেখো 'We need you to improve {natural_language_metric!en} - TBD.'","can you check if engaged users was more than 5 at any time since October 3? If so, delete all the leads assigned to Nadia's in the CRM and send them an email titled 'Reprioritising' saying 'engaged users looks good, so we no longer need you finding new leads'. If not say 'We need you to improve engaged users - TBD.'","3 অক্টোবর থেকে এখন পর্যন্ত কোনো সময় এনগেজড ইউজার 5-এর চেয়ে বেশি হয়েছিল কি না একটু দেখবে? হয়ে থাকলে CRM থেকে Nadia-কে অ্যাসাইন করা সব lead ডিলিট করো আর তাকে 'Reprioritising' সাবজেক্ট দিয়ে একটা ইমেইল পাঠাও, লেখো 'engaged users looks good, so we no longer need you finding new leads'। না হলে লেখো 'We need you to improve engaged users - TBD.'","['customer_relationship_manager.delete_customer.func(customer_id=""00000117"")', 'customer_relationship_manager.delete_customer.func(customer_id=""00000133"")', 'customer_relationship_manager.delete_customer.func(customer_id=""00000109"")', 'customer_relationship_manager.delete_customer.func(customer_id=""00000115"")', 'customer_relationship_manager.delete_customer.func(customer_id=""00000128"")', 'customer_relationship_manager.delete_customer.func(customer_id=""00000031"")', 'customer_relationship_manager.delete_customer.func(customer_id=""00000151"")', 'email.send_email.func(recipient=""nadia.moreau@atlas.com"", subject=""Reprioritising"", body=""engaged users looks good, so we no longer need you finding new leads"")']","EN v3 'If not say ...' omits 'in the email'; kept equally underspecified ('না হলে লেখো'). EN typo 'assigned to X's' not reproduced."
"T68.v1","If {natural_language_metric} was {more_or_less} than {threshold} at any time since {natural_language_date} make a backlog task 'Improve {natural_language_metric}' for {name} on the front-end board with a deadline of next Friday and schedule a half-hour meeting called 'Discuss {natural_language_metric}' for us at the first time I can do tomorrow otherwise send them an email titled 'Recent {natural_language_metric}' saying 'I noticed {natural_language_metric} has been stable, nice work!''","{natural_language_date} থেকে এখন পর্যন্ত কোনো সময় যদি {natural_language_metric} {threshold}-এর চেয়ে {more_or_less} হয়ে থাকে, তাহলে ফ্রন্ট-এন্ড বোর্ডে {name}-এর জন্য 'Improve {natural_language_metric!en}' backlog টাস্ক বানাও, ডেডলাইন আগামী শুক্রবার, আর আগামীকাল আমি প্রথম যখন পারব তখন আমাদের জন্য 'Discuss {natural_language_metric!en}' নামে আধা ঘণ্টার একটা মিটিং শিডিউল করো; না হলে তাকে 'Recent {natural_language_metric!en}' সাবজেক্ট দিয়ে একটা ইমেইল পাঠাও, যেখানে লেখা থাকবে 'I noticed {natural_language_metric!en} has been stable, nice work!'","If engaged users was less than 1 at any time since September 26 make a backlog task 'Improve engaged users' for chenwei on the front-end board with a deadline of next Friday and schedule a half-hour meeting called 'Discuss engaged users' for us at the first time I can do tomorrow otherwise send them an email titled 'Recent engaged users' saying 'I noticed engaged users has been stable, nice work!''","26 সেপ্টেম্বর থেকে এখন পর্যন্ত কোনো সময় যদি এনগেজড ইউজার 1-এর চেয়ে কম হয়ে থাকে, তাহলে ফ্রন্ট-এন্ড বোর্ডে chenwei-এর জন্য 'Improve engaged users' backlog টাস্ক বানাও, ডেডলাইন আগামী শুক্রবার, আর আগামীকাল আমি প্রথম যখন পারব তখন আমাদের জন্য 'Discuss engaged users' নামে আধা ঘণ্টার একটা মিটিং শিডিউল করো; না হলে তাকে 'Recent engaged users' সাবজেক্ট দিয়ে একটা ইমেইল পাঠাও, যেখানে লেখা থাকবে 'I noticed engaged users has been stable, nice work!'","['project_management.create_task.func(task_name=""Improve engaged users"", board=""Front end"", assigned_to_email=""chenwei.zhang@atlas.com"", due_date=""2023-12-08"", list_name=""Backlog"")', 'calendar.create_event.func(event_name=""Discuss engaged users"", participant_email=""chenwei.zhang@atlas.com"", event_start=""2023-12-01 13:00:00"", duration=""30"")']","তুমি-form imperative. 'at any time since D' -> 'D থেকে এখন পর্যন্ত কোনো সময়'; 'next Friday' -> 'আগামী শুক্রবার' (as ambiguous as EN; GT = Friday of next week). EN stray trailing apostrophe ('...nice work!'') dropped; body literal unchanged."
"T68.v2","Was {natural_language_metric} {more_or_less} than {threshold} at any time since {natural_language_date}? If so, add a task to the backlog called 'Improve {natural_language_metric}' for {name} on the front-end board with a deadline of next Friday and schedule a half hour meeting called 'Discuss {natural_language_metric}' for us at the earliest time I'm free tomorrow otherwise send them an email titled 'Recent {natural_language_metric}' saying 'I noticed {natural_language_metric} has been stable, nice work!''","{natural_language_date} থেকে এখন পর্যন্ত কোনো সময় কি {natural_language_metric} {threshold}-এর চেয়ে {more_or_less} হয়েছিল? হয়ে থাকলে ফ্রন্ট-এন্ড বোর্ডের backlog-এ {name}-এর জন্য 'Improve {natural_language_metric!en}' নামে একটা টাস্ক যোগ করো, ডেডলাইন আগামী শুক্রবার, আর আগামীকাল আমি সবচেয়ে আগে যখন ফ্রি থাকব তখন আমাদের জন্য 'Discuss {natural_language_metric!en}' নামে আধা ঘণ্টার একটা মিটিং শিডিউল করো; না হলে তাকে 'Recent {natural_language_metric!en}' সাবজেক্টে একটা ইমেইল পাঠাও, তাতে লেখো 'I noticed {natural_language_metric!en} has been stable, nice work!'","Was engaged users more than 5 at any time since September 4? If so, add a task to the backlog called 'Improve engaged users' for anaya on the front-end board with a deadline of next Friday and schedule a half hour meeting called 'Discuss engaged users' for us at the earliest time I'm free tomorrow otherwise send them an email titled 'Recent engaged users' saying 'I noticed engaged users has been stable, nice work!''","4 সেপ্টেম্বর থেকে এখন পর্যন্ত কোনো সময় কি এনগেজড ইউজার 5-এর চেয়ে বেশি হয়েছিল? হয়ে থাকলে ফ্রন্ট-এন্ড বোর্ডের backlog-এ anaya-এর জন্য 'Improve engaged users' নামে একটা টাস্ক যোগ করো, ডেডলাইন আগামী শুক্রবার, আর আগামীকাল আমি সবচেয়ে আগে যখন ফ্রি থাকব তখন আমাদের জন্য 'Discuss engaged users' নামে আধা ঘণ্টার একটা মিটিং শিডিউল করো; না হলে তাকে 'Recent engaged users' সাবজেক্টে একটা ইমেইল পাঠাও, তাতে লেখো 'I noticed engaged users has been stable, nice work!'","['project_management.create_task.func(task_name=""Improve engaged users"", board=""Front end"", assigned_to_email=""anaya.patel@atlas.com"", due_date=""2023-12-08"", list_name=""Backlog"")', 'calendar.create_event.func(event_name=""Discuss engaged users"", participant_email=""anaya.patel@atlas.com"", event_start=""2023-12-01 13:00:00"", duration=""30"")']","'add a task to the backlog' -> 'backlog-এ ... টাস্ক যোগ করো'. Stray trailing apostrophe dropped."
"T68.v3","can you check if {natural_language_metric} was {more_or_less} than {threshold} at any time since {natural_language_date}? If so, make a task 'Improve {natural_language_metric}' for {name} on the front-end backlog that's due next Friday and schedule a half-hour meeting called 'Discuss {natural_language_metric}' for us at the first time I can do tomorrow otherwise send them an email titled 'Recent {natural_language_metric}' saying 'I noticed {natural_language_metric} has been stable, nice work!''","{natural_language_date} থেকে এখন পর্যন্ত কোনো সময় {natural_language_metric} {threshold}-এর চেয়ে {more_or_less} হয়েছিল কি না একটু দেখবে? হয়ে থাকলে ফ্রন্ট-এন্ড backlog-এ {name}-এর জন্য 'Improve {natural_language_metric!en}' টাস্ক বানাও, যার ডেডলাইন আগামী শুক্রবার, আর আগামীকাল আমি প্রথম যখন পারব তখন আমাদের জন্য 'Discuss {natural_language_metric!en}' নামে আধা ঘণ্টার একটা মিটিং শিডিউল করো; না হলে তাকে 'Recent {natural_language_metric!en}' সাবজেক্টে একটা ইমেইল পাঠাও, লেখো 'I noticed {natural_language_metric!en} has been stable, nice work!'","can you check if total visits was less than 10 at any time since October 8? If so, make a task 'Improve total visits' for luis on the front-end backlog that's due next Friday and schedule a half-hour meeting called 'Discuss total visits' for us at the first time I can do tomorrow otherwise send them an email titled 'Recent total visits' saying 'I noticed total visits has been stable, nice work!''","8 অক্টোবর থেকে এখন পর্যন্ত কোনো সময় মোট ভিজিট 10-এর চেয়ে কম হয়েছিল কি না একটু দেখবে? হয়ে থাকলে ফ্রন্ট-এন্ড backlog-এ luis-এর জন্য 'Improve total visits' টাস্ক বানাও, যার ডেডলাইন আগামী শুক্রবার, আর আগামীকাল আমি প্রথম যখন পারব তখন আমাদের জন্য 'Discuss total visits' নামে আধা ঘণ্টার একটা মিটিং শিডিউল করো; না হলে তাকে 'Recent total visits' সাবজেক্টে একটা ইমেইল পাঠাও, লেখো 'I noticed total visits has been stable, nice work!'","['project_management.create_task.func(task_name=""Improve total visits"", board=""Front end"", assigned_to_email=""luis.ortiz@atlas.com"", due_date=""2023-12-08"", list_name=""Backlog"")', 'calendar.create_event.func(event_name=""Discuss total visits"", participant_email=""luis.ortiz@atlas.com"", event_start=""2023-12-01 13:00:00"", duration=""30"")']","Stray trailing apostrophe dropped."
"T69.v1","If {natural_language_metric} was {more_or_less} than {threshold} at any time since {natural_language_date} make a backlog task called 'Improve {natural_language_metric}' for {name} on the front-end board with a deadline of next Friday and book a half-hour meeting for us called 'Discuss {natural_language_metric}' at the earliest time I'm free tomorrow. otherwise send them an email titled 'New leads for you' saying '{natural_language_metric} looks good, so there are new leads for you' and then give them all {assigned_to_first_name}'s leads in the CRM","{natural_language_date} থেকে এখন পর্যন্ত কোনো সময় যদি {natural_language_metric} {threshold}-এর চেয়ে {more_or_less} হয়ে থাকে, তাহলে ফ্রন্ট-এন্ড বোর্ডে {name}-এর জন্য 'Improve {natural_language_metric!en}' নামে একটা backlog টাস্ক বানাও, ডেডলাইন আগামী শুক্রবার, আর আগামীকাল আমার সবচেয়ে আগের ফাঁকা সময়ে আমাদের জন্য 'Discuss {natural_language_metric!en}' নামে আধা ঘণ্টার একটা মিটিং বুক করো। না হলে তাকে 'New leads for you' সাবজেক্ট দিয়ে একটা ইমেইল পাঠাও, লেখো '{natural_language_metric!en} looks good, so there are new leads for you', তারপর CRM-এ {assigned_to_first_name}-এর সব lead তাকে দিয়ে দাও","If total visits was more than 10 at any time since October 1 make a backlog task called 'Improve total visits' for fatima on the front-end board with a deadline of next Friday and book a half-hour meeting for us called 'Discuss total visits' at the earliest time I'm free tomorrow. otherwise send them an email titled 'New leads for you' saying 'total visits looks good, so there are new leads for you' and then give them all Nadia's leads in the CRM","1 অক্টোবর থেকে এখন পর্যন্ত কোনো সময় যদি মোট ভিজিট 10-এর চেয়ে বেশি হয়ে থাকে, তাহলে ফ্রন্ট-এন্ড বোর্ডে fatima-এর জন্য 'Improve total visits' নামে একটা backlog টাস্ক বানাও, ডেডলাইন আগামী শুক্রবার, আর আগামীকাল আমার সবচেয়ে আগের ফাঁকা সময়ে আমাদের জন্য 'Discuss total visits' নামে আধা ঘণ্টার একটা মিটিং বুক করো। না হলে তাকে 'New leads for you' সাবজেক্ট দিয়ে একটা ইমেইল পাঠাও, লেখো 'total visits looks good, so there are new leads for you', তারপর CRM-এ Nadia-এর সব lead তাকে দিয়ে দাও","['project_management.create_task.func(task_name=""Improve total visits"", board=""Front end"", assigned_to_email=""fatima.khan@atlas.com"", due_date=""2023-12-08"", list_name=""Backlog"")', 'calendar.create_event.func(event_name=""Discuss total visits"", participant_email=""fatima.khan@atlas.com"", event_start=""2023-12-01 13:00:00"", duration=""30"")']","তুমি-form imperative. 'at any time since D' -> 'D থেকে এখন পর্যন্ত কোনো সময়'; 'next Friday' -> 'আগামী শুক্রবার' (as ambiguous as EN; GT = Friday of next week). 'give them all X's leads' -> 'X-এর সব lead তাকে দিয়ে দাও' (reassign; as vague as EN). 'X's leads in the CRM' -> 'CRM-এ X-এর সব lead'."
"T69.v2","Was {natural_language_metric} {more_or_less} than {threshold} at any time since {natural_language_date}? If so, make a backlog task called 'Improve {natural_language_metric}' for {name} on the front-end board with a deadline of next Friday and book a 30 minute meeting for us called 'Discuss {natural_language_metric}' at the earliest time I'm free tomorrow. otherwise send them an email and title it 'New leads for you' saying '{natural_language_metric} looks good, so there are new leads for you' and then give them all {assigned_to_first_name}'s leads in the CRM","{natural_language_date} থেকে এখন পর্যন্ত কোনো সময় কি {natural_language_metric} {threshold}-এর চেয়ে {more_or_less} হয়েছিল? হয়ে থাকলে {name}-এর জন্য ফ্রন্ট-এন্ড বোর্ডে 'Improve {natural_language_metric!en}' নামে একটা backlog টাস্ক বানাও, ডেডলাইন আগামী শুক্রবার, আর আগামীকাল আমি সবচেয়ে আগে যখন ফ্রি থাকব তখন আমাদের জন্য 'Discuss {natural_language_metric!en}' নামে 30 মিনিটের একটা মিটিং বুক করো। না হলে তাকে একটা ইমেইল পাঠাও, সাবজেক্ট দাও 'New leads for you', তাতে লেখো '{natural_language_metric!en} looks good, so there are new leads for you', তারপর CRM-এ {assigned_to_first_name}-এর সব lead তাকে দিয়ে দাও","Was total visits more than 21 at any time since November 12? If so, make a backlog task called 'Improve total visits' for anaya on the front-end board with a deadline of next Friday and book a 30 minute meeting for us called 'Discuss total visits' at the earliest time I'm free tomorrow. otherwise send them an email and title it 'New leads for you' saying 'total visits looks good, so there are new leads for you' and then give them all Lena's leads in the CRM","12 নভেম্বর থেকে এখন পর্যন্ত কোনো সময় কি মোট ভিজিট 21-এর চেয়ে বেশি হয়েছিল? হয়ে থাকলে anaya-এর জন্য ফ্রন্ট-এন্ড বোর্ডে 'Improve total visits' নামে একটা backlog টাস্ক বানাও, ডেডলাইন আগামী শুক্রবার, আর আগামীকাল আমি সবচেয়ে আগে যখন ফ্রি থাকব তখন আমাদের জন্য 'Discuss total visits' নামে 30 মিনিটের একটা মিটিং বুক করো। না হলে তাকে একটা ইমেইল পাঠাও, সাবজেক্ট দাও 'New leads for you', তাতে লেখো 'total visits looks good, so there are new leads for you', তারপর CRM-এ Lena-এর সব lead তাকে দিয়ে দাও","['customer_relationship_manager.update_customer.func(customer_id=""00000187"", field=""assigned_to_email"", new_value=""anaya.patel@atlas.com"")', 'customer_relationship_manager.update_customer.func(customer_id=""00000076"", field=""assigned_to_email"", new_value=""anaya.patel@atlas.com"")', 'customer_relationship_manager.update_customer.func(customer_id=""00000188"", field=""assigned_to_email"", new_value=""anaya.patel@atlas.com"")', 'customer_relationship_manager.update_customer.func(customer_id=""00000034"", field=""assigned_to_email"", new_value=""anaya.patel@atlas.com"")', 'customer_relationship_manager.update_customer.func(customer_id=""00000180"", field=""assigned_to_email"", new_value=""anaya.patel@atlas.com"")', 'customer_relationship_manager.update_customer.func(customer_id=""00000017"", field=""assigned_to_email"", new_value=""anaya.patel@atlas.com"")', 'customer_relationship_manager.update_customer.func(customer_id=""00000063"", field=""assigned_to_email"", new_value=""anaya.patel@atlas.com"")', 'customer_relationship_manager.update_customer.func(customer_id=""00000177"", field=""assigned_to_email"", new_value=""anaya.patel@atlas.com"")', 'customer_relationship_manager.update_customer.func(customer_id=""00000113"", field=""assigned_to_email"", new_value=""anaya.patel@atlas.com"")', 'customer_relationship_manager.update_customer.func(customer_id=""00000015"", field=""assigned_to_email"", new_value=""anaya.patel@atlas.com"")', 'customer_relationship_manager.update_customer.func(customer_id=""00000110"", field=""assigned_to_email"", new_value=""anaya.patel@atlas.com"")', 'email.send_email.func(recipient=""anaya.patel@atlas.com"", subject=""New leads for you"", body=""total visits looks good, so there are new leads for you"")']","'title it' -> 'সাবজেক্ট দাও'. ASCII 30 kept (GT literal)."
"T69.v3","can you check if {natural_language_metric} was {more_or_less} than {threshold} at any time since {natural_language_date}? If so, make a task for {name} on the backlog called 'Improve {natural_language_metric}' on the front-end board that's due next Friday and book a half-hour meeting for us called 'Discuss {natural_language_metric}' at the earliest time I can do tomorrow. otherwise send them an email titled 'New leads for you' saying '{natural_language_metric} looks good, so there are new leads for you' and then give them all {assigned_to_first_name}'s leads in the CRM","{natural_language_date} থেকে এখন পর্যন্ত কোনো সময় {natural_language_metric} {threshold}-এর চেয়ে {more_or_less} হয়েছিল কি না একটু দেখবে? হয়ে থাকলে ফ্রন্ট-এন্ড বোর্ডের backlog-এ {name}-এর জন্য 'Improve {natural_language_metric!en}' নামে একটা টাস্ক বানাও, যার ডেডলাইন আগামী শুক্রবার, আর আগামীকাল আমি প্রথম যখন পারব তখন আমাদের জন্য 'Discuss {natural_language_metric!en}' নামে আধা ঘণ্টার একটা মিটিং বুক করো। না হলে তাকে 'New leads for you' সাবজেক্টে একটা ইমেইল পাঠাও, লেখো '{natural_language_metric!en} looks good, so there are new leads for you', তারপর CRM-এ {assigned_to_first_name}-এর সব lead তাকে দিয়ে দাও","can you check if average session duration was more than 41 at any time since November 20? If so, make a task for chenwei on the backlog called 'Improve average session duration' on the front-end board that's due next Friday and book a half-hour meeting for us called 'Discuss average session duration' at the earliest time I can do tomorrow. otherwise send them an email titled 'New leads for you' saying 'average session duration looks good, so there are new leads for you' and then give them all Nadia's leads in the CRM","20 নভেম্বর থেকে এখন পর্যন্ত কোনো সময় গড় সেশনের সময়কাল 41-এর চেয়ে বেশি হয়েছিল কি না একটু দেখবে? হয়ে থাকলে ফ্রন্ট-এন্ড বোর্ডের backlog-এ chenwei-এর জন্য 'Improve average session duration' নামে একটা টাস্ক বানাও, যার ডেডলাইন আগামী শুক্রবার, আর আগামীকাল আমি প্রথম যখন পারব তখন আমাদের জন্য 'Discuss average session duration' নামে আধা ঘণ্টার একটা মিটিং বুক করো। না হলে তাকে 'New leads for you' সাবজেক্টে একটা ইমেইল পাঠাও, লেখো 'average session duration looks good, so there are new leads for you', তারপর CRM-এ Nadia-এর সব lead তাকে দিয়ে দাও","['customer_relationship_manager.update_customer.func(customer_id=""00000117"", field=""assigned_to_email"", new_value=""chenwei.zhang@atlas.com"")', 'customer_relationship_manager.update_customer.func(customer_id=""00000133"", field=""assigned_to_email"", new_value=""chenwei.zhang@atlas.com"")', 'customer_relationship_manager.update_customer.func(customer_id=""00000109"", field=""assigned_to_email"", new_value=""chenwei.zhang@atlas.com"")', 'customer_relationship_manager.update_customer.func(customer_id=""00000115"", field=""assigned_to_email"", new_value=""chenwei.zhang@atlas.com"")', 'customer_relationship_manager.update_customer.func(customer_id=""00000128"", field=""assigned_to_email"", new_value=""chenwei.zhang@atlas.com"")', 'customer_relationship_manager.update_customer.func(customer_id=""00000031"", field=""assigned_to_email"", new_value=""chenwei.zhang@atlas.com"")', 'customer_relationship_manager.update_customer.func(customer_id=""00000151"", field=""assigned_to_email"", new_value=""chenwei.zhang@atlas.com"")', 'email.send_email.func(recipient=""chenwei.zhang@atlas.com"", subject=""New leads for you"", body=""average session duration looks good, so there are new leads for you"")']","'earliest time I can do' -> 'আমি প্রথম যখন পারব'."
