source_file,row_idx,base_template,chosen_template,slot,value
email,0,Delete my last email from {name},Delete my last email from {name},name,nadia
email,1,Delete my last email from {name},Delete my last email from {name},name,sofia
email,2,Delete my last email from {name},Delete my last email from {name},name,anaya
email,3,Delete my last email from {name},{name} just sent me an email that I need to delete. Can you get rid of of the most recent email they sent me?,name,nadia
email,4,Delete my last email from {name},Delete my last email from {name},name,yuki
email,5,Delete my last email from {name},I need to delete my last email from {name}. Can you do that?,name,leila
email,6,Delete my last email from {name},Delete my last email from {name},name,chenwei
email,7,Delete my last email from {name},Delete my last email from {name},name,kofi
email,8,Delete my last email from {name},{name} just sent me an email that I need to delete. Can you get rid of of the most recent email they sent me?,name,anaya
email,9,Delete my last email from {name},Delete my last email from {name},name,jinsoo
email,10,Delete all my emails from {name} from the last {days} days,All my emails from {name} from the last {days} days need to be deleted. Can you do that?,name,yuki
email,10,Delete all my emails from {name} from the last {days} days,All my emails from {name} from the last {days} days need to be deleted. Can you do that?,days,3
email,11,Delete all my emails from {name} from the last {days} days,Delete all my emails from {name} from the last {days} days,name,yuki
email,11,Delete all my emails from {name} from the last {days} days,Delete all my emails from {name} from the last {days} days,days,5
email,12,Delete all my emails from {name} from the last {days} days,I need to get rid of all my emails from {name} from the last {days} days. Can you do delete them?,name,amir
email,12,Delete all my emails from {name} from the last {days} days,I need to get rid of all my emails from {name} from the last {days} days. Can you do delete them?,days,6
email,13,Delete all my emails from {name} from the last {days} days,All my emails from {name} from the last {days} days need to be deleted. Can you do that?,name,santiago
email,13,Delete all my emails from {name} from the last {days} days,All my emails from {name} from the last {days} days need to be deleted. Can you do that?,days,3
email,14,Delete all my emails from {name} from the last {days} days,I need to get rid of all my emails from {name} from the last {days} days. Can you do delete them?,name,nia
email,14,Delete all my emails from {name} from the last {days} days,I need to get rid of all my emails from {name} from the last {days} days. Can you do delete them?,days,4
email,15,Delete all my emails from {name} from the last {days} days,I need to get rid of all my emails from {name} from the last {days} days. Can you do delete them?,name,raj
email,15,Delete all my emails from {name} from the last {days} days,I need to get rid of all my emails from {name} from the last {days} days. Can you do delete them?,days,3
email,16,Delete all my emails from {name} from the last {days} days,I need to get rid of all my emails from {name} from the last {days} days. Can you do delete them?,name,nadia
email,16,Delete all my emails from {name} from the last {days} days,I need to get rid of all my emails from {name} from the last {days} days. Can you do delete them?,days,2
email,17,Delete all my emails from {name} from the last {days} days,I need to get rid of all my emails from {name} from the last {days} days. Can you do delete them?,name,nadia
email,17,Delete all my emails from {name} from the last {days} days,I need to get rid of all my emails from {name} from the last {days} days. Can you do delete them?,days,4
email,18,Delete all my emails from {name} from the last {days} days,Delete all my emails from {name} from the last {days} days,name,jinsoo
email,18,Delete all my emails from {name} from the last {days} days,Delete all my emails from {name} from the last {days} days,days,4
email,19,Delete all my emails from {name} from the last {days} days,Delete all my emails from {name} from the last {days} days,name,amir
email,19,Delete all my emails from {name} from the last {days} days,Delete all my emails from {name} from the last {days} days,days,6
email,20,Send an email to {name} saying '{body}' and title it '{subject}',I need to send an email to {name} saying '{body}' and title it '{subject}'. Can you do that?,name,kofi
email,20,Send an email to {name} saying '{body}' and title it '{subject}',I need to send an email to {name} saying '{body}' and title it '{subject}'. Can you do that?,body,"Hey kofi,

I wanted to let you know that I've completed the tasks for the status briefing. Looking forward to your feedback.

Cheers,

Sam"
email,20,Send an email to {name} saying '{body}' and title it '{subject}',I need to send an email to {name} saying '{body}' and title it '{subject}'. Can you do that?,subject,Task Update on Improve UX of onboarding process
email,21,Send an email to {name} saying '{body}' and title it '{subject}',please send an email to {name} saying '{body}' and title it '{subject}',name,jinsoo
email,21,Send an email to {name} saying '{body}' and title it '{subject}',please send an email to {name} saying '{body}' and title it '{subject}',body,"Hi jinsoo,

Starting on 'Create wireframe for homepage' today. Any preliminary thoughts or resources you recommend before I dive in?

Best,

Sam"
email,21,Send an email to {name} saying '{body}' and title it '{subject}',please send an email to {name} saying '{body}' and title it '{subject}',subject,Task Update on Design logo for website
email,22,Send an email to {name} saying '{body}' and title it '{subject}',I need to send an email to {name} saying '{body}' and title it '{subject}'. Can you do that?,name,dmitri
email,22,Send an email to {name} saying '{body}' and title it '{subject}',I need to send an email to {name} saying '{body}' and title it '{subject}'. Can you do that?,body,"Hey dmitri,

Encountered a few challenges while working on the Innovation and Creativity Hackathon. Could use your advice.

Thanks,

Sam"
email,22,Send an email to {name} saying '{body}' and title it '{subject}',I need to send an email to {name} saying '{body}' and title it '{subject}'. Can you do that?,subject,Update on performance evaluation
email,23,Send an email to {name} saying '{body}' and title it '{subject}',I need to send an email to {name} saying '{body}' and title it '{subject}'. Can you do that?,name,chenwei
email,23,Send an email to {name} saying '{body}' and title it '{subject}',I need to send an email to {name} saying '{body}' and title it '{subject}'. Can you do that?,body,"chenwei,

I wanted to let you know that I've completed the tasks for the daily stand-up. Looking forward to your feedback.

Thanks,

Sam"
email,23,Send an email to {name} saying '{body}' and title it '{subject}',I need to send an email to {name} saying '{body}' and title it '{subject}'. Can you do that?,subject,Update on daily stand-up
email,24,Send an email to {name} saying '{body}' and title it '{subject}',Send an email to {name} saying '{body}' and title it '{subject}',name,lena
email,24,Send an email to {name} saying '{body}' and title it '{subject}',Send an email to {name} saying '{body}' and title it '{subject}',body,"lena,

I've been assigned 'Develop prototype for report generation'. Excited to work on this and confident it will greatly improve our backend efficiency.

Cheers,

Sam"
email,24,Send an email to {name} saying '{body}' and title it '{subject}',Send an email to {name} saying '{body}' and title it '{subject}',subject,Task Update on Create wireframe for homepage
email,25,Send an email to {name} saying '{body}' and title it '{subject}',please send an email to {name} saying '{body}' and title it '{subject}',name,nadia
email,25,Send an email to {name} saying '{body}' and title it '{subject}',please send an email to {name} saying '{body}' and title it '{subject}',body,"nadia,

I've been assigned 'Develop prototype for report generation'. Excited to work on this and confident it will greatly improve our backend efficiency.

Cheers,

Sam"
email,25,Send an email to {name} saying '{body}' and title it '{subject}',please send an email to {name} saying '{body}' and title it '{subject}',subject,Task Update on Create wireframe for homepage
email,26,Send an email to {name} saying '{body}' and title it '{subject}',I need to send an email to {name} saying '{body}' and title it '{subject}'. Can you do that?,name,amir
email,26,Send an email to {name} saying '{body}' and title it '{subject}',I need to send an email to {name} saying '{body}' and title it '{subject}'. Can you do that?,body,"amir,

Regarding task 'Add authentication for email notification', I've made significant progress but have hit a snag with UI responsiveness. Could use a brainstorm session.

Additionally, I wanted to touch base on some other areas we've been focusing on lately. Our team has been working tirelessly on improving our project management workflows and enhancing collaboration across departments. This effort includes adopting new tools, refining our communication strategies, and ensuring that all team members are fully aligned with our objectifs.

Regards,

Sam"
email,26,Send an email to {name} saying '{body}' and title it '{subject}',I need to send an email to {name} saying '{body}' and title it '{subject}'. Can you do that?,subject,Update on status briefing
email,27,Send an email to {name} saying '{body}' and title it '{subject}',please send an email to {name} saying '{body}' and title it '{subject}',name,aisha
email,27,Send an email to {name} saying '{body}' and title it '{subject}',please send an email to {name} saying '{body}' and title it '{subject}',body,"Hi aisha,

I have some ideas for the Machine Learning Chat that I'd like to run by you. When are you free?

Best,

Sam"
email,27,Send an email to {name} saying '{body}' and title it '{subject}',please send an email to {name} saying '{body}' and title it '{subject}',subject,Update on Innovation and Creativity Hackathon
email,28,Send an email to {name} saying '{body}' and title it '{subject}',I need to send an email to {name} saying '{body}' and title it '{subject}'. Can you do that?,name,dmitri
email,28,Send an email to {name} saying '{body}' and title it '{subject}',I need to send an email to {name} saying '{body}' and title it '{subject}'. Can you do that?,body,"Hey dmitri,

I have some ideas for the process review that I'd like to run by you. When are you free?

Thanks,

Sam"
email,28,Send an email to {name} saying '{body}' and title it '{subject}',I need to send an email to {name} saying '{body}' and title it '{subject}'. Can you do that?,subject,Update on Product Launch Analysis
email,29,Send an email to {name} saying '{body}' and title it '{subject}',I need to send an email to {name} saying '{body}' and title it '{subject}'. Can you do that?,name,kofi
email,29,Send an email to {name} saying '{body}' and title it '{subject}',I need to send an email to {name} saying '{body}' and title it '{subject}'. Can you do that?,body,"Hi kofi,

I've been assigned 'Fix bug in user management module'. Excited to work on this and confident it will greatly improve our backend efficiency.

Thanks,

Sam"
email,29,Send an email to {name} saying '{body}' and title it '{subject}',I need to send an email to {name} saying '{body}' and title it '{subject}'. Can you do that?,subject,Update on Corporate Social Responsibility Initiative
email,30,Reply to {name}'s last email about '{subject}' with 'Thanks for the update - I will get back to you tomorrow.',I need to get back to {name}'s last email about '{subject}' with 'Thanks for the update - I will get back to you tomorrow. Can you send the reply for me?,name,yuki
email,30,Reply to {name}'s last email about '{subject}' with 'Thanks for the update - I will get back to you tomorrow.',I need to get back to {name}'s last email about '{subject}' with 'Thanks for the update - I will get back to you tomorrow. Can you send the reply for me?,subject,Update on Client Appreciation Gala
email,31,Reply to {name}'s last email about '{subject}' with 'Thanks for the update - I will get back to you tomorrow.',Reply to {name}'s last email about '{subject}' with 'Thanks for the update - I will get back to you tomorrow.',name,yuki
email,31,Reply to {name}'s last email about '{subject}' with 'Thanks for the update - I will get back to you tomorrow.',Reply to {name}'s last email about '{subject}' with 'Thanks for the update - I will get back to you tomorrow.',subject,Update on Corporate Social Responsibility Initiative
email,32,Reply to {name}'s last email about '{subject}' with 'Thanks for the update - I will get back to you tomorrow.',I need to get back to {name}'s last email about '{subject}' with 'Thanks for the update - I will get back to you tomorrow. Can you send the reply for me?,name,dmitri
email,32,Reply to {name}'s last email about '{subject}' with 'Thanks for the update - I will get back to you tomorrow.',I need to get back to {name}'s last email about '{subject}' with 'Thanks for the update - I will get back to you tomorrow. Can you send the reply for me?,subject,Update on team coordination meeting
email,33,Reply to {name}'s last email about '{subject}' with 'Thanks for the update - I will get back to you tomorrow.',Reply to {name}'s last email about '{subject}' with 'Thanks for the update - I will get back to you tomorrow.',name,anaya
email,33,Reply to {name}'s last email about '{subject}' with 'Thanks for the update - I will get back to you tomorrow.',Reply to {name}'s last email about '{subject}' with 'Thanks for the update - I will get back to you tomorrow.',subject,Update on Innovation and Creativity Hackathon
email,34,Reply to {name}'s last email about '{subject}' with 'Thanks for the update - I will get back to you tomorrow.',I need to get back to {name}'s last email about '{subject}' with 'Thanks for the update - I will get back to you tomorrow. Can you send the reply for me?,name,amir
email,34,Reply to {name}'s last email about '{subject}' with 'Thanks for the update - I will get back to you tomorrow.',I need to get back to {name}'s last email about '{subject}' with 'Thanks for the update - I will get back to you tomorrow. Can you send the reply for me?,subject,Update on Risk Management Forum
email,35,Reply to {name}'s last email about '{subject}' with 'Thanks for the update - I will get back to you tomorrow.',Reply to {name}'s last email about '{subject}' with 'Thanks for the update - I will get back to you tomorrow.',name,nia
email,35,Reply to {name}'s last email about '{subject}' with 'Thanks for the update - I will get back to you tomorrow.',Reply to {name}'s last email about '{subject}' with 'Thanks for the update - I will get back to you tomorrow.',subject,Task Update on Design logo for website
email,36,Reply to {name}'s last email about '{subject}' with 'Thanks for the update - I will get back to you tomorrow.',I need to get back to {name}'s last email about '{subject}' with 'Thanks for the update - I will get back to you tomorrow. Can you send the reply for me?,name,lena
email,36,Reply to {name}'s last email about '{subject}' with 'Thanks for the update - I will get back to you tomorrow.',I need to get back to {name}'s last email about '{subject}' with 'Thanks for the update - I will get back to you tomorrow. Can you send the reply for me?,subject,Update on Leadership Training Workshop
email,37,Reply to {name}'s last email about '{subject}' with 'Thanks for the update - I will get back to you tomorrow.',Reply to {name}'s last email about '{subject}' with 'Thanks for the update - I will get back to you tomorrow.',name,raj
email,37,Reply to {name}'s last email about '{subject}' with 'Thanks for the update - I will get back to you tomorrow.',Reply to {name}'s last email about '{subject}' with 'Thanks for the update - I will get back to you tomorrow.',subject,Update on IT Systems Update Briefing
email,38,Reply to {name}'s last email about '{subject}' with 'Thanks for the update - I will get back to you tomorrow.',Reply to {name}'s last email about '{subject}' with 'Thanks for the update - I will get back to you tomorrow.',name,chenwei
email,38,Reply to {name}'s last email about '{subject}' with 'Thanks for the update - I will get back to you tomorrow.',Reply to {name}'s last email about '{subject}' with 'Thanks for the update - I will get back to you tomorrow.',subject,Task Update on Develop prototype for login system
email,39,Reply to {name}'s last email about '{subject}' with 'Thanks for the update - I will get back to you tomorrow.',Reply to {name}'s last email about '{subject}' with 'Thanks for the update - I will get back to you tomorrow.',name,yuki
email,39,Reply to {name}'s last email about '{subject}' with 'Thanks for the update - I will get back to you tomorrow.',Reply to {name}'s last email about '{subject}' with 'Thanks for the update - I will get back to you tomorrow.',subject,Task Update on Add authentication for email notification
email,40,Forward all the emails from {name} last week about '{subject}' to {recipient_name},{recipient_name} needs all the emails from {name} last week about '{subject}'. Can you forward them?,recipient_name,carlos
email,40,Forward all the emails from {name} last week about '{subject}' to {recipient_name},{recipient_name} needs all the emails from {name} last week about '{subject}'. Can you forward them?,name,chenwei
email,40,Forward all the emails from {name} last week about '{subject}' to {recipient_name},{recipient_name} needs all the emails from {name} last week about '{subject}'. Can you forward them?,subject,Update on Supply Chain Enhancement Workshop
email,41,Forward all the emails from {name} last week about '{subject}' to {recipient_name},can you forward all the emails from {name} last week about '{subject}' to {recipient_name},name,anaya
email,41,Forward all the emails from {name} last week about '{subject}' to {recipient_name},can you forward all the emails from {name} last week about '{subject}' to {recipient_name},subject,Update on Board of Directors Conclave
email,41,Forward all the emails from {name} last week about '{subject}' to {recipient_name},can you forward all the emails from {name} last week about '{subject}' to {recipient_name},recipient_name,nadia
email,42,Forward all the emails from {name} last week about '{subject}' to {recipient_name},{recipient_name} needs all the emails from {name} last week about '{subject}'. Can you forward them?,recipient_name,nia
email,42,Forward all the emails from {name} last week about '{subject}' to {recipient_name},{recipient_name} needs all the emails from {name} last week about '{subject}'. Can you forward them?,name,sofia
email,42,Forward all the emails from {name} last week about '{subject}' to {recipient_name},{recipient_name} needs all the emails from {name} last week about '{subject}'. Can you forward them?,subject,Update on Risk Management Forum
email,43,Forward all the emails from {name} last week about '{subject}' to {recipient_name},{recipient_name} needs all the emails from {name} last week about '{subject}'. Can you forward them?,recipient_name,chenwei
email,43,Forward all the emails from {name} last week about '{subject}' to {recipient_name},{recipient_name} needs all the emails from {name} last week about '{subject}'. Can you forward them?,name,nadia
email,43,Forward all the emails from {name} last week about '{subject}' to {recipient_name},{recipient_name} needs all the emails from {name} last week about '{subject}'. Can you forward them?,subject,Task Update on Improve UX of feedback submission
email,44,Forward all the emails from {name} last week about '{subject}' to {recipient_name},Forward all the emails from {name} last week about '{subject}' to {recipient_name},name,fatima
email,44,Forward all the emails from {name} last week about '{subject}' to {recipient_name},Forward all the emails from {name} last week about '{subject}' to {recipient_name},subject,Task Update on Develop prototype for report generation
email,44,Forward all the emails from {name} last week about '{subject}' to {recipient_name},Forward all the emails from {name} last week about '{subject}' to {recipient_name},recipient_name,anaya
email,45,Forward all the emails from {name} last week about '{subject}' to {recipient_name},Forward all the emails from {name} last week about '{subject}' to {recipient_name},name,anaya
email,45,Forward all the emails from {name} last week about '{subject}' to {recipient_name},Forward all the emails from {name} last week about '{subject}' to {recipient_name},subject,Update on status briefing
email,45,Forward all the emails from {name} last week about '{subject}' to {recipient_name},Forward all the emails from {name} last week about '{subject}' to {recipient_name},recipient_name,amir
email,46,Forward all the emails from {name} last week about '{subject}' to {recipient_name},Forward all the emails from {name} last week about '{subject}' to {recipient_name},name,sofia
email,46,Forward all the emails from {name} last week about '{subject}' to {recipient_name},Forward all the emails from {name} last week about '{subject}' to {recipient_name},subject,Task Update on Improve UX of onboarding process
email,46,Forward all the emails from {name} last week about '{subject}' to {recipient_name},Forward all the emails from {name} last week about '{subject}' to {recipient_name},recipient_name,amir
email,47,Forward all the emails from {name} last week about '{subject}' to {recipient_name},Forward all the emails from {name} last week about '{subject}' to {recipient_name},name,amir
email,47,Forward all the emails from {name} last week about '{subject}' to {recipient_name},Forward all the emails from {name} last week about '{subject}' to {recipient_name},subject,Task Update on Update brand colors in website
email,47,Forward all the emails from {name} last week about '{subject}' to {recipient_name},Forward all the emails from {name} last week about '{subject}' to {recipient_name},recipient_name,yuki
email,48,Forward all the emails from {name} last week about '{subject}' to {recipient_name},Forward all the emails from {name} last week about '{subject}' to {recipient_name},name,akira
email,48,Forward all the emails from {name} last week about '{subject}' to {recipient_name},Forward all the emails from {name} last week about '{subject}' to {recipient_name},subject,Update on Client Appreciation Gala
email,48,Forward all the emails from {name} last week about '{subject}' to {recipient_name},Forward all the emails from {name} last week about '{subject}' to {recipient_name},recipient_name,kofi
email,49,Forward all the emails from {name} last week about '{subject}' to {recipient_name},{recipient_name} needs all the emails from {name} last week about '{subject}'. Can you forward them?,recipient_name,carlos
email,49,Forward all the emails from {name} last week about '{subject}' to {recipient_name},{recipient_name} needs all the emails from {name} last week about '{subject}'. Can you forward them?,name,nia
email,49,Forward all the emails from {name} last week about '{subject}' to {recipient_name},{recipient_name} needs all the emails from {name} last week about '{subject}'. Can you forward them?,subject,Update on introductory call
email,50,Forward the latest email about '{subject}' to {recipient_name},Forward the latest email about '{subject}' to {recipient_name},subject,Task Update on Add authentication for email notification
email,50,Forward the latest email about '{subject}' to {recipient_name},Forward the latest email about '{subject}' to {recipient_name},recipient_name,olga
email,51,Forward the latest email about '{subject}' to {recipient_name},{recipient_name} needs the latest email about '{subject}'. Can you forward it?,recipient_name,santiago
email,51,Forward the latest email about '{subject}' to {recipient_name},{recipient_name} needs the latest email about '{subject}'. Can you forward it?,subject,Update on Client Appreciation Gala
email,52,Forward the latest email about '{subject}' to {recipient_name},{recipient_name} needs the latest email about '{subject}'. Can you forward it?,recipient_name,amir
email,52,Forward the latest email about '{subject}' to {recipient_name},{recipient_name} needs the latest email about '{subject}'. Can you forward it?,subject,Update on Machine Learning Chat
email,53,Forward the latest email about '{subject}' to {recipient_name},can you forward the latest email about '{subject}' to {recipient_name},subject,Update on Corporate Governance Workshop
email,53,Forward the latest email about '{subject}' to {recipient_name},can you forward the latest email about '{subject}' to {recipient_name},recipient_name,yuki
email,54,Forward the latest email about '{subject}' to {recipient_name},Forward the latest email about '{subject}' to {recipient_name},subject,Task Update on Add animation to form submission button
email,54,Forward the latest email about '{subject}' to {recipient_name},Forward the latest email about '{subject}' to {recipient_name},recipient_name,raj
email,55,Forward the latest email about '{subject}' to {recipient_name},Forward the latest email about '{subject}' to {recipient_name},subject,Task Update on Design logo for website
email,55,Forward the latest email about '{subject}' to {recipient_name},Forward the latest email about '{subject}' to {recipient_name},recipient_name,dmitri
email,56,Forward the latest email about '{subject}' to {recipient_name},Forward the latest email about '{subject}' to {recipient_name},subject,Task Update on Design logo for blog
email,56,Forward the latest email about '{subject}' to {recipient_name},Forward the latest email about '{subject}' to {recipient_name},recipient_name,yuki
email,57,Forward the latest email about '{subject}' to {recipient_name},Forward the latest email about '{subject}' to {recipient_name},subject,Update on team coordination meeting
email,57,Forward the latest email about '{subject}' to {recipient_name},Forward the latest email about '{subject}' to {recipient_name},recipient_name,chenwei
email,58,Forward the latest email about '{subject}' to {recipient_name},can you forward the latest email about '{subject}' to {recipient_name},subject,Task Update on Design logo for blog
email,58,Forward the latest email about '{subject}' to {recipient_name},can you forward the latest email about '{subject}' to {recipient_name},recipient_name,carlos
email,59,Forward the latest email about '{subject}' to {recipient_name},Forward the latest email about '{subject}' to {recipient_name},subject,Task Update on Optimize database query for user management
email,59,Forward the latest email about '{subject}' to {recipient_name},Forward the latest email about '{subject}' to {recipient_name},recipient_name,aisha
email,60,Forward my most recent email from {sender_name} to {recipient_name},Forward my most recent email from {sender_name} to {recipient_name},sender_name,fatima
email,60,Forward my most recent email from {sender_name} to {recipient_name},Forward my most recent email from {sender_name} to {recipient_name},recipient_name,kofi
email,61,Forward my most recent email from {sender_name} to {recipient_name},Forward my most recent email from {sender_name} to {recipient_name},sender_name,kofi
email,61,Forward my most recent email from {sender_name} to {recipient_name},Forward my most recent email from {sender_name} to {recipient_name},recipient_name,jinsoo
email,62,Forward my most recent email from {sender_name} to {recipient_name},Forward my most recent email from {sender_name} to {recipient_name},sender_name,anaya
email,62,Forward my most recent email from {sender_name} to {recipient_name},Forward my most recent email from {sender_name} to {recipient_name},recipient_name,olga
email,63,Forward my most recent email from {sender_name} to {recipient_name},can you forward my most recent email from {sender_name} to {recipient_name},sender_name,leila
email,63,Forward my most recent email from {sender_name} to {recipient_name},can you forward my most recent email from {sender_name} to {recipient_name},recipient_name,anaya
email,64,Forward my most recent email from {sender_name} to {recipient_name},can you forward my most recent email from {sender_name} to {recipient_name},sender_name,jinsoo
email,64,Forward my most recent email from {sender_name} to {recipient_name},can you forward my most recent email from {sender_name} to {recipient_name},recipient_name,chenwei
email,65,Forward my most recent email from {sender_name} to {recipient_name},can you forward my most recent email from {sender_name} to {recipient_name},sender_name,kofi
email,65,Forward my most recent email from {sender_name} to {recipient_name},can you forward my most recent email from {sender_name} to {recipient_name},recipient_name,nia
email,66,Forward my most recent email from {sender_name} to {recipient_name},{recipient_name} needs my most recent email from {sender_name}. Can you forward it?,recipient_name,fatima
email,66,Forward my most recent email from {sender_name} to {recipient_name},{recipient_name} needs my most recent email from {sender_name}. Can you forward it?,sender_name,leila
email,67,Forward my most recent email from {sender_name} to {recipient_name},can you forward my most recent email from {sender_name} to {recipient_name},sender_name,sofia
email,67,Forward my most recent email from {sender_name} to {recipient_name},can you forward my most recent email from {sender_name} to {recipient_name},recipient_name,dmitri
email,68,Forward my most recent email from {sender_name} to {recipient_name},{recipient_name} needs my most recent email from {sender_name}. Can you forward it?,recipient_name,anaya
email,68,Forward my most recent email from {sender_name} to {recipient_name},{recipient_name} needs my most recent email from {sender_name}. Can you forward it?,sender_name,akira
email,69,Forward my most recent email from {sender_name} to {recipient_name},can you forward my most recent email from {sender_name} to {recipient_name},sender_name,olga
email,69,Forward my most recent email from {sender_name} to {recipient_name},can you forward my most recent email from {sender_name} to {recipient_name},recipient_name,raj
email,70,Forward the last email about '{subject}' to {recipient_name1} and {recipient_name2},Forward the last email about '{subject}' to {recipient_name1} and {recipient_name2},subject,Update on feedback discussion
email,70,Forward the last email about '{subject}' to {recipient_name1} and {recipient_name2},Forward the last email about '{subject}' to {recipient_name1} and {recipient_name2},recipient_name1,amir
email,70,Forward the last email about '{subject}' to {recipient_name1} and {recipient_name2},Forward the last email about '{subject}' to {recipient_name1} and {recipient_name2},recipient_name2,akira
email,71,Forward the last email about '{subject}' to {recipient_name1} and {recipient_name2},Forward the last email about '{subject}' to {recipient_name1} and {recipient_name2},subject,Update on Annual Budget Planning Session
email,71,Forward the last email about '{subject}' to {recipient_name1} and {recipient_name2},Forward the last email about '{subject}' to {recipient_name1} and {recipient_name2},recipient_name1,carlos
email,71,Forward the last email about '{subject}' to {recipient_name1} and {recipient_name2},Forward the last email about '{subject}' to {recipient_name1} and {recipient_name2},recipient_name2,nadia
email,72,Forward the last email about '{subject}' to {recipient_name1} and {recipient_name2},{recipient_name1} and {recipient_name2} need the last email about '{subject}'. Can you forward it?,recipient_name1,dmitri
email,72,Forward the last email about '{subject}' to {recipient_name1} and {recipient_name2},{recipient_name1} and {recipient_name2} need the last email about '{subject}'. Can you forward it?,recipient_name2,yuki
email,72,Forward the last email about '{subject}' to {recipient_name1} and {recipient_name2},{recipient_name1} and {recipient_name2} need the last email about '{subject}'. Can you forward it?,subject,Update on IT Systems Update Briefing
email,73,Forward the last email about '{subject}' to {recipient_name1} and {recipient_name2},Forward the last email about '{subject}' to {recipient_name1} and {recipient_name2},subject,Update on project debrief
email,73,Forward the last email about '{subject}' to {recipient_name1} and {recipient_name2},Forward the last email about '{subject}' to {recipient_name1} and {recipient_name2},recipient_name1,olga
email,73,Forward the last email about '{subject}' to {recipient_name1} and {recipient_name2},Forward the last email about '{subject}' to {recipient_name1} and {recipient_name2},recipient_name2,kofi
email,74,Forward the last email about '{subject}' to {recipient_name1} and {recipient_name2},{recipient_name1} and {recipient_name2} need the last email about '{subject}'. Can you forward it?,recipient_name1,lena
email,74,Forward the last email about '{subject}' to {recipient_name1} and {recipient_name2},{recipient_name1} and {recipient_name2} need the last email about '{subject}'. Can you forward it?,recipient_name2,aisha
email,74,Forward the last email about '{subject}' to {recipient_name1} and {recipient_name2},{recipient_name1} and {recipient_name2} need the last email about '{subject}'. Can you forward it?,subject,Update on Team Building Retreat
email,75,Forward the last email about '{subject}' to {recipient_name1} and {recipient_name2},Forward the last email about '{subject}' to {recipient_name1} and {recipient_name2},subject,Update on Board of Directors Conclave
email,75,Forward the last email about '{subject}' to {recipient_name1} and {recipient_name2},Forward the last email about '{subject}' to {recipient_name1} and {recipient_name2},recipient_name1,akira
email,75,Forward the last email about '{subject}' to {recipient_name1} and {recipient_name2},Forward the last email about '{subject}' to {recipient_name1} and {recipient_name2},recipient_name2,yuki
email,76,Forward the last email about '{subject}' to {recipient_name1} and {recipient_name2},Forward the last email about '{subject}' to {recipient_name1} and {recipient_name2},subject,Update on introductory call
email,76,Forward the last email about '{subject}' to {recipient_name1} and {recipient_name2},Forward the last email about '{subject}' to {recipient_name1} and {recipient_name2},recipient_name1,lena
email,76,Forward the last email about '{subject}' to {recipient_name1} and {recipient_name2},Forward the last email about '{subject}' to {recipient_name1} and {recipient_name2},recipient_name2,nadia
email,77,Forward the last email about '{subject}' to {recipient_name1} and {recipient_name2},can you forward the last email about '{subject}' to {recipient_name1} and {recipient_name2},subject,Update on Machine Learning Chat
email,77,Forward the last email about '{subject}' to {recipient_name1} and {recipient_name2},can you forward the last email about '{subject}' to {recipient_name1} and {recipient_name2},recipient_name1,nadia
email,77,Forward the last email about '{subject}' to {recipient_name1} and {recipient_name2},can you forward the last email about '{subject}' to {recipient_name1} and {recipient_name2},recipient_name2,jinsoo
email,78,Forward the last email about '{subject}' to {recipient_name1} and {recipient_name2},{recipient_name1} and {recipient_name2} need the last email about '{subject}'. Can you forward it?,recipient_name1,raj
email,78,Forward the last email about '{subject}' to {recipient_name1} and {recipient_name2},{recipient_name1} and {recipient_name2} need the last email about '{subject}'. Can you forward it?,recipient_name2,sofia
email,78,Forward the last email about '{subject}' to {recipient_name1} and {recipient_name2},{recipient_name1} and {recipient_name2} need the last email about '{subject}'. Can you forward it?,subject,Update on introductory call
email,79,Forward the last email about '{subject}' to {recipient_name1} and {recipient_name2},Forward the last email about '{subject}' to {recipient_name1} and {recipient_name2},subject,Update on casual catch-up
email,79,Forward the last email about '{subject}' to {recipient_name1} and {recipient_name2},Forward the last email about '{subject}' to {recipient_name1} and {recipient_name2},recipient_name1,anaya
email,79,Forward the last email about '{subject}' to {recipient_name1} and {recipient_name2},Forward the last email about '{subject}' to {recipient_name1} and {recipient_name2},recipient_name2,luis
email,80,"Reply to the latest email from {sender_name} with 'Got it, thank you!'","I need to reply to the latest email from {sender_name} with 'Got it, thank you!'. Can you do that?",sender_name,sofia
email,81,"Reply to the latest email from {sender_name} with 'Got it, thank you!'","can you reply to the latest email from {sender_name} with 'Got it, thank you!'",sender_name,carlos
email,82,"Reply to the latest email from {sender_name} with 'Got it, thank you!'","Reply to the latest email from {sender_name} with 'Got it, thank you!'",sender_name,chenwei
email,83,"Reply to the latest email from {sender_name} with 'Got it, thank you!'","can you reply to the latest email from {sender_name} with 'Got it, thank you!'",sender_name,nia
email,84,"Reply to the latest email from {sender_name} with 'Got it, thank you!'","Reply to the latest email from {sender_name} with 'Got it, thank you!'",sender_name,akira
email,85,"Reply to the latest email from {sender_name} with 'Got it, thank you!'","Reply to the latest email from {sender_name} with 'Got it, thank you!'",sender_name,sofia
email,86,"Reply to the latest email from {sender_name} with 'Got it, thank you!'","I need to reply to the latest email from {sender_name} with 'Got it, thank you!'. Can you do that?",sender_name,amir
email,87,"Reply to the latest email from {sender_name} with 'Got it, thank you!'","I need to reply to the latest email from {sender_name} with 'Got it, thank you!'. Can you do that?",sender_name,nia
email,88,"Reply to the latest email from {sender_name} with 'Got it, thank you!'","Reply to the latest email from {sender_name} with 'Got it, thank you!'",sender_name,santiago
email,89,"Reply to the latest email from {sender_name} with 'Got it, thank you!'","I need to reply to the latest email from {sender_name} with 'Got it, thank you!'. Can you do that?",sender_name,kofi
calendar,0,Cancel my first meeting on {natural_language_date},Delete my first meeting on {natural_language_date},natural_language_date,December 13
calendar,1,Cancel my first meeting on {natural_language_date},Cancel my first meeting on {natural_language_date},natural_language_date,December 13
calendar,2,Cancel my first meeting on {natural_language_date},can you cancel my first meeting on {natural_language_date},natural_language_date,December 1
calendar,3,Cancel my first meeting on {natural_language_date},can you cancel my first meeting on {natural_language_date},natural_language_date,December 8
calendar,4,Cancel my first meeting on {natural_language_date},can you cancel my first meeting on {natural_language_date},natural_language_date,December 6
calendar,5,Cancel my first meeting on {natural_language_date},Cancel my first meeting on {natural_language_date},natural_language_date,December 18
calendar,6,Cancel my first meeting on {natural_language_date},Delete my first meeting on {natural_language_date},natural_language_date,December 6
calendar,7,Cancel my first meeting on {natural_language_date},Delete my first meeting on {natural_language_date},natural_language_date,December 18
calendar,8,Cancel my first meeting on {natural_language_date},Delete my first meeting on {natural_language_date},natural_language_date,December 12
calendar,9,Cancel my first meeting on {natural_language_date},Cancel my first meeting on {natural_language_date},natural_language_date,December 7
calendar,10,Change the name of the last event on {natural_language_date} to {event_name},Change the name of the last event on {natural_language_date} to {event_name},natural_language_date,December 19
calendar,10,Change the name of the last event on {natural_language_date} to {event_name},Change the name of the last event on {natural_language_date} to {event_name},event_name,casual catch-up
calendar,11,Change the name of the last event on {natural_language_date} to {event_name},Can you change the name of the last event on {natural_language_date} to {event_name},natural_language_date,November 30
calendar,11,Change the name of the last event on {natural_language_date} to {event_name},Can you change the name of the last event on {natural_language_date} to {event_name},event_name,brainstorming session
calendar,12,Change the name of the last event on {natural_language_date} to {event_name},Change the name of the last event on {natural_language_date} to {event_name},natural_language_date,December 4
calendar,12,Change the name of the last event on {natural_language_date} to {event_name},Change the name of the last event on {natural_language_date} to {event_name},event_name,weekly summary
calendar,13,Change the name of the last event on {natural_language_date} to {event_name},Change the name of the last event on {natural_language_date} to {event_name},natural_language_date,December 12
calendar,13,Change the name of the last event on {natural_language_date} to {event_name},Change the name of the last event on {natural_language_date} to {event_name},event_name,Machine Learning Chat
calendar,14,Change the name of the last event on {natural_language_date} to {event_name},Change the name of the last event on {natural_language_date} to {event_name},natural_language_date,December 5
calendar,14,Change the name of the last event on {natural_language_date} to {event_name},Change the name of the last event on {natural_language_date} to {event_name},event_name,quarterly tech roundup
calendar,15,Change the name of the last event on {natural_language_date} to {event_name},Change the name of the last event on {natural_language_date} to {event_name},natural_language_date,December 4
calendar,15,Change the name of the last event on {natural_language_date} to {event_name},Change the name of the last event on {natural_language_date} to {event_name},event_name,feedback discussion
calendar,16,Change the name of the last event on {natural_language_date} to {event_name},Change the name of the last event on {natural_language_date} to {event_name},natural_language_date,December 8
calendar,16,Change the name of the last event on {natural_language_date} to {event_name},Change the name of the last event on {natural_language_date} to {event_name},event_name,feedback discussion
calendar,17,Change the name of the last event on {natural_language_date} to {event_name},Can you change the name of the last event on {natural_language_date} to {event_name},natural_language_date,December 14
calendar,17,Change the name of the last event on {natural_language_date} to {event_name},Can you change the name of the last event on {natural_language_date} to {event_name},event_name,quarterly tech roundup
calendar,18,Change the name of the last event on {natural_language_date} to {event_name},Rename the last event on {natural_language_date} to {event_name},natural_language_date,December 14
calendar,18,Change the name of the last event on {natural_language_date} to {event_name},Rename the last event on {natural_language_date} to {event_name},event_name,Customer Insight Forum
calendar,19,Change the name of the last event on {natural_language_date} to {event_name},Change the name of the last event on {natural_language_date} to {event_name},natural_language_date,December 15
calendar,19,Change the name of the last event on {natural_language_date} to {event_name},Change the name of the last event on {natural_language_date} to {event_name},event_name,Product Launch Analysis
calendar,20,Push back my first meeting with {name} on {natural_language_date} by {duration}s,please move my first meeting with {name} on {natural_language_date} by {duration}s,name,kofi
calendar,20,Push back my first meeting with {name} on {natural_language_date} by {duration}s,please move my first meeting with {name} on {natural_language_date} by {duration}s,natural_language_date,December 4
calendar,20,Push back my first meeting with {name} on {natural_language_date} by {duration}s,please move my first meeting with {name} on {natural_language_date} by {duration}s,duration,1.5 hour
calendar,21,Push back my first meeting with {name} on {natural_language_date} by {duration}s,Push back my first meeting with {name} on {natural_language_date} by {duration}s,name,yuki
calendar,21,Push back my first meeting with {name} on {natural_language_date} by {duration}s,Push back my first meeting with {name} on {natural_language_date} by {duration}s,natural_language_date,December 4
calendar,21,Push back my first meeting with {name} on {natural_language_date} by {duration}s,Push back my first meeting with {name} on {natural_language_date} by {duration}s,duration,1.5 hour
calendar,22,Push back my first meeting with {name} on {natural_language_date} by {duration}s,Delay my first meeting with {name} on {natural_language_date} by {duration}s,name,yuki
calendar,22,Push back my first meeting with {name} on {natural_language_date} by {duration}s,Delay my first meeting with {name} on {natural_language_date} by {duration}s,natural_language_date,December 4
calendar,22,Push back my first meeting with {name} on {natural_language_date} by {duration}s,Delay my first meeting with {name} on {natural_language_date} by {duration}s,duration,30 minute
calendar,23,Push back my first meeting with {name} on {natural_language_date} by {duration}s,Delay my first meeting with {name} on {natural_language_date} by {duration}s,name,nia
calendar,23,Push back my first meeting with {name} on {natural_language_date} by {duration}s,Delay my first meeting with {name} on {natural_language_date} by {duration}s,natural_language_date,December 19
calendar,23,Push back my first meeting with {name} on {natural_language_date} by {duration}s,Delay my first meeting with {name} on {natural_language_date} by {duration}s,duration,1.5 hour
calendar,24,Push back my first meeting with {name} on {natural_language_date} by {duration}s,please move my first meeting with {name} on {natural_language_date} by {duration}s,name,nadia
calendar,24,Push back my first meeting with {name} on {natural_language_date} by {duration}s,please move my first meeting with {name} on {natural_language_date} by {duration}s,natural_language_date,December 11
calendar,24,Push back my first meeting with {name} on {natural_language_date} by {duration}s,please move my first meeting with {name} on {natural_language_date} by {duration}s,duration,1.5 hour
calendar,25,Push back my first meeting with {name} on {natural_language_date} by {duration}s,please move my first meeting with {name} on {natural_language_date} by {duration}s,name,dmitri
calendar,25,Push back my first meeting with {name} on {natural_language_date} by {duration}s,please move my first meeting with {name} on {natural_language_date} by {duration}s,natural_language_date,December 18
calendar,25,Push back my first meeting with {name} on {natural_language_date} by {duration}s,please move my first meeting with {name} on {natural_language_date} by {duration}s,duration,2 hour
calendar,26,Push back my first meeting with {name} on {natural_language_date} by {duration}s,please move my first meeting with {name} on {natural_language_date} by {duration}s,name,dmitri
calendar,26,Push back my first meeting with {name} on {natural_language_date} by {duration}s,please move my first meeting with {name} on {natural_language_date} by {duration}s,natural_language_date,December 18
calendar,26,Push back my first meeting with {name} on {natural_language_date} by {duration}s,please move my first meeting with {name} on {natural_language_date} by {duration}s,duration,30 minute
calendar,27,Push back my first meeting with {name} on {natural_language_date} by {duration}s,please move my first meeting with {name} on {natural_language_date} by {duration}s,name,amir
calendar,27,Push back my first meeting with {name} on {natural_language_date} by {duration}s,please move my first meeting with {name} on {natural_language_date} by {duration}s,natural_language_date,December 20
calendar,27,Push back my first meeting with {name} on {natural_language_date} by {duration}s,please move my first meeting with {name} on {natural_language_date} by {duration}s,duration,30 minute
calendar,28,Push back my first meeting with {name} on {natural_language_date} by {duration}s,Push back my first meeting with {name} on {natural_language_date} by {duration}s,name,nia
calendar,28,Push back my first meeting with {name} on {natural_language_date} by {duration}s,Push back my first meeting with {name} on {natural_language_date} by {duration}s,natural_language_date,December 12
calendar,28,Push back my first meeting with {name} on {natural_language_date} by {duration}s,Push back my first meeting with {name} on {natural_language_date} by {duration}s,duration,1.5 hour
calendar,29,Push back my first meeting with {name} on {natural_language_date} by {duration}s,Push back my first meeting with {name} on {natural_language_date} by {duration}s,name,dmitri
calendar,29,Push back my first meeting with {name} on {natural_language_date} by {duration}s,Push back my first meeting with {name} on {natural_language_date} by {duration}s,natural_language_date,December 18
calendar,29,Push back my first meeting with {name} on {natural_language_date} by {duration}s,Push back my first meeting with {name} on {natural_language_date} by {duration}s,duration,1 hour
calendar,30,Cancel the next {event_name} meeting,Can you cancel the next {event_name} meeting,event_name,Year-End Performance Assessment
calendar,31,Cancel the next {event_name} meeting,Can you cancel the next {event_name} meeting,event_name,annual summary
calendar,32,Cancel the next {event_name} meeting,Can you cancel the next {event_name} meeting,event_name,Corporate Social Responsibility Initiative
calendar,33,Cancel the next {event_name} meeting,Can you cancel the next {event_name} meeting,event_name,project checkpoint
calendar,34,Cancel the next {event_name} meeting,Can you cancel the next {event_name} meeting,event_name,IT Systems Update Briefing
calendar,35,Cancel the next {event_name} meeting,Delete the next {event_name} meeting,event_name,Health & Wellness Expo
calendar,36,Cancel the next {event_name} meeting,Delete the next {event_name} meeting,event_name,Board of Directors Conclave
calendar,37,Cancel the next {event_name} meeting,Delete the next {event_name} meeting,event_name,Annual Budget Planning Session
calendar,38,Cancel the next {event_name} meeting,Cancel the next {event_name} meeting,event_name,Quarterly Sales Review
calendar,39,Cancel the next {event_name} meeting,Cancel the next {event_name} meeting,event_name,team evaluation
calendar,40,Rename the next {event_name} meeting to {new_event_name},can you rename the next {event_name} meeting to {new_event_name},event_name,process review
calendar,40,Rename the next {event_name} meeting to {new_event_name},can you rename the next {event_name} meeting to {new_event_name},new_event_name,Customer Insight Forum
calendar,41,Rename the next {event_name} meeting to {new_event_name},Rename the next {event_name} meeting to {new_event_name},event_name,team evaluation
calendar,41,Rename the next {event_name} meeting to {new_event_name},Rename the next {event_name} meeting to {new_event_name},new_event_name,Customer Insight Forum
calendar,42,Rename the next {event_name} meeting to {new_event_name},can you rename the next {event_name} meeting to {new_event_name},event_name,sync up
calendar,42,Rename the next {event_name} meeting to {new_event_name},can you rename the next {event_name} meeting to {new_event_name},new_event_name,daily stand-up
calendar,43,Rename the next {event_name} meeting to {new_event_name},Rename the next {event_name} meeting to {new_event_name},event_name,Project Initiation Meeting
calendar,43,Rename the next {event_name} meeting to {new_event_name},Rename the next {event_name} meeting to {new_event_name},new_event_name,Product Launch Analysis
calendar,44,Rename the next {event_name} meeting to {new_event_name},Change the name of the next {event_name} meeting to {new_event_name},event_name,daily stand-up
calendar,44,Rename the next {event_name} meeting to {new_event_name},Change the name of the next {event_name} meeting to {new_event_name},new_event_name,Data Security and Compliance Training
calendar,45,Rename the next {event_name} meeting to {new_event_name},Rename the next {event_name} meeting to {new_event_name},event_name,daily stand-up
calendar,45,Rename the next {event_name} meeting to {new_event_name},Rename the next {event_name} meeting to {new_event_name},new_event_name,Diversity & Inclusion Workshop
calendar,46,Rename the next {event_name} meeting to {new_event_name},Change the name of the next {event_name} meeting to {new_event_name},event_name,brainstorming session
calendar,46,Rename the next {event_name} meeting to {new_event_name},Change the name of the next {event_name} meeting to {new_event_name},new_event_name,status briefing
calendar,47,Rename the next {event_name} meeting to {new_event_name},Rename the next {event_name} meeting to {new_event_name},event_name,Corporate Social Responsibility Initiative
calendar,47,Rename the next {event_name} meeting to {new_event_name},Rename the next {event_name} meeting to {new_event_name},new_event_name,Risk Management Forum
calendar,48,Rename the next {event_name} meeting to {new_event_name},can you rename the next {event_name} meeting to {new_event_name},event_name,project checkpoint
calendar,48,Rename the next {event_name} meeting to {new_event_name},can you rename the next {event_name} meeting to {new_event_name},new_event_name,team orientation
calendar,49,Rename the next {event_name} meeting to {new_event_name},Change the name of the next {event_name} meeting to {new_event_name},event_name,Year-End Performance Assessment
calendar,49,Rename the next {event_name} meeting to {new_event_name},Change the name of the next {event_name} meeting to {new_event_name},new_event_name,Machine Learning Chat
calendar,50,Cancel my next meeting with {name},Cancel my next meeting with {name},name,sofia
calendar,51,Cancel my next meeting with {name},Cancel my next meeting with {name},name,yuki
calendar,52,Cancel my next meeting with {name},{name} is off sick. Can you cancel my next meeting with them?,name,sofia
calendar,53,Cancel my next meeting with {name},I need to cancel my next meeting with {name}. Can you do that for me please?,name,aisha
calendar,54,Cancel my next meeting with {name},I need to cancel my next meeting with {name}. Can you do that for me please?,name,fatima
calendar,55,Cancel my next meeting with {name},I need to cancel my next meeting with {name}. Can you do that for me please?,name,raj
calendar,56,Cancel my next meeting with {name},Cancel my next meeting with {name},name,anaya
calendar,57,Cancel my next meeting with {name},Cancel my next meeting with {name},name,dmitri
calendar,58,Cancel my next meeting with {name},I need to cancel my next meeting with {name}. Can you do that for me please?,name,akira
calendar,59,Cancel my next meeting with {name},Cancel my next meeting with {name},name,aisha
calendar,60,"If I haven't met with {name} in the last {duration} days, schedule a 30-minute meeting called 'catch-up' for my first free slot from tomorrow","I think I might need to catch up with {name}. Can you check if I've met with them in the last {duration} days? If not, schedule a 30-minute meeting for my first free slot from tomorrow",name,sofia
calendar,60,"If I haven't met with {name} in the last {duration} days, schedule a 30-minute meeting called 'catch-up' for my first free slot from tomorrow","I think I might need to catch up with {name}. Can you check if I've met with them in the last {duration} days? If not, schedule a 30-minute meeting for my first free slot from tomorrow",duration,3
calendar,61,"If I haven't met with {name} in the last {duration} days, schedule a 30-minute meeting called 'catch-up' for my first free slot from tomorrow","If I haven't met with {name} in the last {duration} days, schedule a 30-minute meeting called 'catch-up' for my first free slot from tomorrow",name,aisha
calendar,61,"If I haven't met with {name} in the last {duration} days, schedule a 30-minute meeting called 'catch-up' for my first free slot from tomorrow","If I haven't met with {name} in the last {duration} days, schedule a 30-minute meeting called 'catch-up' for my first free slot from tomorrow",duration,4
calendar,62,"If I haven't met with {name} in the last {duration} days, schedule a 30-minute meeting called 'catch-up' for my first free slot from tomorrow","If I haven't met with {name} in the last {duration} days, schedule a 30-minute meeting called 'catch-up' for my first free slot from tomorrow",name,aisha
calendar,62,"If I haven't met with {name} in the last {duration} days, schedule a 30-minute meeting called 'catch-up' for my first free slot from tomorrow","If I haven't met with {name} in the last {duration} days, schedule a 30-minute meeting called 'catch-up' for my first free slot from tomorrow",duration,9
calendar,63,"If I haven't met with {name} in the last {duration} days, schedule a 30-minute meeting called 'catch-up' for my first free slot from tomorrow","If I haven't met with {name} in the last {duration} days, schedule a 30-minute meeting called 'catch-up' for my first free slot from tomorrow",name,fatima
calendar,63,"If I haven't met with {name} in the last {duration} days, schedule a 30-minute meeting called 'catch-up' for my first free slot from tomorrow","If I haven't met with {name} in the last {duration} days, schedule a 30-minute meeting called 'catch-up' for my first free slot from tomorrow",duration,9
calendar,64,"If I haven't met with {name} in the last {duration} days, schedule a 30-minute meeting called 'catch-up' for my first free slot from tomorrow","If I haven't met with {name} in the last {duration} days, schedule a 30-minute meeting called 'catch-up' for my first free slot from tomorrow",name,amir
calendar,64,"If I haven't met with {name} in the last {duration} days, schedule a 30-minute meeting called 'catch-up' for my first free slot from tomorrow","If I haven't met with {name} in the last {duration} days, schedule a 30-minute meeting called 'catch-up' for my first free slot from tomorrow",duration,4
calendar,65,"If I haven't met with {name} in the last {duration} days, schedule a 30-minute meeting called 'catch-up' for my first free slot from tomorrow","I think I might need to catch up with {name}. Can you check if I've met with them in the last {duration} days? If not, schedule a 30-minute meeting for my first free slot from tomorrow",name,sofia
calendar,65,"If I haven't met with {name} in the last {duration} days, schedule a 30-minute meeting called 'catch-up' for my first free slot from tomorrow","I think I might need to catch up with {name}. Can you check if I've met with them in the last {duration} days? If not, schedule a 30-minute meeting for my first free slot from tomorrow",duration,8
calendar,66,"If I haven't met with {name} in the last {duration} days, schedule a 30-minute meeting called 'catch-up' for my first free slot from tomorrow","If I haven't met with {name} in the last {duration} days, schedule a 30-minute meeting called 'catch-up' for my first free slot from tomorrow",name,akira
calendar,66,"If I haven't met with {name} in the last {duration} days, schedule a 30-minute meeting called 'catch-up' for my first free slot from tomorrow","If I haven't met with {name} in the last {duration} days, schedule a 30-minute meeting called 'catch-up' for my first free slot from tomorrow",duration,7
calendar,67,"If I haven't met with {name} in the last {duration} days, schedule a 30-minute meeting called 'catch-up' for my first free slot from tomorrow","If I haven't met with {name} in the last {duration} days, schedule a 30-minute meeting called 'catch-up' for my first free slot from tomorrow",name,santiago
calendar,67,"If I haven't met with {name} in the last {duration} days, schedule a 30-minute meeting called 'catch-up' for my first free slot from tomorrow","If I haven't met with {name} in the last {duration} days, schedule a 30-minute meeting called 'catch-up' for my first free slot from tomorrow",duration,7
calendar,68,"If I haven't met with {name} in the last {duration} days, schedule a 30-minute meeting called 'catch-up' for my first free slot from tomorrow","I think I might need to catch up with {name}. Can you check if I've met with them in the last {duration} days? If not, schedule a 30-minute meeting for my first free slot from tomorrow",name,raj
calendar,68,"If I haven't met with {name} in the last {duration} days, schedule a 30-minute meeting called 'catch-up' for my first free slot from tomorrow","I think I might need to catch up with {name}. Can you check if I've met with them in the last {duration} days? If not, schedule a 30-minute meeting for my first free slot from tomorrow",duration,5
calendar,69,"If I haven't met with {name} in the last {duration} days, schedule a 30-minute meeting called 'catch-up' for my first free slot from tomorrow","have I met with {name} in the last {duration} days? If not, schedule a 30-minute meeting called 'catch-up' for my first free slot from tomorrow",name,carlos
calendar,69,"If I haven't met with {name} in the last {duration} days, schedule a 30-minute meeting called 'catch-up' for my first free slot from tomorrow","have I met with {name} in the last {duration} days? If not, schedule a 30-minute meeting called 'catch-up' for my first free slot from tomorrow",duration,7
calendar,70,Cancel my meetings on {next_day} {before_or_after} {natural_language_time},Cancel my meetings on {next_day} {before_or_after} {natural_language_time},next_day,Wednesday
calendar,70,Cancel my meetings on {next_day} {before_or_after} {natural_language_time},Cancel my meetings on {next_day} {before_or_after} {natural_language_time},before_or_after,after
calendar,70,Cancel my meetings on {next_day} {before_or_after} {natural_language_time},Cancel my meetings on {next_day} {before_or_after} {natural_language_time},natural_language_time,11
calendar,71,Cancel my meetings on {next_day} {before_or_after} {natural_language_time},Delete my meetings on {next_day} {before_or_after} {natural_language_time},next_day,Friday
calendar,71,Cancel my meetings on {next_day} {before_or_after} {natural_language_time},Delete my meetings on {next_day} {before_or_after} {natural_language_time},before_or_after,before
calendar,71,Cancel my meetings on {next_day} {before_or_after} {natural_language_time},Delete my meetings on {next_day} {before_or_after} {natural_language_time},natural_language_time,12
calendar,72,Cancel my meetings on {next_day} {before_or_after} {natural_language_time},Delete my meetings on {next_day} {before_or_after} {natural_language_time},next_day,Friday
calendar,72,Cancel my meetings on {next_day} {before_or_after} {natural_language_time},Delete my meetings on {next_day} {before_or_after} {natural_language_time},before_or_after,before
calendar,72,Cancel my meetings on {next_day} {before_or_after} {natural_language_time},Delete my meetings on {next_day} {before_or_after} {natural_language_time},natural_language_time,2
calendar,73,Cancel my meetings on {next_day} {before_or_after} {natural_language_time},something came up. Can you cancel my meetings on {next_day} {before_or_after} {natural_language_time}?,next_day,Tuesday
calendar,73,Cancel my meetings on {next_day} {before_or_after} {natural_language_time},something came up. Can you cancel my meetings on {next_day} {before_or_after} {natural_language_time}?,before_or_after,before
calendar,73,Cancel my meetings on {next_day} {before_or_after} {natural_language_time},something came up. Can you cancel my meetings on {next_day} {before_or_after} {natural_language_time}?,natural_language_time,9
calendar,74,Cancel my meetings on {next_day} {before_or_after} {natural_language_time},something came up. Can you cancel my meetings on {next_day} {before_or_after} {natural_language_time}?,next_day,Friday
calendar,74,Cancel my meetings on {next_day} {before_or_after} {natural_language_time},something came up. Can you cancel my meetings on {next_day} {before_or_after} {natural_language_time}?,before_or_after,before
calendar,74,Cancel my meetings on {next_day} {before_or_after} {natural_language_time},something came up. Can you cancel my meetings on {next_day} {before_or_after} {natural_language_time}?,natural_language_time,11:30
calendar,75,Cancel my meetings on {next_day} {before_or_after} {natural_language_time},Cancel my meetings on {next_day} {before_or_after} {natural_language_time},next_day,Friday
calendar,75,Cancel my meetings on {next_day} {before_or_after} {natural_language_time},Cancel my meetings on {next_day} {before_or_after} {natural_language_time},before_or_after,before
calendar,75,Cancel my meetings on {next_day} {before_or_after} {natural_language_time},Cancel my meetings on {next_day} {before_or_after} {natural_language_time},natural_language_time,10:30
calendar,76,Cancel my meetings on {next_day} {before_or_after} {natural_language_time},something came up. Can you cancel my meetings on {next_day} {before_or_after} {natural_language_time}?,next_day,Tuesday
calendar,76,Cancel my meetings on {next_day} {before_or_after} {natural_language_time},something came up. Can you cancel my meetings on {next_day} {before_or_after} {natural_language_time}?,before_or_after,before
calendar,76,Cancel my meetings on {next_day} {before_or_after} {natural_language_time},something came up. Can you cancel my meetings on {next_day} {before_or_after} {natural_language_time}?,natural_language_time,2
calendar,77,Cancel my meetings on {next_day} {before_or_after} {natural_language_time},something came up. Can you cancel my meetings on {next_day} {before_or_after} {natural_language_time}?,next_day,Friday
calendar,77,Cancel my meetings on {next_day} {before_or_after} {natural_language_time},something came up. Can you cancel my meetings on {next_day} {before_or_after} {natural_language_time}?,before_or_after,before
calendar,77,Cancel my meetings on {next_day} {before_or_after} {natural_language_time},something came up. Can you cancel my meetings on {next_day} {before_or_after} {natural_language_time}?,natural_language_time,10:30
calendar,78,Cancel my meetings on {next_day} {before_or_after} {natural_language_time},Cancel my meetings on {next_day} {before_or_after} {natural_language_time},next_day,Tuesday
calendar,78,Cancel my meetings on {next_day} {before_or_after} {natural_language_time},Cancel my meetings on {next_day} {before_or_after} {natural_language_time},before_or_after,after
calendar,78,Cancel my meetings on {next_day} {before_or_after} {natural_language_time},Cancel my meetings on {next_day} {before_or_after} {natural_language_time},natural_language_time,3
calendar,79,Cancel my meetings on {next_day} {before_or_after} {natural_language_time},Delete my meetings on {next_day} {before_or_after} {natural_language_time},next_day,Wednesday
calendar,79,Cancel my meetings on {next_day} {before_or_after} {natural_language_time},Delete my meetings on {next_day} {before_or_after} {natural_language_time},before_or_after,after
calendar,79,Cancel my meetings on {next_day} {before_or_after} {natural_language_time},Delete my meetings on {next_day} {before_or_after} {natural_language_time},natural_language_time,1:30
calendar,80,Cancel all future meetings with {name},Cancel all future meetings with {name},name,raj
calendar,81,Cancel all future meetings with {name},{name} is leaving the company. Can you cancel all future meetings with them?,name,carlos
calendar,82,Cancel all future meetings with {name},Cancel all future meetings with {name},name,anaya
calendar,83,Cancel all future meetings with {name},{name} is leaving the company. Can you cancel all future meetings with them?,name,luis
calendar,84,Cancel all future meetings with {name},I need to cancel all future meetings with {name}. Can you do that for me please?,name,olga
calendar,85,Cancel all future meetings with {name},Cancel all future meetings with {name},name,yuki
calendar,86,Cancel all future meetings with {name},Cancel all future meetings with {name},name,nia
calendar,87,Cancel all future meetings with {name},{name} is leaving the company. Can you cancel all future meetings with them?,name,leila
calendar,88,Cancel all future meetings with {name},{name} is leaving the company. Can you cancel all future meetings with them?,name,kofi
calendar,89,Cancel all future meetings with {name},Cancel all future meetings with {name},name,amir
calendar,90,Cancel future {event_name} meetings,Delete all the future {event_name} meetings,event_name,board of directors conclave
calendar,91,Cancel future {event_name} meetings,Delete all the future {event_name} meetings,event_name,Global Expansion Strategy Discussion
calendar,92,Cancel future {event_name} meetings,We've decided we don't need any any more {event_name} meetings. Can you cancel all future ones?,event_name,risk management forum
calendar,93,Cancel future {event_name} meetings,We've decided we don't need any any more {event_name} meetings. Can you cancel all future ones?,event_name,health & wellness expo
calendar,94,Cancel future {event_name} meetings,We've decided we don't need any any more {event_name} meetings. Can you cancel all future ones?,event_name,weekly summary
calendar,95,Cancel future {event_name} meetings,We've decided we don't need any any more {event_name} meetings. Can you cancel all future ones?,event_name,sync up
calendar,96,Cancel future {event_name} meetings,Delete all the future {event_name} meetings,event_name,quarterly tech roundup
calendar,97,Cancel future {event_name} meetings,Cancel future {event_name} meetings,event_name,status briefing
calendar,98,Cancel future {event_name} meetings,Delete all the future {event_name} meetings,event_name,strategic planning meeting
calendar,99,Cancel future {event_name} meetings,Cancel future {event_name} meetings,event_name,quarterly sales review
calendar,100,Create a {duration} event called {event_name} on {natural_language_date} at {natural_language_time} with {name},Create a {duration} event called {event_name} on {natural_language_date} at {natural_language_time} with {name},duration,1.5 hour
calendar,100,Create a {duration} event called {event_name} on {natural_language_date} at {natural_language_time} with {name},Create a {duration} event called {event_name} on {natural_language_date} at {natural_language_time} with {name},event_name,New Employee Onboarding
calendar,100,Create a {duration} event called {event_name} on {natural_language_date} at {natural_language_time} with {name},Create a {duration} event called {event_name} on {natural_language_date} at {natural_language_time} with {name},natural_language_date,December 8
calendar,100,Create a {duration} event called {event_name} on {natural_language_date} at {natural_language_time} with {name},Create a {duration} event called {event_name} on {natural_language_date} at {natural_language_time} with {name},natural_language_time,3:30
calendar,100,Create a {duration} event called {event_name} on {natural_language_date} at {natural_language_time} with {name},Create a {duration} event called {event_name} on {natural_language_date} at {natural_language_time} with {name},name,nia
calendar,101,Create a {duration} event called {event_name} on {natural_language_date} at {natural_language_time} with {name},I need to catch up with {name}. can you schedule a {duration} event called {event_name} on {natural_language_date} at {natural_language_time}?,name,nadia
calendar,101,Create a {duration} event called {event_name} on {natural_language_date} at {natural_language_time} with {name},I need to catch up with {name}. can you schedule a {duration} event called {event_name} on {natural_language_date} at {natural_language_time}?,duration,1.5 hour
calendar,101,Create a {duration} event called {event_name} on {natural_language_date} at {natural_language_time} with {name},I need to catch up with {name}. can you schedule a {duration} event called {event_name} on {natural_language_date} at {natural_language_time}?,event_name,Diversity & Inclusion Workshop
calendar,101,Create a {duration} event called {event_name} on {natural_language_date} at {natural_language_time} with {name},I need to catch up with {name}. can you schedule a {duration} event called {event_name} on {natural_language_date} at {natural_language_time}?,natural_language_date,December 19
calendar,101,Create a {duration} event called {event_name} on {natural_language_date} at {natural_language_time} with {name},I need to catch up with {name}. can you schedule a {duration} event called {event_name} on {natural_language_date} at {natural_language_time}?,natural_language_time,11
calendar,102,Create a {duration} event called {event_name} on {natural_language_date} at {natural_language_time} with {name},I need to catch up with {name}. can you schedule a {duration} event called {event_name} on {natural_language_date} at {natural_language_time}?,name,nadia
calendar,102,Create a {duration} event called {event_name} on {natural_language_date} at {natural_language_time} with {name},I need to catch up with {name}. can you schedule a {duration} event called {event_name} on {natural_language_date} at {natural_language_time}?,duration,1.5 hour
calendar,102,Create a {duration} event called {event_name} on {natural_language_date} at {natural_language_time} with {name},I need to catch up with {name}. can you schedule a {duration} event called {event_name} on {natural_language_date} at {natural_language_time}?,event_name,Global Expansion Strategy Discussion
calendar,102,Create a {duration} event called {event_name} on {natural_language_date} at {natural_language_time} with {name},I need to catch up with {name}. can you schedule a {duration} event called {event_name} on {natural_language_date} at {natural_language_time}?,natural_language_date,December 13
calendar,102,Create a {duration} event called {event_name} on {natural_language_date} at {natural_language_time} with {name},I need to catch up with {name}. can you schedule a {duration} event called {event_name} on {natural_language_date} at {natural_language_time}?,natural_language_time,12:30
calendar,103,Create a {duration} event called {event_name} on {natural_language_date} at {natural_language_time} with {name},I need to catch up with {name}. can you schedule a {duration} event called {event_name} on {natural_language_date} at {natural_language_time}?,name,sofia
calendar,103,Create a {duration} event called {event_name} on {natural_language_date} at {natural_language_time} with {name},I need to catch up with {name}. can you schedule a {duration} event called {event_name} on {natural_language_date} at {natural_language_time}?,duration,1.5 hour
calendar,103,Create a {duration} event called {event_name} on {natural_language_date} at {natural_language_time} with {name},I need to catch up with {name}. can you schedule a {duration} event called {event_name} on {natural_language_date} at {natural_language_time}?,event_name,quarterly tech roundup
calendar,103,Create a {duration} event called {event_name} on {natural_language_date} at {natural_language_time} with {name},I need to catch up with {name}. can you schedule a {duration} event called {event_name} on {natural_language_date} at {natural_language_time}?,natural_language_date,December 5
calendar,103,Create a {duration} event called {event_name} on {natural_language_date} at {natural_language_time} with {name},I need to catch up with {name}. can you schedule a {duration} event called {event_name} on {natural_language_date} at {natural_language_time}?,natural_language_time,11
calendar,104,Create a {duration} event called {event_name} on {natural_language_date} at {natural_language_time} with {name},I need to catch up with {name}. can you schedule a {duration} event called {event_name} on {natural_language_date} at {natural_language_time}?,name,fatima
calendar,104,Create a {duration} event called {event_name} on {natural_language_date} at {natural_language_time} with {name},I need to catch up with {name}. can you schedule a {duration} event called {event_name} on {natural_language_date} at {natural_language_time}?,duration,2 hour
calendar,104,Create a {duration} event called {event_name} on {natural_language_date} at {natural_language_time} with {name},I need to catch up with {name}. can you schedule a {duration} event called {event_name} on {natural_language_date} at {natural_language_time}?,event_name,Board of Directors Conclave
calendar,104,Create a {duration} event called {event_name} on {natural_language_date} at {natural_language_time} with {name},I need to catch up with {name}. can you schedule a {duration} event called {event_name} on {natural_language_date} at {natural_language_time}?,natural_language_date,December 4
calendar,104,Create a {duration} event called {event_name} on {natural_language_date} at {natural_language_time} with {name},I need to catch up with {name}. can you schedule a {duration} event called {event_name} on {natural_language_date} at {natural_language_time}?,natural_language_time,1:30
calendar,105,Create a {duration} event called {event_name} on {natural_language_date} at {natural_language_time} with {name},I haven't met with {name} in a while. Can you schedule a {duration} event called {event_name} on {natural_language_date} at {natural_language_time}?,name,yuki
calendar,105,Create a {duration} event called {event_name} on {natural_language_date} at {natural_language_time} with {name},I haven't met with {name} in a while. Can you schedule a {duration} event called {event_name} on {natural_language_date} at {natural_language_time}?,duration,30 minute
calendar,105,Create a {duration} event called {event_name} on {natural_language_date} at {natural_language_time} with {name},I haven't met with {name} in a while. Can you schedule a {duration} event called {event_name} on {natural_language_date} at {natural_language_time}?,event_name,Digital Transformation Conference
calendar,105,Create a {duration} event called {event_name} on {natural_language_date} at {natural_language_time} with {name},I haven't met with {name} in a while. Can you schedule a {duration} event called {event_name} on {natural_language_date} at {natural_language_time}?,natural_language_date,December 20
calendar,105,Create a {duration} event called {event_name} on {natural_language_date} at {natural_language_time} with {name},I haven't met with {name} in a while. Can you schedule a {duration} event called {event_name} on {natural_language_date} at {natural_language_time}?,natural_language_time,10
calendar,106,Create a {duration} event called {event_name} on {natural_language_date} at {natural_language_time} with {name},I haven't met with {name} in a while. Can you schedule a {duration} event called {event_name} on {natural_language_date} at {natural_language_time}?,name,olga
calendar,106,Create a {duration} event called {event_name} on {natural_language_date} at {natural_language_time} with {name},I haven't met with {name} in a while. Can you schedule a {duration} event called {event_name} on {natural_language_date} at {natural_language_time}?,duration,2 hour
calendar,106,Create a {duration} event called {event_name} on {natural_language_date} at {natural_language_time} with {name},I haven't met with {name} in a while. Can you schedule a {duration} event called {event_name} on {natural_language_date} at {natural_language_time}?,event_name,project runway briefing
calendar,106,Create a {duration} event called {event_name} on {natural_language_date} at {natural_language_time} with {name},I haven't met with {name} in a while. Can you schedule a {duration} event called {event_name} on {natural_language_date} at {natural_language_time}?,natural_language_date,December 13
calendar,106,Create a {duration} event called {event_name} on {natural_language_date} at {natural_language_time} with {name},I haven't met with {name} in a while. Can you schedule a {duration} event called {event_name} on {natural_language_date} at {natural_language_time}?,natural_language_time,3:30
calendar,107,Create a {duration} event called {event_name} on {natural_language_date} at {natural_language_time} with {name},Create a {duration} event called {event_name} on {natural_language_date} at {natural_language_time} with {name},duration,2 hour
calendar,107,Create a {duration} event called {event_name} on {natural_language_date} at {natural_language_time} with {name},Create a {duration} event called {event_name} on {natural_language_date} at {natural_language_time} with {name},event_name,brainstorming session
calendar,107,Create a {duration} event called {event_name} on {natural_language_date} at {natural_language_time} with {name},Create a {duration} event called {event_name} on {natural_language_date} at {natural_language_time} with {name},natural_language_date,December 21
calendar,107,Create a {duration} event called {event_name} on {natural_language_date} at {natural_language_time} with {name},Create a {duration} event called {event_name} on {natural_language_date} at {natural_language_time} with {name},natural_language_time,12
calendar,107,Create a {duration} event called {event_name} on {natural_language_date} at {natural_language_time} with {name},Create a {duration} event called {event_name} on {natural_language_date} at {natural_language_time} with {name},name,dmitri
calendar,108,Create a {duration} event called {event_name} on {natural_language_date} at {natural_language_time} with {name},I haven't met with {name} in a while. Can you schedule a {duration} event called {event_name} on {natural_language_date} at {natural_language_time}?,name,raj
calendar,108,Create a {duration} event called {event_name} on {natural_language_date} at {natural_language_time} with {name},I haven't met with {name} in a while. Can you schedule a {duration} event called {event_name} on {natural_language_date} at {natural_language_time}?,duration,2 hour
calendar,108,Create a {duration} event called {event_name} on {natural_language_date} at {natural_language_time} with {name},I haven't met with {name} in a while. Can you schedule a {duration} event called {event_name} on {natural_language_date} at {natural_language_time}?,event_name,Data Security and Compliance Training
calendar,108,Create a {duration} event called {event_name} on {natural_language_date} at {natural_language_time} with {name},I haven't met with {name} in a while. Can you schedule a {duration} event called {event_name} on {natural_language_date} at {natural_language_time}?,natural_language_date,December 19
calendar,108,Create a {duration} event called {event_name} on {natural_language_date} at {natural_language_time} with {name},I haven't met with {name} in a while. Can you schedule a {duration} event called {event_name} on {natural_language_date} at {natural_language_time}?,natural_language_time,3
calendar,109,Create a {duration} event called {event_name} on {natural_language_date} at {natural_language_time} with {name},I need to catch up with {name}. can you schedule a {duration} event called {event_name} on {natural_language_date} at {natural_language_time}?,name,leila
calendar,109,Create a {duration} event called {event_name} on {natural_language_date} at {natural_language_time} with {name},I need to catch up with {name}. can you schedule a {duration} event called {event_name} on {natural_language_date} at {natural_language_time}?,duration,1.5 hour
calendar,109,Create a {duration} event called {event_name} on {natural_language_date} at {natural_language_time} with {name},I need to catch up with {name}. can you schedule a {duration} event called {event_name} on {natural_language_date} at {natural_language_time}?,event_name,Creative Thinking Workshop
calendar,109,Create a {duration} event called {event_name} on {natural_language_date} at {natural_language_time} with {name},I need to catch up with {name}. can you schedule a {duration} event called {event_name} on {natural_language_date} at {natural_language_time}?,natural_language_date,December 1
calendar,109,Create a {duration} event called {event_name} on {natural_language_date} at {natural_language_time} with {name},I need to catch up with {name}. can you schedule a {duration} event called {event_name} on {natural_language_date} at {natural_language_time}?,natural_language_time,1
customer_relationship_manager,0,Update the status of {current_customer_name} to {new_status_natural_language} in the crm,Update the status of {current_customer_name} to {new_status_natural_language} in the crm,current_customer_name,Cameron Anderson
customer_relationship_manager,0,Update the status of {current_customer_name} to {new_status_natural_language} in the crm,Update the status of {current_customer_name} to {new_status_natural_language} in the crm,new_status_natural_language,qualified
customer_relationship_manager,1,Update the status of {current_customer_name} to {new_status_natural_language} in the crm,Update the status of {current_customer_name} to {new_status_natural_language} in the crm,current_customer_name,Riley Brown
customer_relationship_manager,1,Update the status of {current_customer_name} to {new_status_natural_language} in the crm,Update the status of {current_customer_name} to {new_status_natural_language} in the crm,new_status_natural_language,proposal
customer_relationship_manager,2,Update the status of {current_customer_name} to {new_status_natural_language} in the crm,Update the status of {current_customer_name} to {new_status_natural_language} in the crm,current_customer_name,Jessie Thomas
customer_relationship_manager,2,Update the status of {current_customer_name} to {new_status_natural_language} in the crm,Update the status of {current_customer_name} to {new_status_natural_language} in the crm,new_status_natural_language,won
customer_relationship_manager,3,Update the status of {current_customer_name} to {new_status_natural_language} in the crm,{current_customer_name} has moved to {new_status_natural_language} status. Can you update that in the crm?,current_customer_name,Quinn Thomas
customer_relationship_manager,3,Update the status of {current_customer_name} to {new_status_natural_language} in the crm,{current_customer_name} has moved to {new_status_natural_language} status. Can you update that in the crm?,new_status_natural_language,lead
customer_relationship_manager,4,Update the status of {current_customer_name} to {new_status_natural_language} in the crm,Update the status of {current_customer_name} to {new_status_natural_language} in the crm,current_customer_name,Quinn Harris
customer_relationship_manager,4,Update the status of {current_customer_name} to {new_status_natural_language} in the crm,Update the status of {current_customer_name} to {new_status_natural_language} in the crm,new_status_natural_language,won
customer_relationship_manager,5,Update the status of {current_customer_name} to {new_status_natural_language} in the crm,{current_customer_name} has moved to {new_status_natural_language} status. Can you update that in the crm?,current_customer_name,Quinn Brown
customer_relationship_manager,5,Update the status of {current_customer_name} to {new_status_natural_language} in the crm,{current_customer_name} has moved to {new_status_natural_language} status. Can you update that in the crm?,new_status_natural_language,lost
customer_relationship_manager,6,Update the status of {current_customer_name} to {new_status_natural_language} in the crm,Update the status of {current_customer_name} to {new_status_natural_language} in the crm,current_customer_name,Jamie Anderson
customer_relationship_manager,6,Update the status of {current_customer_name} to {new_status_natural_language} in the crm,Update the status of {current_customer_name} to {new_status_natural_language} in the crm,new_status_natural_language,lost
customer_relationship_manager,7,Update the status of {current_customer_name} to {new_status_natural_language} in the crm,We've got a new customer that's moved to {new_status_natural_language} status. Can you update {current_customer_name} to {new_status_natural_language} in the crm?,new_status_natural_language,proposal
customer_relationship_manager,7,Update the status of {current_customer_name} to {new_status_natural_language} in the crm,We've got a new customer that's moved to {new_status_natural_language} status. Can you update {current_customer_name} to {new_status_natural_language} in the crm?,current_customer_name,Kerry Brown
customer_relationship_manager,8,Update the status of {current_customer_name} to {new_status_natural_language} in the crm,Update the status of {current_customer_name} to {new_status_natural_language} in the crm,current_customer_name,Jordan Jones
customer_relationship_manager,8,Update the status of {current_customer_name} to {new_status_natural_language} in the crm,Update the status of {current_customer_name} to {new_status_natural_language} in the crm,new_status_natural_language,won
customer_relationship_manager,9,Update the status of {current_customer_name} to {new_status_natural_language} in the crm,{current_customer_name} has moved to {new_status_natural_language} status. Can you update that in the crm?,current_customer_name,Jamie Davis
customer_relationship_manager,9,Update the status of {current_customer_name} to {new_status_natural_language} in the crm,{current_customer_name} has moved to {new_status_natural_language} status. Can you update that in the crm?,new_status_natural_language,lead
customer_relationship_manager,10,Delete {current_customer_name} from the crm,{current_customer_name} is no longer a customer. Can you delete them from the crm?,current_customer_name,Casey White
customer_relationship_manager,11,Delete {current_customer_name} from the crm,Delete {current_customer_name} from the crm,current_customer_name,Rahul Martinez
customer_relationship_manager,12,Delete {current_customer_name} from the crm,We no longer need to keep {current_customer_name} in the crm. Can you delete them?,current_customer_name,Shannon Wilson
customer_relationship_manager,13,Delete {current_customer_name} from the crm,{current_customer_name} is no longer a customer. Can you delete them from the crm?,current_customer_name,Rahul Moore
customer_relationship_manager,14,Delete {current_customer_name} from the crm,Delete {current_customer_name} from the crm,current_customer_name,Peyton Jones
customer_relationship_manager,15,Delete {current_customer_name} from the crm,{current_customer_name} is no longer a customer. Can you delete them from the crm?,current_customer_name,Kerry Moore
customer_relationship_manager,16,Delete {current_customer_name} from the crm,Delete {current_customer_name} from the crm,current_customer_name,Shannon Jones
customer_relationship_manager,17,Delete {current_customer_name} from the crm,Delete {current_customer_name} from the crm,current_customer_name,Jamie Taylor
customer_relationship_manager,18,Delete {current_customer_name} from the crm,{current_customer_name} is no longer a customer. Can you delete them from the crm?,current_customer_name,Kerry Robinson
customer_relationship_manager,19,Delete {current_customer_name} from the crm,Delete {current_customer_name} from the crm,current_customer_name,Jaden White
customer_relationship_manager,20,Add {new_customer_name} as a new lead in the crm and assign them to {assigned_to_first_name},can you add {new_customer_name} to the crm? They're a new lead and need to be assigned to {assigned_to_first_name},new_customer_name,Morgan Wilson
customer_relationship_manager,20,Add {new_customer_name} as a new lead in the crm and assign them to {assigned_to_first_name},can you add {new_customer_name} to the crm? They're a new lead and need to be assigned to {assigned_to_first_name},assigned_to_first_name,Nadia
customer_relationship_manager,21,Add {new_customer_name} as a new lead in the crm and assign them to {assigned_to_first_name},Add {new_customer_name} as a new lead in the crm and assign them to {assigned_to_first_name},new_customer_name,Avery White
customer_relationship_manager,21,Add {new_customer_name} as a new lead in the crm and assign them to {assigned_to_first_name},Add {new_customer_name} as a new lead in the crm and assign them to {assigned_to_first_name},assigned_to_first_name,Raj
customer_relationship_manager,22,Add {new_customer_name} as a new lead in the crm and assign them to {assigned_to_first_name},We've got a new lead called {new_customer_name}. Can you add them to the crm and assign them to {assigned_to_first_name}?,new_customer_name,Jordan Moore
customer_relationship_manager,22,Add {new_customer_name} as a new lead in the crm and assign them to {assigned_to_first_name},We've got a new lead called {new_customer_name}. Can you add them to the crm and assign them to {assigned_to_first_name}?,assigned_to_first_name,Akira
customer_relationship_manager,23,Add {new_customer_name} as a new lead in the crm and assign them to {assigned_to_first_name},Add {new_customer_name} as a new lead in the crm and assign them to {assigned_to_first_name},new_customer_name,Quinn Robinson
customer_relationship_manager,23,Add {new_customer_name} as a new lead in the crm and assign them to {assigned_to_first_name},Add {new_customer_name} as a new lead in the crm and assign them to {assigned_to_first_name},assigned_to_first_name,Raj
customer_relationship_manager,24,Add {new_customer_name} as a new lead in the crm and assign them to {assigned_to_first_name},Add {new_customer_name} as a new lead in the crm and assign them to {assigned_to_first_name},new_customer_name,Rahul Johnson
customer_relationship_manager,24,Add {new_customer_name} as a new lead in the crm and assign them to {assigned_to_first_name},Add {new_customer_name} as a new lead in the crm and assign them to {assigned_to_first_name},assigned_to_first_name,Lena
customer_relationship_manager,25,Add {new_customer_name} as a new lead in the crm and assign them to {assigned_to_first_name},can you add {new_customer_name} to the crm? They're a new lead and need to be assigned to {assigned_to_first_name},new_customer_name,Jaden Brown
customer_relationship_manager,25,Add {new_customer_name} as a new lead in the crm and assign them to {assigned_to_first_name},can you add {new_customer_name} to the crm? They're a new lead and need to be assigned to {assigned_to_first_name},assigned_to_first_name,Sofia
customer_relationship_manager,26,Add {new_customer_name} as a new lead in the crm and assign them to {assigned_to_first_name},can you add {new_customer_name} to the crm? They're a new lead and need to be assigned to {assigned_to_first_name},new_customer_name,Taylor Robinson
customer_relationship_manager,26,Add {new_customer_name} as a new lead in the crm and assign them to {assigned_to_first_name},can you add {new_customer_name} to the crm? They're a new lead and need to be assigned to {assigned_to_first_name},assigned_to_first_name,Sofia
customer_relationship_manager,27,Add {new_customer_name} as a new lead in the crm and assign them to {assigned_to_first_name},Add {new_customer_name} as a new lead in the crm and assign them to {assigned_to_first_name},new_customer_name,Jordan Moore
customer_relationship_manager,27,Add {new_customer_name} as a new lead in the crm and assign them to {assigned_to_first_name},Add {new_customer_name} as a new lead in the crm and assign them to {assigned_to_first_name},assigned_to_first_name,Nadia
customer_relationship_manager,28,Add {new_customer_name} as a new lead in the crm and assign them to {assigned_to_first_name},Add {new_customer_name} as a new lead in the crm and assign them to {assigned_to_first_name},new_customer_name,Rahul Davis
customer_relationship_manager,28,Add {new_customer_name} as a new lead in the crm and assign them to {assigned_to_first_name},Add {new_customer_name} as a new lead in the crm and assign them to {assigned_to_first_name},assigned_to_first_name,Akira
customer_relationship_manager,29,Add {new_customer_name} as a new lead in the crm and assign them to {assigned_to_first_name},We've got a new lead called {new_customer_name}. Can you add them to the crm and assign them to {assigned_to_first_name}?,new_customer_name,Dakota Wilson
customer_relationship_manager,29,Add {new_customer_name} as a new lead in the crm and assign them to {assigned_to_first_name},We've got a new lead called {new_customer_name}. Can you add them to the crm and assign them to {assigned_to_first_name}?,assigned_to_first_name,Sofia
customer_relationship_manager,30,Reassign {current_customer_name} to {assigned_to_first_name} in the crm,We're moving {current_customer_name} to {assigned_to_first_name}. Can you make that change in the crm?,current_customer_name,Dakota Wilson
customer_relationship_manager,30,Reassign {current_customer_name} to {assigned_to_first_name} in the crm,We're moving {current_customer_name} to {assigned_to_first_name}. Can you make that change in the crm?,assigned_to_first_name,Raj
customer_relationship_manager,31,Reassign {current_customer_name} to {assigned_to_first_name} in the crm,Reassign {current_customer_name} to {assigned_to_first_name} in the crm,current_customer_name,Morgan Robinson
customer_relationship_manager,31,Reassign {current_customer_name} to {assigned_to_first_name} in the crm,Reassign {current_customer_name} to {assigned_to_first_name} in the crm,assigned_to_first_name,Sofia
customer_relationship_manager,32,Reassign {current_customer_name} to {assigned_to_first_name} in the crm,{assigned_to_first_name} is taking over {current_customer_name}. Can you reassign them in the crm?,assigned_to_first_name,Raj
customer_relationship_manager,32,Reassign {current_customer_name} to {assigned_to_first_name} in the crm,{assigned_to_first_name} is taking over {current_customer_name}. Can you reassign them in the crm?,current_customer_name,Alex Jackson
customer_relationship_manager,33,Reassign {current_customer_name} to {assigned_to_first_name} in the crm,Reassign {current_customer_name} to {assigned_to_first_name} in the crm,current_customer_name,Rahul Martinez
customer_relationship_manager,33,Reassign {current_customer_name} to {assigned_to_first_name} in the crm,Reassign {current_customer_name} to {assigned_to_first_name} in the crm,assigned_to_first_name,Lena
customer_relationship_manager,34,Reassign {current_customer_name} to {assigned_to_first_name} in the crm,{assigned_to_first_name} is taking over {current_customer_name}. Can you reassign them in the crm?,assigned_to_first_name,Akira
customer_relationship_manager,34,Reassign {current_customer_name} to {assigned_to_first_name} in the crm,{assigned_to_first_name} is taking over {current_customer_name}. Can you reassign them in the crm?,current_customer_name,Reese Thomas
customer_relationship_manager,35,Reassign {current_customer_name} to {assigned_to_first_name} in the crm,Reassign {current_customer_name} to {assigned_to_first_name} in the crm,current_customer_name,Reese Jones
customer_relationship_manager,35,Reassign {current_customer_name} to {assigned_to_first_name} in the crm,Reassign {current_customer_name} to {assigned_to_first_name} in the crm,assigned_to_first_name,Lena
customer_relationship_manager,36,Reassign {current_customer_name} to {assigned_to_first_name} in the crm,{assigned_to_first_name} is taking over {current_customer_name}. Can you reassign them in the crm?,assigned_to_first_name,Lena
customer_relationship_manager,36,Reassign {current_customer_name} to {assigned_to_first_name} in the crm,{assigned_to_first_name} is taking over {current_customer_name}. Can you reassign them in the crm?,current_customer_name,Parker Martin
customer_relationship_manager,37,Reassign {current_customer_name} to {assigned_to_first_name} in the crm,{assigned_to_first_name} is taking over {current_customer_name}. Can you reassign them in the crm?,assigned_to_first_name,Nadia
customer_relationship_manager,37,Reassign {current_customer_name} to {assigned_to_first_name} in the crm,{assigned_to_first_name} is taking over {current_customer_name}. Can you reassign them in the crm?,current_customer_name,Avery Martinez
customer_relationship_manager,38,Reassign {current_customer_name} to {assigned_to_first_name} in the crm,We're moving {current_customer_name} to {assigned_to_first_name}. Can you make that change in the crm?,current_customer_name,Taylor Jackson
customer_relationship_manager,38,Reassign {current_customer_name} to {assigned_to_first_name} in the crm,We're moving {current_customer_name} to {assigned_to_first_name}. Can you make that change in the crm?,assigned_to_first_name,Raj
customer_relationship_manager,39,Reassign {current_customer_name} to {assigned_to_first_name} in the crm,We're moving {current_customer_name} to {assigned_to_first_name}. Can you make that change in the crm?,current_customer_name,Jamie Martin
customer_relationship_manager,39,Reassign {current_customer_name} to {assigned_to_first_name} in the crm,We're moving {current_customer_name} to {assigned_to_first_name}. Can you make that change in the crm?,assigned_to_first_name,Sofia
customer_relationship_manager,40,Reassign all of {assigned_to_first_name}'s leads that are interested in {natural_language_product_interest} to {new_assigned_to_first_name} in the crm.,{new_assigned_to_first_name} is taking over all of {assigned_to_first_name}'s leads that are interested in {natural_language_product_interest}. Can you reassign them in the crm?,new_assigned_to_first_name,Akira
customer_relationship_manager,40,Reassign all of {assigned_to_first_name}'s leads that are interested in {natural_language_product_interest} to {new_assigned_to_first_name} in the crm.,{new_assigned_to_first_name} is taking over all of {assigned_to_first_name}'s leads that are interested in {natural_language_product_interest}. Can you reassign them in the crm?,assigned_to_first_name,Lena
customer_relationship_manager,40,Reassign all of {assigned_to_first_name}'s leads that are interested in {natural_language_product_interest} to {new_assigned_to_first_name} in the crm.,{new_assigned_to_first_name} is taking over all of {assigned_to_first_name}'s leads that are interested in {natural_language_product_interest}. Can you reassign them in the crm?,natural_language_product_interest,software
customer_relationship_manager,41,Reassign all of {assigned_to_first_name}'s leads that are interested in {natural_language_product_interest} to {new_assigned_to_first_name} in the crm.,Reassign all of {assigned_to_first_name}'s leads that are interested in {natural_language_product_interest} to {new_assigned_to_first_name} in the crm.,assigned_to_first_name,Akira
customer_relationship_manager,41,Reassign all of {assigned_to_first_name}'s leads that are interested in {natural_language_product_interest} to {new_assigned_to_first_name} in the crm.,Reassign all of {assigned_to_first_name}'s leads that are interested in {natural_language_product_interest} to {new_assigned_to_first_name} in the crm.,natural_language_product_interest,hardware
customer_relationship_manager,41,Reassign all of {assigned_to_first_name}'s leads that are interested in {natural_language_product_interest} to {new_assigned_to_first_name} in the crm.,Reassign all of {assigned_to_first_name}'s leads that are interested in {natural_language_product_interest} to {new_assigned_to_first_name} in the crm.,new_assigned_to_first_name,Lena
customer_relationship_manager,42,Reassign all of {assigned_to_first_name}'s leads that are interested in {natural_language_product_interest} to {new_assigned_to_first_name} in the crm.,Reassign all of {assigned_to_first_name}'s leads that are interested in {natural_language_product_interest} to {new_assigned_to_first_name} in the crm.,assigned_to_first_name,Nadia
customer_relationship_manager,42,Reassign all of {assigned_to_first_name}'s leads that are interested in {natural_language_product_interest} to {new_assigned_to_first_name} in the crm.,Reassign all of {assigned_to_first_name}'s leads that are interested in {natural_language_product_interest} to {new_assigned_to_first_name} in the crm.,natural_language_product_interest,training
customer_relationship_manager,42,Reassign all of {assigned_to_first_name}'s leads that are interested in {natural_language_product_interest} to {new_assigned_to_first_name} in the crm.,Reassign all of {assigned_to_first_name}'s leads that are interested in {natural_language_product_interest} to {new_assigned_to_first_name} in the crm.,new_assigned_to_first_name,Lena
customer_relationship_manager,43,Reassign all of {assigned_to_first_name}'s leads that are interested in {natural_language_product_interest} to {new_assigned_to_first_name} in the crm.,{new_assigned_to_first_name} is taking over all of {assigned_to_first_name}'s leads that are interested in {natural_language_product_interest}. Can you reassign them in the crm?,new_assigned_to_first_name,Lena
customer_relationship_manager,43,Reassign all of {assigned_to_first_name}'s leads that are interested in {natural_language_product_interest} to {new_assigned_to_first_name} in the crm.,{new_assigned_to_first_name} is taking over all of {assigned_to_first_name}'s leads that are interested in {natural_language_product_interest}. Can you reassign them in the crm?,assigned_to_first_name,Akira
customer_relationship_manager,43,Reassign all of {assigned_to_first_name}'s leads that are interested in {natural_language_product_interest} to {new_assigned_to_first_name} in the crm.,{new_assigned_to_first_name} is taking over all of {assigned_to_first_name}'s leads that are interested in {natural_language_product_interest}. Can you reassign them in the crm?,natural_language_product_interest,software
customer_relationship_manager,44,Reassign all of {assigned_to_first_name}'s leads that are interested in {natural_language_product_interest} to {new_assigned_to_first_name} in the crm.,Reassign all of {assigned_to_first_name}'s leads that are interested in {natural_language_product_interest} to {new_assigned_to_first_name} in the crm.,assigned_to_first_name,Raj
customer_relationship_manager,44,Reassign all of {assigned_to_first_name}'s leads that are interested in {natural_language_product_interest} to {new_assigned_to_first_name} in the crm.,Reassign all of {assigned_to_first_name}'s leads that are interested in {natural_language_product_interest} to {new_assigned_to_first_name} in the crm.,natural_language_product_interest,services
customer_relationship_manager,44,Reassign all of {assigned_to_first_name}'s leads that are interested in {natural_language_product_interest} to {new_assigned_to_first_name} in the crm.,Reassign all of {assigned_to_first_name}'s leads that are interested in {natural_language_product_interest} to {new_assigned_to_first_name} in the crm.,new_assigned_to_first_name,Sofia
customer_relationship_manager,45,Reassign all of {assigned_to_first_name}'s leads that are interested in {natural_language_product_interest} to {new_assigned_to_first_name} in the crm.,Reassign all of {assigned_to_first_name}'s leads that are interested in {natural_language_product_interest} to {new_assigned_to_first_name} in the crm.,assigned_to_first_name,Nadia
customer_relationship_manager,45,Reassign all of {assigned_to_first_name}'s leads that are interested in {natural_language_product_interest} to {new_assigned_to_first_name} in the crm.,Reassign all of {assigned_to_first_name}'s leads that are interested in {natural_language_product_interest} to {new_assigned_to_first_name} in the crm.,natural_language_product_interest,consulting
customer_relationship_manager,45,Reassign all of {assigned_to_first_name}'s leads that are interested in {natural_language_product_interest} to {new_assigned_to_first_name} in the crm.,Reassign all of {assigned_to_first_name}'s leads that are interested in {natural_language_product_interest} to {new_assigned_to_first_name} in the crm.,new_assigned_to_first_name,Raj
customer_relationship_manager,46,Reassign all of {assigned_to_first_name}'s leads that are interested in {natural_language_product_interest} to {new_assigned_to_first_name} in the crm.,{new_assigned_to_first_name} is taking over all of {assigned_to_first_name}'s leads that are interested in {natural_language_product_interest}. Can you reassign them in the crm?,new_assigned_to_first_name,Akira
customer_relationship_manager,46,Reassign all of {assigned_to_first_name}'s leads that are interested in {natural_language_product_interest} to {new_assigned_to_first_name} in the crm.,{new_assigned_to_first_name} is taking over all of {assigned_to_first_name}'s leads that are interested in {natural_language_product_interest}. Can you reassign them in the crm?,assigned_to_first_name,Lena
customer_relationship_manager,46,Reassign all of {assigned_to_first_name}'s leads that are interested in {natural_language_product_interest} to {new_assigned_to_first_name} in the crm.,{new_assigned_to_first_name} is taking over all of {assigned_to_first_name}'s leads that are interested in {natural_language_product_interest}. Can you reassign them in the crm?,natural_language_product_interest,hardware
customer_relationship_manager,47,Reassign all of {assigned_to_first_name}'s leads that are interested in {natural_language_product_interest} to {new_assigned_to_first_name} in the crm.,We're moving all of {assigned_to_first_name}'s leads that are interested in {natural_language_product_interest} to {new_assigned_to_first_name}. Can you make that change in the crm?,assigned_to_first_name,Lena
customer_relationship_manager,47,Reassign all of {assigned_to_first_name}'s leads that are interested in {natural_language_product_interest} to {new_assigned_to_first_name} in the crm.,We're moving all of {assigned_to_first_name}'s leads that are interested in {natural_language_product_interest} to {new_assigned_to_first_name}. Can you make that change in the crm?,natural_language_product_interest,services
customer_relationship_manager,47,Reassign all of {assigned_to_first_name}'s leads that are interested in {natural_language_product_interest} to {new_assigned_to_first_name} in the crm.,We're moving all of {assigned_to_first_name}'s leads that are interested in {natural_language_product_interest} to {new_assigned_to_first_name}. Can you make that change in the crm?,new_assigned_to_first_name,Sofia
customer_relationship_manager,48,Reassign all of {assigned_to_first_name}'s leads that are interested in {natural_language_product_interest} to {new_assigned_to_first_name} in the crm.,Reassign all of {assigned_to_first_name}'s leads that are interested in {natural_language_product_interest} to {new_assigned_to_first_name} in the crm.,assigned_to_first_name,Raj
customer_relationship_manager,48,Reassign all of {assigned_to_first_name}'s leads that are interested in {natural_language_product_interest} to {new_assigned_to_first_name} in the crm.,Reassign all of {assigned_to_first_name}'s leads that are interested in {natural_language_product_interest} to {new_assigned_to_first_name} in the crm.,natural_language_product_interest,training
customer_relationship_manager,48,Reassign all of {assigned_to_first_name}'s leads that are interested in {natural_language_product_interest} to {new_assigned_to_first_name} in the crm.,Reassign all of {assigned_to_first_name}'s leads that are interested in {natural_language_product_interest} to {new_assigned_to_first_name} in the crm.,new_assigned_to_first_name,Akira
customer_relationship_manager,49,Reassign all of {assigned_to_first_name}'s leads that are interested in {natural_language_product_interest} to {new_assigned_to_first_name} in the crm.,Reassign all of {assigned_to_first_name}'s leads that are interested in {natural_language_product_interest} to {new_assigned_to_first_name} in the crm.,assigned_to_first_name,Lena
customer_relationship_manager,49,Reassign all of {assigned_to_first_name}'s leads that are interested in {natural_language_product_interest} to {new_assigned_to_first_name} in the crm.,Reassign all of {assigned_to_first_name}'s leads that are interested in {natural_language_product_interest} to {new_assigned_to_first_name} in the crm.,natural_language_product_interest,services
customer_relationship_manager,49,Reassign all of {assigned_to_first_name}'s leads that are interested in {natural_language_product_interest} to {new_assigned_to_first_name} in the crm.,Reassign all of {assigned_to_first_name}'s leads that are interested in {natural_language_product_interest} to {new_assigned_to_first_name} in the crm.,new_assigned_to_first_name,Sofia
customer_relationship_manager,50,Give {new_assigned_to_first_name} all of {assigned_to_first_name}'s customers that are interested in {natural_language_product_interest} and are either qualified or in proposal in the crm,I need to move all of {assigned_to_first_name}'s customers that are interested in {natural_language_product_interest} and are either qualified or in proposal to {new_assigned_to_first_name}. Can you make that change in the crm?,assigned_to_first_name,Sofia
customer_relationship_manager,50,Give {new_assigned_to_first_name} all of {assigned_to_first_name}'s customers that are interested in {natural_language_product_interest} and are either qualified or in proposal in the crm,I need to move all of {assigned_to_first_name}'s customers that are interested in {natural_language_product_interest} and are either qualified or in proposal to {new_assigned_to_first_name}. Can you make that change in the crm?,natural_language_product_interest,services
customer_relationship_manager,50,Give {new_assigned_to_first_name} all of {assigned_to_first_name}'s customers that are interested in {natural_language_product_interest} and are either qualified or in proposal in the crm,I need to move all of {assigned_to_first_name}'s customers that are interested in {natural_language_product_interest} and are either qualified or in proposal to {new_assigned_to_first_name}. Can you make that change in the crm?,new_assigned_to_first_name,Raj
customer_relationship_manager,51,Give {new_assigned_to_first_name} all of {assigned_to_first_name}'s customers that are interested in {natural_language_product_interest} and are either qualified or in proposal in the crm,{new_assigned_to_first_name} is taking over all of {assigned_to_first_name}'s customers that are interested in {natural_language_product_interest} and are either qualified or in proposal. Can you reassign them in the crm?,new_assigned_to_first_name,Raj
customer_relationship_manager,51,Give {new_assigned_to_first_name} all of {assigned_to_first_name}'s customers that are interested in {natural_language_product_interest} and are either qualified or in proposal in the crm,{new_assigned_to_first_name} is taking over all of {assigned_to_first_name}'s customers that are interested in {natural_language_product_interest} and are either qualified or in proposal. Can you reassign them in the crm?,assigned_to_first_name,Sofia
customer_relationship_manager,51,Give {new_assigned_to_first_name} all of {assigned_to_first_name}'s customers that are interested in {natural_language_product_interest} and are either qualified or in proposal in the crm,{new_assigned_to_first_name} is taking over all of {assigned_to_first_name}'s customers that are interested in {natural_language_product_interest} and are either qualified or in proposal. Can you reassign them in the crm?,natural_language_product_interest,training
customer_relationship_manager,52,Give {new_assigned_to_first_name} all of {assigned_to_first_name}'s customers that are interested in {natural_language_product_interest} and are either qualified or in proposal in the crm,Give {new_assigned_to_first_name} all of {assigned_to_first_name}'s customers that are interested in {natural_language_product_interest} and are either qualified or in proposal in the crm,new_assigned_to_first_name,Raj
customer_relationship_manager,52,Give {new_assigned_to_first_name} all of {assigned_to_first_name}'s customers that are interested in {natural_language_product_interest} and are either qualified or in proposal in the crm,Give {new_assigned_to_first_name} all of {assigned_to_first_name}'s customers that are interested in {natural_language_product_interest} and are either qualified or in proposal in the crm,assigned_to_first_name,Nadia
customer_relationship_manager,52,Give {new_assigned_to_first_name} all of {assigned_to_first_name}'s customers that are interested in {natural_language_product_interest} and are either qualified or in proposal in the crm,Give {new_assigned_to_first_name} all of {assigned_to_first_name}'s customers that are interested in {natural_language_product_interest} and are either qualified or in proposal in the crm,natural_language_product_interest,consulting
customer_relationship_manager,53,Give {new_assigned_to_first_name} all of {assigned_to_first_name}'s customers that are interested in {natural_language_product_interest} and are either qualified or in proposal in the crm,I need to move all of {assigned_to_first_name}'s customers that are interested in {natural_language_product_interest} and are either qualified or in proposal to {new_assigned_to_first_name}. Can you make that change in the crm?,assigned_to_first_name,Sofia
customer_relationship_manager,53,Give {new_assigned_to_first_name} all of {assigned_to_first_name}'s customers that are interested in {natural_language_product_interest} and are either qualified or in proposal in the crm,I need to move all of {assigned_to_first_name}'s customers that are interested in {natural_language_product_interest} and are either qualified or in proposal to {new_assigned_to_first_name}. Can you make that change in the crm?,natural_language_product_interest,training
customer_relationship_manager,53,Give {new_assigned_to_first_name} all of {assigned_to_first_name}'s customers that are interested in {natural_language_product_interest} and are either qualified or in proposal in the crm,I need to move all of {assigned_to_first_name}'s customers that are interested in {natural_language_product_interest} and are either qualified or in proposal to {new_assigned_to_first_name}. Can you make that change in the crm?,new_assigned_to_first_name,Nadia
customer_relationship_manager,54,Give {new_assigned_to_first_name} all of {assigned_to_first_name}'s customers that are interested in {natural_language_product_interest} and are either qualified or in proposal in the crm,Give {new_assigned_to_first_name} all of {assigned_to_first_name}'s customers that are interested in {natural_language_product_interest} and are either qualified or in proposal in the crm,new_assigned_to_first_name,Sofia
customer_relationship_manager,54,Give {new_assigned_to_first_name} all of {assigned_to_first_name}'s customers that are interested in {natural_language_product_interest} and are either qualified or in proposal in the crm,Give {new_assigned_to_first_name} all of {assigned_to_first_name}'s customers that are interested in {natural_language_product_interest} and are either qualified or in proposal in the crm,assigned_to_first_name,Lena
customer_relationship_manager,54,Give {new_assigned_to_first_name} all of {assigned_to_first_name}'s customers that are interested in {natural_language_product_interest} and are either qualified or in proposal in the crm,Give {new_assigned_to_first_name} all of {assigned_to_first_name}'s customers that are interested in {natural_language_product_interest} and are either qualified or in proposal in the crm,natural_language_product_interest,training
customer_relationship_manager,55,Give {new_assigned_to_first_name} all of {assigned_to_first_name}'s customers that are interested in {natural_language_product_interest} and are either qualified or in proposal in the crm,Give {new_assigned_to_first_name} all of {assigned_to_first_name}'s customers that are interested in {natural_language_product_interest} and are either qualified or in proposal in the crm,new_assigned_to_first_name,Nadia
customer_relationship_manager,55,Give {new_assigned_to_first_name} all of {assigned_to_first_name}'s customers that are interested in {natural_language_product_interest} and are either qualified or in proposal in the crm,Give {new_assigned_to_first_name} all of {assigned_to_first_name}'s customers that are interested in {natural_language_product_interest} and are either qualified or in proposal in the crm,assigned_to_first_name,Sofia
customer_relationship_manager,55,Give {new_assigned_to_first_name} all of {assigned_to_first_name}'s customers that are interested in {natural_language_product_interest} and are either qualified or in proposal in the crm,Give {new_assigned_to_first_name} all of {assigned_to_first_name}'s customers that are interested in {natural_language_product_interest} and are either qualified or in proposal in the crm,natural_language_product_interest,hardware
customer_relationship_manager,56,Give {new_assigned_to_first_name} all of {assigned_to_first_name}'s customers that are interested in {natural_language_product_interest} and are either qualified or in proposal in the crm,I need to move all of {assigned_to_first_name}'s customers that are interested in {natural_language_product_interest} and are either qualified or in proposal to {new_assigned_to_first_name}. Can you make that change in the crm?,assigned_to_first_name,Raj
customer_relationship_manager,56,Give {new_assigned_to_first_name} all of {assigned_to_first_name}'s customers that are interested in {natural_language_product_interest} and are either qualified or in proposal in the crm,I need to move all of {assigned_to_first_name}'s customers that are interested in {natural_language_product_interest} and are either qualified or in proposal to {new_assigned_to_first_name}. Can you make that change in the crm?,natural_language_product_interest,hardware
customer_relationship_manager,56,Give {new_assigned_to_first_name} all of {assigned_to_first_name}'s customers that are interested in {natural_language_product_interest} and are either qualified or in proposal in the crm,I need to move all of {assigned_to_first_name}'s customers that are interested in {natural_language_product_interest} and are either qualified or in proposal to {new_assigned_to_first_name}. Can you make that change in the crm?,new_assigned_to_first_name,Sofia
customer_relationship_manager,57,Give {new_assigned_to_first_name} all of {assigned_to_first_name}'s customers that are interested in {natural_language_product_interest} and are either qualified or in proposal in the crm,Give {new_assigned_to_first_name} all of {assigned_to_first_name}'s customers that are interested in {natural_language_product_interest} and are either qualified or in proposal in the crm,new_assigned_to_first_name,Akira
customer_relationship_manager,57,Give {new_assigned_to_first_name} all of {assigned_to_first_name}'s customers that are interested in {natural_language_product_interest} and are either qualified or in proposal in the crm,Give {new_assigned_to_first_name} all of {assigned_to_first_name}'s customers that are interested in {natural_language_product_interest} and are either qualified or in proposal in the crm,assigned_to_first_name,Nadia
customer_relationship_manager,57,Give {new_assigned_to_first_name} all of {assigned_to_first_name}'s customers that are interested in {natural_language_product_interest} and are either qualified or in proposal in the crm,Give {new_assigned_to_first_name} all of {assigned_to_first_name}'s customers that are interested in {natural_language_product_interest} and are either qualified or in proposal in the crm,natural_language_product_interest,hardware
customer_relationship_manager,58,Give {new_assigned_to_first_name} all of {assigned_to_first_name}'s customers that are interested in {natural_language_product_interest} and are either qualified or in proposal in the crm,{new_assigned_to_first_name} is taking over all of {assigned_to_first_name}'s customers that are interested in {natural_language_product_interest} and are either qualified or in proposal. Can you reassign them in the crm?,new_assigned_to_first_name,Sofia
customer_relationship_manager,58,Give {new_assigned_to_first_name} all of {assigned_to_first_name}'s customers that are interested in {natural_language_product_interest} and are either qualified or in proposal in the crm,{new_assigned_to_first_name} is taking over all of {assigned_to_first_name}'s customers that are interested in {natural_language_product_interest} and are either qualified or in proposal. Can you reassign them in the crm?,assigned_to_first_name,Lena
customer_relationship_manager,58,Give {new_assigned_to_first_name} all of {assigned_to_first_name}'s customers that are interested in {natural_language_product_interest} and are either qualified or in proposal in the crm,{new_assigned_to_first_name} is taking over all of {assigned_to_first_name}'s customers that are interested in {natural_language_product_interest} and are either qualified or in proposal. Can you reassign them in the crm?,natural_language_product_interest,services
customer_relationship_manager,59,Give {new_assigned_to_first_name} all of {assigned_to_first_name}'s customers that are interested in {natural_language_product_interest} and are either qualified or in proposal in the crm,{new_assigned_to_first_name} is taking over all of {assigned_to_first_name}'s customers that are interested in {natural_language_product_interest} and are either qualified or in proposal. Can you reassign them in the crm?,new_assigned_to_first_name,Sofia
customer_relationship_manager,59,Give {new_assigned_to_first_name} all of {assigned_to_first_name}'s customers that are interested in {natural_language_product_interest} and are either qualified or in proposal in the crm,{new_assigned_to_first_name} is taking over all of {assigned_to_first_name}'s customers that are interested in {natural_language_product_interest} and are either qualified or in proposal. Can you reassign them in the crm?,assigned_to_first_name,Raj
customer_relationship_manager,59,Give {new_assigned_to_first_name} all of {assigned_to_first_name}'s customers that are interested in {natural_language_product_interest} and are either qualified or in proposal in the crm,{new_assigned_to_first_name} is taking over all of {assigned_to_first_name}'s customers that are interested in {natural_language_product_interest} and are either qualified or in proposal. Can you reassign them in the crm?,natural_language_product_interest,consulting
customer_relationship_manager,60,Delete all of {assigned_to_first_name}'s customers that are in the {new_status_natural_language} stage and interested in {natural_language_product_interest} in the crm,We no longer need to keep all of {assigned_to_first_name}'s customers that are in the {new_status_natural_language} stage and interested in {natural_language_product_interest}. Can you delete them from the crm?,assigned_to_first_name,Sofia
customer_relationship_manager,60,Delete all of {assigned_to_first_name}'s customers that are in the {new_status_natural_language} stage and interested in {natural_language_product_interest} in the crm,We no longer need to keep all of {assigned_to_first_name}'s customers that are in the {new_status_natural_language} stage and interested in {natural_language_product_interest}. Can you delete them from the crm?,new_status_natural_language,won
customer_relationship_manager,60,Delete all of {assigned_to_first_name}'s customers that are in the {new_status_natural_language} stage and interested in {natural_language_product_interest} in the crm,We no longer need to keep all of {assigned_to_first_name}'s customers that are in the {new_status_natural_language} stage and interested in {natural_language_product_interest}. Can you delete them from the crm?,natural_language_product_interest,services
customer_relationship_manager,61,Delete all of {assigned_to_first_name}'s customers that are in the {new_status_natural_language} stage and interested in {natural_language_product_interest} in the crm,We no longer need to keep all of {assigned_to_first_name}'s customers that are in the {new_status_natural_language} stage and interested in {natural_language_product_interest}. Can you delete them from the crm?,assigned_to_first_name,Sofia
customer_relationship_manager,61,Delete all of {assigned_to_first_name}'s customers that are in the {new_status_natural_language} stage and interested in {natural_language_product_interest} in the crm,We no longer need to keep all of {assigned_to_first_name}'s customers that are in the {new_status_natural_language} stage and interested in {natural_language_product_interest}. Can you delete them from the crm?,new_status_natural_language,qualified
customer_relationship_manager,61,Delete all of {assigned_to_first_name}'s customers that are in the {new_status_natural_language} stage and interested in {natural_language_product_interest} in the crm,We no longer need to keep all of {assigned_to_first_name}'s customers that are in the {new_status_natural_language} stage and interested in {natural_language_product_interest}. Can you delete them from the crm?,natural_language_product_interest,services
customer_relationship_manager,62,Delete all of {assigned_to_first_name}'s customers that are in the {new_status_natural_language} stage and interested in {natural_language_product_interest} in the crm,I need to remove all of {assigned_to_first_name}'s customers that are in the {new_status_natural_language} stage and interested in {natural_language_product_interest} from the crm. Can you make that change?,assigned_to_first_name,Raj
customer_relationship_manager,62,Delete all of {assigned_to_first_name}'s customers that are in the {new_status_natural_language} stage and interested in {natural_language_product_interest} in the crm,I need to remove all of {assigned_to_first_name}'s customers that are in the {new_status_natural_language} stage and interested in {natural_language_product_interest} from the crm. Can you make that change?,new_status_natural_language,lost
customer_relationship_manager,62,Delete all of {assigned_to_first_name}'s customers that are in the {new_status_natural_language} stage and interested in {natural_language_product_interest} in the crm,I need to remove all of {assigned_to_first_name}'s customers that are in the {new_status_natural_language} stage and interested in {natural_language_product_interest} from the crm. Can you make that change?,natural_language_product_interest,software
customer_relationship_manager,63,Delete all of {assigned_to_first_name}'s customers that are in the {new_status_natural_language} stage and interested in {natural_language_product_interest} in the crm,I need to remove all of {assigned_to_first_name}'s customers that are in the {new_status_natural_language} stage and interested in {natural_language_product_interest} from the crm. Can you make that change?,assigned_to_first_name,Lena
customer_relationship_manager,63,Delete all of {assigned_to_first_name}'s customers that are in the {new_status_natural_language} stage and interested in {natural_language_product_interest} in the crm,I need to remove all of {assigned_to_first_name}'s customers that are in the {new_status_natural_language} stage and interested in {natural_language_product_interest} from the crm. Can you make that change?,new_status_natural_language,qualified
customer_relationship_manager,63,Delete all of {assigned_to_first_name}'s customers that are in the {new_status_natural_language} stage and interested in {natural_language_product_interest} in the crm,I need to remove all of {assigned_to_first_name}'s customers that are in the {new_status_natural_language} stage and interested in {natural_language_product_interest} from the crm. Can you make that change?,natural_language_product_interest,hardware
customer_relationship_manager,64,Delete all of {assigned_to_first_name}'s customers that are in the {new_status_natural_language} stage and interested in {natural_language_product_interest} in the crm,I need to remove all of {assigned_to_first_name}'s customers that are in the {new_status_natural_language} stage and interested in {natural_language_product_interest} from the crm. Can you make that change?,assigned_to_first_name,Akira
customer_relationship_manager,64,Delete all of {assigned_to_first_name}'s customers that are in the {new_status_natural_language} stage and interested in {natural_language_product_interest} in the crm,I need to remove all of {assigned_to_first_name}'s customers that are in the {new_status_natural_language} stage and interested in {natural_language_product_interest} from the crm. Can you make that change?,new_status_natural_language,qualified
customer_relationship_manager,64,Delete all of {assigned_to_first_name}'s customers that are in the {new_status_natural_language} stage and interested in {natural_language_product_interest} in the crm,I need to remove all of {assigned_to_first_name}'s customers that are in the {new_status_natural_language} stage and interested in {natural_language_product_interest} from the crm. Can you make that change?,natural_language_product_interest,services
customer_relationship_manager,65,Delete all of {assigned_to_first_name}'s customers that are in the {new_status_natural_language} stage and interested in {natural_language_product_interest} in the crm,I need to remove all of {assigned_to_first_name}'s customers that are in the {new_status_natural_language} stage and interested in {natural_language_product_interest} from the crm. Can you make that change?,assigned_to_first_name,Akira
customer_relationship_manager,65,Delete all of {assigned_to_first_name}'s customers that are in the {new_status_natural_language} stage and interested in {natural_language_product_interest} in the crm,I need to remove all of {assigned_to_first_name}'s customers that are in the {new_status_natural_language} stage and interested in {natural_language_product_interest} from the crm. Can you make that change?,new_status_natural_language,proposal
customer_relationship_manager,65,Delete all of {assigned_to_first_name}'s customers that are in the {new_status_natural_language} stage and interested in {natural_language_product_interest} in the crm,I need to remove all of {assigned_to_first_name}'s customers that are in the {new_status_natural_language} stage and interested in {natural_language_product_interest} from the crm. Can you make that change?,natural_language_product_interest,software
customer_relationship_manager,66,Delete all of {assigned_to_first_name}'s customers that are in the {new_status_natural_language} stage and interested in {natural_language_product_interest} in the crm,I need to remove all of {assigned_to_first_name}'s customers that are in the {new_status_natural_language} stage and interested in {natural_language_product_interest} from the crm. Can you make that change?,assigned_to_first_name,Nadia
customer_relationship_manager,66,Delete all of {assigned_to_first_name}'s customers that are in the {new_status_natural_language} stage and interested in {natural_language_product_interest} in the crm,I need to remove all of {assigned_to_first_name}'s customers that are in the {new_status_natural_language} stage and interested in {natural_language_product_interest} from the crm. Can you make that change?,new_status_natural_language,qualified
customer_relationship_manager,66,Delete all of {assigned_to_first_name}'s customers that are in the {new_status_natural_language} stage and interested in {natural_language_product_interest} in the crm,I need to remove all of {assigned_to_first_name}'s customers that are in the {new_status_natural_language} stage and interested in {natural_language_product_interest} from the crm. Can you make that change?,natural_language_product_interest,training
customer_relationship_manager,67,Delete all of {assigned_to_first_name}'s customers that are in the {new_status_natural_language} stage and interested in {natural_language_product_interest} in the crm,I need to remove all of {assigned_to_first_name}'s customers that are in the {new_status_natural_language} stage and interested in {natural_language_product_interest} from the crm. Can you make that change?,assigned_to_first_name,Raj
customer_relationship_manager,67,Delete all of {assigned_to_first_name}'s customers that are in the {new_status_natural_language} stage and interested in {natural_language_product_interest} in the crm,I need to remove all of {assigned_to_first_name}'s customers that are in the {new_status_natural_language} stage and interested in {natural_language_product_interest} from the crm. Can you make that change?,new_status_natural_language,won
customer_relationship_manager,67,Delete all of {assigned_to_first_name}'s customers that are in the {new_status_natural_language} stage and interested in {natural_language_product_interest} in the crm,I need to remove all of {assigned_to_first_name}'s customers that are in the {new_status_natural_language} stage and interested in {natural_language_product_interest} from the crm. Can you make that change?,natural_language_product_interest,consulting
customer_relationship_manager,68,Delete all of {assigned_to_first_name}'s customers that are in the {new_status_natural_language} stage and interested in {natural_language_product_interest} in the crm,I need to remove all of {assigned_to_first_name}'s customers that are in the {new_status_natural_language} stage and interested in {natural_language_product_interest} from the crm. Can you make that change?,assigned_to_first_name,Raj
customer_relationship_manager,68,Delete all of {assigned_to_first_name}'s customers that are in the {new_status_natural_language} stage and interested in {natural_language_product_interest} in the crm,I need to remove all of {assigned_to_first_name}'s customers that are in the {new_status_natural_language} stage and interested in {natural_language_product_interest} from the crm. Can you make that change?,new_status_natural_language,qualified
customer_relationship_manager,68,Delete all of {assigned_to_first_name}'s customers that are in the {new_status_natural_language} stage and interested in {natural_language_product_interest} in the crm,I need to remove all of {assigned_to_first_name}'s customers that are in the {new_status_natural_language} stage and interested in {natural_language_product_interest} from the crm. Can you make that change?,natural_language_product_interest,services
customer_relationship_manager,69,Delete all of {assigned_to_first_name}'s customers that are in the {new_status_natural_language} stage and interested in {natural_language_product_interest} in the crm,We no longer need to keep all of {assigned_to_first_name}'s customers that are in the {new_status_natural_language} stage and interested in {natural_language_product_interest}. Can you delete them from the crm?,assigned_to_first_name,Akira
customer_relationship_manager,69,Delete all of {assigned_to_first_name}'s customers that are in the {new_status_natural_language} stage and interested in {natural_language_product_interest} in the crm,We no longer need to keep all of {assigned_to_first_name}'s customers that are in the {new_status_natural_language} stage and interested in {natural_language_product_interest}. Can you delete them from the crm?,new_status_natural_language,lost
customer_relationship_manager,69,Delete all of {assigned_to_first_name}'s customers that are in the {new_status_natural_language} stage and interested in {natural_language_product_interest} in the crm,We no longer need to keep all of {assigned_to_first_name}'s customers that are in the {new_status_natural_language} stage and interested in {natural_language_product_interest}. Can you delete them from the crm?,natural_language_product_interest,hardware
customer_relationship_manager,70,Move all customers that haven't responded to a proposal for the {natural_language_product_interest} product in {weeks} weeks to lost in the crm,I think there's a few customers that haven't responded to a proposal for the {natural_language_product_interest} product in {weeks} weeks. Can you move them to lost in the crm?,natural_language_product_interest,software
customer_relationship_manager,70,Move all customers that haven't responded to a proposal for the {natural_language_product_interest} product in {weeks} weeks to lost in the crm,I think there's a few customers that haven't responded to a proposal for the {natural_language_product_interest} product in {weeks} weeks. Can you move them to lost in the crm?,weeks,3
customer_relationship_manager,71,Move all customers that haven't responded to a proposal for the {natural_language_product_interest} product in {weeks} weeks to lost in the crm,I think there's a few customers that haven't responded to a proposal for the {natural_language_product_interest} product in {weeks} weeks. Can you move them to lost in the crm?,natural_language_product_interest,software
customer_relationship_manager,71,Move all customers that haven't responded to a proposal for the {natural_language_product_interest} product in {weeks} weeks to lost in the crm,I think there's a few customers that haven't responded to a proposal for the {natural_language_product_interest} product in {weeks} weeks. Can you move them to lost in the crm?,weeks,6
customer_relationship_manager,72,Move all customers that haven't responded to a proposal for the {natural_language_product_interest} product in {weeks} weeks to lost in the crm,Move all customers that haven't responded to a proposal for the {natural_language_product_interest} product in {weeks} weeks to lost in the crm,natural_language_product_interest,services
customer_relationship_manager,72,Move all customers that haven't responded to a proposal for the {natural_language_product_interest} product in {weeks} weeks to lost in the crm,Move all customers that haven't responded to a proposal for the {natural_language_product_interest} product in {weeks} weeks to lost in the crm,weeks,5
customer_relationship_manager,73,Move all customers that haven't responded to a proposal for the {natural_language_product_interest} product in {weeks} weeks to lost in the crm,I think there's a few customers that haven't responded to a proposal for the {natural_language_product_interest} product in {weeks} weeks. Can you move them to lost in the crm?,natural_language_product_interest,consulting
customer_relationship_manager,73,Move all customers that haven't responded to a proposal for the {natural_language_product_interest} product in {weeks} weeks to lost in the crm,I think there's a few customers that haven't responded to a proposal for the {natural_language_product_interest} product in {weeks} weeks. Can you move them to lost in the crm?,weeks,4
customer_relationship_manager,74,Move all customers that haven't responded to a proposal for the {natural_language_product_interest} product in {weeks} weeks to lost in the crm,I think there's a few customers that haven't responded to a proposal for the {natural_language_product_interest} product in {weeks} weeks. Can you move them to lost in the crm?,natural_language_product_interest,hardware
customer_relationship_manager,74,Move all customers that haven't responded to a proposal for the {natural_language_product_interest} product in {weeks} weeks to lost in the crm,I think there's a few customers that haven't responded to a proposal for the {natural_language_product_interest} product in {weeks} weeks. Can you move them to lost in the crm?,weeks,6
customer_relationship_manager,75,Move all customers that haven't responded to a proposal for the {natural_language_product_interest} product in {weeks} weeks to lost in the crm,We need to move all customers that haven't responded to a proposal for the {natural_language_product_interest} product in {weeks} weeks to lost. Can you update the CRM?,natural_language_product_interest,hardware
customer_relationship_manager,75,Move all customers that haven't responded to a proposal for the {natural_language_product_interest} product in {weeks} weeks to lost in the crm,We need to move all customers that haven't responded to a proposal for the {natural_language_product_interest} product in {weeks} weeks to lost. Can you update the CRM?,weeks,4
customer_relationship_manager,76,Move all customers that haven't responded to a proposal for the {natural_language_product_interest} product in {weeks} weeks to lost in the crm,Move all customers that haven't responded to a proposal for the {natural_language_product_interest} product in {weeks} weeks to lost in the crm,natural_language_product_interest,consulting
customer_relationship_manager,76,Move all customers that haven't responded to a proposal for the {natural_language_product_interest} product in {weeks} weeks to lost in the crm,Move all customers that haven't responded to a proposal for the {natural_language_product_interest} product in {weeks} weeks to lost in the crm,weeks,6
customer_relationship_manager,77,Move all customers that haven't responded to a proposal for the {natural_language_product_interest} product in {weeks} weeks to lost in the crm,We need to move all customers that haven't responded to a proposal for the {natural_language_product_interest} product in {weeks} weeks to lost. Can you update the CRM?,natural_language_product_interest,software
customer_relationship_manager,77,Move all customers that haven't responded to a proposal for the {natural_language_product_interest} product in {weeks} weeks to lost in the crm,We need to move all customers that haven't responded to a proposal for the {natural_language_product_interest} product in {weeks} weeks to lost. Can you update the CRM?,weeks,6
customer_relationship_manager,78,Move all customers that haven't responded to a proposal for the {natural_language_product_interest} product in {weeks} weeks to lost in the crm,We need to move all customers that haven't responded to a proposal for the {natural_language_product_interest} product in {weeks} weeks to lost. Can you update the CRM?,natural_language_product_interest,hardware
customer_relationship_manager,78,Move all customers that haven't responded to a proposal for the {natural_language_product_interest} product in {weeks} weeks to lost in the crm,We need to move all customers that haven't responded to a proposal for the {natural_language_product_interest} product in {weeks} weeks to lost. Can you update the CRM?,weeks,5
customer_relationship_manager,79,Move all customers that haven't responded to a proposal for the {natural_language_product_interest} product in {weeks} weeks to lost in the crm,Move all customers that haven't responded to a proposal for the {natural_language_product_interest} product in {weeks} weeks to lost in the crm,natural_language_product_interest,consulting
customer_relationship_manager,79,Move all customers that haven't responded to a proposal for the {natural_language_product_interest} product in {weeks} weeks to lost in the crm,Move all customers that haven't responded to a proposal for the {natural_language_product_interest} product in {weeks} weeks to lost in the crm,weeks,5
analytics,0,Can you make a {plot_type} chart of {natural_language_metric} since {natural_language_date}?,Can you make a {plot_type} chart of {natural_language_metric} since {natural_language_date}?,plot_type,bar
analytics,0,Can you make a {plot_type} chart of {natural_language_metric} since {natural_language_date}?,Can you make a {plot_type} chart of {natural_language_metric} since {natural_language_date}?,natural_language_metric,total visits
analytics,0,Can you make a {plot_type} chart of {natural_language_metric} since {natural_language_date}?,Can you make a {plot_type} chart of {natural_language_metric} since {natural_language_date}?,natural_language_date,November 21
analytics,1,Can you make a {plot_type} chart of {natural_language_metric} since {natural_language_date}?,Can you make a {plot_type} chart of {natural_language_metric} since {natural_language_date}?,plot_type,histogram
analytics,1,Can you make a {plot_type} chart of {natural_language_metric} since {natural_language_date}?,Can you make a {plot_type} chart of {natural_language_metric} since {natural_language_date}?,natural_language_metric,engaged users
analytics,1,Can you make a {plot_type} chart of {natural_language_metric} since {natural_language_date}?,Can you make a {plot_type} chart of {natural_language_metric} since {natural_language_date}?,natural_language_date,September 27
analytics,2,Can you make a {plot_type} chart of {natural_language_metric} since {natural_language_date}?,Create a {plot_type} chart of {natural_language_metric} since {natural_language_date},plot_type,bar
analytics,2,Can you make a {plot_type} chart of {natural_language_metric} since {natural_language_date}?,Create a {plot_type} chart of {natural_language_metric} since {natural_language_date},natural_language_metric,total visits
analytics,2,Can you make a {plot_type} chart of {natural_language_metric} since {natural_language_date}?,Create a {plot_type} chart of {natural_language_metric} since {natural_language_date},natural_language_date,September 2
analytics,3,Can you make a {plot_type} chart of {natural_language_metric} since {natural_language_date}?,Can you make a {plot_type} chart of {natural_language_metric} since {natural_language_date}?,plot_type,scatter
analytics,3,Can you make a {plot_type} chart of {natural_language_metric} since {natural_language_date}?,Can you make a {plot_type} chart of {natural_language_metric} since {natural_language_date}?,natural_language_metric,engaged users
analytics,3,Can you make a {plot_type} chart of {natural_language_metric} since {natural_language_date}?,Can you make a {plot_type} chart of {natural_language_metric} since {natural_language_date}?,natural_language_date,September 7
analytics,4,Can you make a {plot_type} chart of {natural_language_metric} since {natural_language_date}?,Can you make a {plot_type} chart of {natural_language_metric} since {natural_language_date}?,plot_type,bar
analytics,4,Can you make a {plot_type} chart of {natural_language_metric} since {natural_language_date}?,Can you make a {plot_type} chart of {natural_language_metric} since {natural_language_date}?,natural_language_metric,engaged users
analytics,4,Can you make a {plot_type} chart of {natural_language_metric} since {natural_language_date}?,Can you make a {plot_type} chart of {natural_language_metric} since {natural_language_date}?,natural_language_date,October 2
analytics,5,Can you make a {plot_type} chart of {natural_language_metric} since {natural_language_date}?,Plot {natural_language_metric} since {natural_language_date} as a {plot_type} chart,natural_language_metric,total visits
analytics,5,Can you make a {plot_type} chart of {natural_language_metric} since {natural_language_date}?,Plot {natural_language_metric} since {natural_language_date} as a {plot_type} chart,natural_language_date,October 28
analytics,5,Can you make a {plot_type} chart of {natural_language_metric} since {natural_language_date}?,Plot {natural_language_metric} since {natural_language_date} as a {plot_type} chart,plot_type,scatter
analytics,6,Can you make a {plot_type} chart of {natural_language_metric} since {natural_language_date}?,Plot {natural_language_metric} since {natural_language_date} as a {plot_type} chart,natural_language_metric,average session duration
analytics,6,Can you make a {plot_type} chart of {natural_language_metric} since {natural_language_date}?,Plot {natural_language_metric} since {natural_language_date} as a {plot_type} chart,natural_language_date,September 29
analytics,6,Can you make a {plot_type} chart of {natural_language_metric} since {natural_language_date}?,Plot {natural_language_metric} since {natural_language_date} as a {plot_type} chart,plot_type,line
analytics,7,Can you make a {plot_type} chart of {natural_language_metric} since {natural_language_date}?,Create a {plot_type} chart of {natural_language_metric} since {natural_language_date},plot_type,bar
analytics,7,Can you make a {plot_type} chart of {natural_language_metric} since {natural_language_date}?,Create a {plot_type} chart of {natural_language_metric} since {natural_language_date},natural_language_metric,engaged users
analytics,7,Can you make a {plot_type} chart of {natural_language_metric} since {natural_language_date}?,Create a {plot_type} chart of {natural_language_metric} since {natural_language_date},natural_language_date,September 4
analytics,8,Can you make a {plot_type} chart of {natural_language_metric} since {natural_language_date}?,Can you make a {plot_type} chart of {natural_language_metric} since {natural_language_date}?,plot_type,bar
analytics,8,Can you make a {plot_type} chart of {natural_language_metric} since {natural_language_date}?,Can you make a {plot_type} chart of {natural_language_metric} since {natural_language_date}?,natural_language_metric,total visits
analytics,8,Can you make a {plot_type} chart of {natural_language_metric} since {natural_language_date}?,Can you make a {plot_type} chart of {natural_language_metric} since {natural_language_date}?,natural_language_date,September 9
analytics,9,Can you make a {plot_type} chart of {natural_language_metric} since {natural_language_date}?,Plot {natural_language_metric} since {natural_language_date} as a {plot_type} chart,natural_language_metric,average session duration
analytics,9,Can you make a {plot_type} chart of {natural_language_metric} since {natural_language_date}?,Plot {natural_language_metric} since {natural_language_date} as a {plot_type} chart,natural_language_date,September 26
analytics,9,Can you make a {plot_type} chart of {natural_language_metric} since {natural_language_date}?,Plot {natural_language_metric} since {natural_language_date} as a {plot_type} chart,plot_type,bar
analytics,10,Plot the distribution of {natural_language_metric} on {natural_language_date},please plot the distribution of the {natural_language_metric} metric on {natural_language_date},natural_language_metric,total visits
analytics,10,Plot the distribution of {natural_language_metric} on {natural_language_date},please plot the distribution of the {natural_language_metric} metric on {natural_language_date},natural_language_date,October 10
analytics,11,Plot the distribution of {natural_language_metric} on {natural_language_date},please plot the distribution of the {natural_language_metric} metric on {natural_language_date},natural_language_metric,total visits
analytics,11,Plot the distribution of {natural_language_metric} on {natural_language_date},please plot the distribution of the {natural_language_metric} metric on {natural_language_date},natural_language_date,October 20
analytics,12,Plot the distribution of {natural_language_metric} on {natural_language_date},Can you make a histogram of {natural_language_metric} on {natural_language_date}?,natural_language_metric,total visits
analytics,12,Plot the distribution of {natural_language_metric} on {natural_language_date},Can you make a histogram of {natural_language_metric} on {natural_language_date}?,natural_language_date,September 20
analytics,13,Plot the distribution of {natural_language_metric} on {natural_language_date},please plot the distribution of the {natural_language_metric} metric on {natural_language_date},natural_language_metric,total visits
analytics,13,Plot the distribution of {natural_language_metric} on {natural_language_date},please plot the distribution of the {natural_language_metric} metric on {natural_language_date},natural_language_date,September 9
analytics,14,Plot the distribution of {natural_language_metric} on {natural_language_date},please plot the distribution of the {natural_language_metric} metric on {natural_language_date},natural_language_metric,total visits
analytics,14,Plot the distribution of {natural_language_metric} on {natural_language_date},please plot the distribution of the {natural_language_metric} metric on {natural_language_date},natural_language_date,October 17
analytics,15,Plot the distribution of {natural_language_metric} on {natural_language_date},please plot the distribution of the {natural_language_metric} metric on {natural_language_date},natural_language_metric,average session duration
analytics,15,Plot the distribution of {natural_language_metric} on {natural_language_date},please plot the distribution of the {natural_language_metric} metric on {natural_language_date},natural_language_date,September 11
analytics,16,Plot the distribution of {natural_language_metric} on {natural_language_date},please plot the distribution of the {natural_language_metric} metric on {natural_language_date},natural_language_metric,total visits
analytics,16,Plot the distribution of {natural_language_metric} on {natural_language_date},please plot the distribution of the {natural_language_metric} metric on {natural_language_date},natural_language_date,November 14
analytics,17,Plot the distribution of {natural_language_metric} on {natural_language_date},please plot the distribution of the {natural_language_metric} metric on {natural_language_date},natural_language_metric,engaged users
analytics,17,Plot the distribution of {natural_language_metric} on {natural_language_date},please plot the distribution of the {natural_language_metric} metric on {natural_language_date},natural_language_date,November 15
analytics,18,Plot the distribution of {natural_language_metric} on {natural_language_date},please plot the distribution of the {natural_language_metric} metric on {natural_language_date},natural_language_metric,engaged users
analytics,18,Plot the distribution of {natural_language_metric} on {natural_language_date},please plot the distribution of the {natural_language_metric} metric on {natural_language_date},natural_language_date,November 29
analytics,19,Plot the distribution of {natural_language_metric} on {natural_language_date},Plot the distribution of {natural_language_metric} on {natural_language_date},natural_language_metric,total visits
analytics,19,Plot the distribution of {natural_language_metric} on {natural_language_date},Plot the distribution of {natural_language_metric} on {natural_language_date},natural_language_date,October 28
analytics,20,Can you plot the distribution of both {natural_language_metric} and {natural_language_metric_2} between {natural_language_date} and {natural_language_date_max}??,Please plot for me the distribution of {natural_language_metric} and {natural_language_metric_2} between {natural_language_date} and {natural_language_date_max},natural_language_metric,engaged users
analytics,20,Can you plot the distribution of both {natural_language_metric} and {natural_language_metric_2} between {natural_language_date} and {natural_language_date_max}??,Please plot for me the distribution of {natural_language_metric} and {natural_language_metric_2} between {natural_language_date} and {natural_language_date_max},natural_language_metric_2,total visits
analytics,20,Can you plot the distribution of both {natural_language_metric} and {natural_language_metric_2} between {natural_language_date} and {natural_language_date_max}??,Please plot for me the distribution of {natural_language_metric} and {natural_language_metric_2} between {natural_language_date} and {natural_language_date_max},natural_language_date,November 5
analytics,20,Can you plot the distribution of both {natural_language_metric} and {natural_language_metric_2} between {natural_language_date} and {natural_language_date_max}??,Please plot for me the distribution of {natural_language_metric} and {natural_language_metric_2} between {natural_language_date} and {natural_language_date_max},natural_language_date_max,November 21
analytics,21,Can you plot the distribution of both {natural_language_metric} and {natural_language_metric_2} between {natural_language_date} and {natural_language_date_max}??,I need a histogram of {natural_language_metric} and {natural_language_metric_2} between {natural_language_date} and {natural_language_date_max},natural_language_metric,total visits
analytics,21,Can you plot the distribution of both {natural_language_metric} and {natural_language_metric_2} between {natural_language_date} and {natural_language_date_max}??,I need a histogram of {natural_language_metric} and {natural_language_metric_2} between {natural_language_date} and {natural_language_date_max},natural_language_metric_2,average session duration
analytics,21,Can you plot the distribution of both {natural_language_metric} and {natural_language_metric_2} between {natural_language_date} and {natural_language_date_max}??,I need a histogram of {natural_language_metric} and {natural_language_metric_2} between {natural_language_date} and {natural_language_date_max},natural_language_date,September 29
analytics,21,Can you plot the distribution of both {natural_language_metric} and {natural_language_metric_2} between {natural_language_date} and {natural_language_date_max}??,I need a histogram of {natural_language_metric} and {natural_language_metric_2} between {natural_language_date} and {natural_language_date_max},natural_language_date_max,November 13
analytics,22,Can you plot the distribution of both {natural_language_metric} and {natural_language_metric_2} between {natural_language_date} and {natural_language_date_max}??,Can you plot the distribution of both {natural_language_metric} and {natural_language_metric_2} between {natural_language_date} and {natural_language_date_max}??,natural_language_metric,total visits
analytics,22,Can you plot the distribution of both {natural_language_metric} and {natural_language_metric_2} between {natural_language_date} and {natural_language_date_max}??,Can you plot the distribution of both {natural_language_metric} and {natural_language_metric_2} between {natural_language_date} and {natural_language_date_max}??,natural_language_metric_2,average session duration
analytics,22,Can you plot the distribution of both {natural_language_metric} and {natural_language_metric_2} between {natural_language_date} and {natural_language_date_max}??,Can you plot the distribution of both {natural_language_metric} and {natural_language_metric_2} between {natural_language_date} and {natural_language_date_max}??,natural_language_date,October 11
analytics,22,Can you plot the distribution of both {natural_language_metric} and {natural_language_metric_2} between {natural_language_date} and {natural_language_date_max}??,Can you plot the distribution of both {natural_language_metric} and {natural_language_metric_2} between {natural_language_date} and {natural_language_date_max}??,natural_language_date_max,November 19
analytics,23,Can you plot the distribution of both {natural_language_metric} and {natural_language_metric_2} between {natural_language_date} and {natural_language_date_max}??,Can you plot the distribution of both {natural_language_metric} and {natural_language_metric_2} between {natural_language_date} and {natural_language_date_max}??,natural_language_metric,total visits
analytics,23,Can you plot the distribution of both {natural_language_metric} and {natural_language_metric_2} between {natural_language_date} and {natural_language_date_max}??,Can you plot the distribution of both {natural_language_metric} and {natural_language_metric_2} between {natural_language_date} and {natural_language_date_max}??,natural_language_metric_2,average session duration
analytics,23,Can you plot the distribution of both {natural_language_metric} and {natural_language_metric_2} between {natural_language_date} and {natural_language_date_max}??,Can you plot the distribution of both {natural_language_metric} and {natural_language_metric_2} between {natural_language_date} and {natural_language_date_max}??,natural_language_date,October 12
analytics,23,Can you plot the distribution of both {natural_language_metric} and {natural_language_metric_2} between {natural_language_date} and {natural_language_date_max}??,Can you plot the distribution of both {natural_language_metric} and {natural_language_metric_2} between {natural_language_date} and {natural_language_date_max}??,natural_language_date_max,November 6
analytics,24,Can you plot the distribution of both {natural_language_metric} and {natural_language_metric_2} between {natural_language_date} and {natural_language_date_max}??,Please plot for me the distribution of {natural_language_metric} and {natural_language_metric_2} between {natural_language_date} and {natural_language_date_max},natural_language_metric,engaged users
analytics,24,Can you plot the distribution of both {natural_language_metric} and {natural_language_metric_2} between {natural_language_date} and {natural_language_date_max}??,Please plot for me the distribution of {natural_language_metric} and {natural_language_metric_2} between {natural_language_date} and {natural_language_date_max},natural_language_metric_2,average session duration
analytics,24,Can you plot the distribution of both {natural_language_metric} and {natural_language_metric_2} between {natural_language_date} and {natural_language_date_max}??,Please plot for me the distribution of {natural_language_metric} and {natural_language_metric_2} between {natural_language_date} and {natural_language_date_max},natural_language_date,October 14
analytics,24,Can you plot the distribution of both {natural_language_metric} and {natural_language_metric_2} between {natural_language_date} and {natural_language_date_max}??,Please plot for me the distribution of {natural_language_metric} and {natural_language_metric_2} between {natural_language_date} and {natural_language_date_max},natural_language_date_max,November 6
analytics,25,Can you plot the distribution of both {natural_language_metric} and {natural_language_metric_2} between {natural_language_date} and {natural_language_date_max}??,Please plot for me the distribution of {natural_language_metric} and {natural_language_metric_2} between {natural_language_date} and {natural_language_date_max},natural_language_metric,total visits
analytics,25,Can you plot the distribution of both {natural_language_metric} and {natural_language_metric_2} between {natural_language_date} and {natural_language_date_max}??,Please plot for me the distribution of {natural_language_metric} and {natural_language_metric_2} between {natural_language_date} and {natural_language_date_max},natural_language_metric_2,average session duration
analytics,25,Can you plot the distribution of both {natural_language_metric} and {natural_language_metric_2} between {natural_language_date} and {natural_language_date_max}??,Please plot for me the distribution of {natural_language_metric} and {natural_language_metric_2} between {natural_language_date} and {natural_language_date_max},natural_language_date,November 15
analytics,25,Can you plot the distribution of both {natural_language_metric} and {natural_language_metric_2} between {natural_language_date} and {natural_language_date_max}??,Please plot for me the distribution of {natural_language_metric} and {natural_language_metric_2} between {natural_language_date} and {natural_language_date_max},natural_language_date_max,November 24
analytics,26,Can you plot the distribution of both {natural_language_metric} and {natural_language_metric_2} between {natural_language_date} and {natural_language_date_max}??,I need a histogram of {natural_language_metric} and {natural_language_metric_2} between {natural_language_date} and {natural_language_date_max},natural_language_metric,average session duration
analytics,26,Can you plot the distribution of both {natural_language_metric} and {natural_language_metric_2} between {natural_language_date} and {natural_language_date_max}??,I need a histogram of {natural_language_metric} and {natural_language_metric_2} between {natural_language_date} and {natural_language_date_max},natural_language_metric_2,engaged users
analytics,26,Can you plot the distribution of both {natural_language_metric} and {natural_language_metric_2} between {natural_language_date} and {natural_language_date_max}??,I need a histogram of {natural_language_metric} and {natural_language_metric_2} between {natural_language_date} and {natural_language_date_max},natural_language_date,November 3
analytics,26,Can you plot the distribution of both {natural_language_metric} and {natural_language_metric_2} between {natural_language_date} and {natural_language_date_max}??,I need a histogram of {natural_language_metric} and {natural_language_metric_2} between {natural_language_date} and {natural_language_date_max},natural_language_date_max,November 19
analytics,27,Can you plot the distribution of both {natural_language_metric} and {natural_language_metric_2} between {natural_language_date} and {natural_language_date_max}??,Please plot for me the distribution of {natural_language_metric} and {natural_language_metric_2} between {natural_language_date} and {natural_language_date_max},natural_language_metric,engaged users
analytics,27,Can you plot the distribution of both {natural_language_metric} and {natural_language_metric_2} between {natural_language_date} and {natural_language_date_max}??,Please plot for me the distribution of {natural_language_metric} and {natural_language_metric_2} between {natural_language_date} and {natural_language_date_max},natural_language_metric_2,total visits
analytics,27,Can you plot the distribution of both {natural_language_metric} and {natural_language_metric_2} between {natural_language_date} and {natural_language_date_max}??,Please plot for me the distribution of {natural_language_metric} and {natural_language_metric_2} between {natural_language_date} and {natural_language_date_max},natural_language_date,September 3
analytics,27,Can you plot the distribution of both {natural_language_metric} and {natural_language_metric_2} between {natural_language_date} and {natural_language_date_max}??,Please plot for me the distribution of {natural_language_metric} and {natural_language_metric_2} between {natural_language_date} and {natural_language_date_max},natural_language_date_max,November 2
analytics,28,Can you plot the distribution of both {natural_language_metric} and {natural_language_metric_2} between {natural_language_date} and {natural_language_date_max}??,Please plot for me the distribution of {natural_language_metric} and {natural_language_metric_2} between {natural_language_date} and {natural_language_date_max},natural_language_metric,total visits
analytics,28,Can you plot the distribution of both {natural_language_metric} and {natural_language_metric_2} between {natural_language_date} and {natural_language_date_max}??,Please plot for me the distribution of {natural_language_metric} and {natural_language_metric_2} between {natural_language_date} and {natural_language_date_max},natural_language_metric_2,average session duration
analytics,28,Can you plot the distribution of both {natural_language_metric} and {natural_language_metric_2} between {natural_language_date} and {natural_language_date_max}??,Please plot for me the distribution of {natural_language_metric} and {natural_language_metric_2} between {natural_language_date} and {natural_language_date_max},natural_language_date,November 24
analytics,28,Can you plot the distribution of both {natural_language_metric} and {natural_language_metric_2} between {natural_language_date} and {natural_language_date_max}??,Please plot for me the distribution of {natural_language_metric} and {natural_language_metric_2} between {natural_language_date} and {natural_language_date_max},natural_language_date_max,November 28
analytics,29,Can you plot the distribution of both {natural_language_metric} and {natural_language_metric_2} between {natural_language_date} and {natural_language_date_max}??,I need a histogram of {natural_language_metric} and {natural_language_metric_2} between {natural_language_date} and {natural_language_date_max},natural_language_metric,average session duration
analytics,29,Can you plot the distribution of both {natural_language_metric} and {natural_language_metric_2} between {natural_language_date} and {natural_language_date_max}??,I need a histogram of {natural_language_metric} and {natural_language_metric_2} between {natural_language_date} and {natural_language_date_max},natural_language_metric_2,engaged users
analytics,29,Can you plot the distribution of both {natural_language_metric} and {natural_language_metric_2} between {natural_language_date} and {natural_language_date_max}??,I need a histogram of {natural_language_metric} and {natural_language_metric_2} between {natural_language_date} and {natural_language_date_max},natural_language_date,October 9
analytics,29,Can you plot the distribution of both {natural_language_metric} and {natural_language_metric_2} between {natural_language_date} and {natural_language_date_max}??,I need a histogram of {natural_language_metric} and {natural_language_metric_2} between {natural_language_date} and {natural_language_date_max},natural_language_date_max,October 26
analytics,30,"If {natural_language_metric} was {more_or_less} than {threshold} at any time since {natural_language_date}, make a line plot of it since then","was {natural_language_metric} {more_or_less} than {threshold} at any time since {natural_language_date}? If so, please plot it as a line chart",natural_language_metric,total visits
analytics,30,"If {natural_language_metric} was {more_or_less} than {threshold} at any time since {natural_language_date}, make a line plot of it since then","was {natural_language_metric} {more_or_less} than {threshold} at any time since {natural_language_date}? If so, please plot it as a line chart",more_or_less,less
analytics,30,"If {natural_language_metric} was {more_or_less} than {threshold} at any time since {natural_language_date}, make a line plot of it since then","was {natural_language_metric} {more_or_less} than {threshold} at any time since {natural_language_date}? If so, please plot it as a line chart",threshold,3
analytics,30,"If {natural_language_metric} was {more_or_less} than {threshold} at any time since {natural_language_date}, make a line plot of it since then","was {natural_language_metric} {more_or_less} than {threshold} at any time since {natural_language_date}? If so, please plot it as a line chart",natural_language_date,September 13
analytics,31,"If {natural_language_metric} was {more_or_less} than {threshold} at any time since {natural_language_date}, make a line plot of it since then",Can you make a line chart of {natural_language_metric} since {natural_language_date} if it was {more_or_less} than {threshold} since at any time {natural_language_date}?,natural_language_metric,engaged users
analytics,31,"If {natural_language_metric} was {more_or_less} than {threshold} at any time since {natural_language_date}, make a line plot of it since then",Can you make a line chart of {natural_language_metric} since {natural_language_date} if it was {more_or_less} than {threshold} since at any time {natural_language_date}?,natural_language_date,October 24
analytics,31,"If {natural_language_metric} was {more_or_less} than {threshold} at any time since {natural_language_date}, make a line plot of it since then",Can you make a line chart of {natural_language_metric} since {natural_language_date} if it was {more_or_less} than {threshold} since at any time {natural_language_date}?,more_or_less,less
analytics,31,"If {natural_language_metric} was {more_or_less} than {threshold} at any time since {natural_language_date}, make a line plot of it since then",Can you make a line chart of {natural_language_metric} since {natural_language_date} if it was {more_or_less} than {threshold} since at any time {natural_language_date}?,threshold,11
analytics,32,"If {natural_language_metric} was {more_or_less} than {threshold} at any time since {natural_language_date}, make a line plot of it since then","was {natural_language_metric} {more_or_less} than {threshold} at any time since {natural_language_date}? If so, please plot it as a line chart",natural_language_metric,total visits
analytics,32,"If {natural_language_metric} was {more_or_less} than {threshold} at any time since {natural_language_date}, make a line plot of it since then","was {natural_language_metric} {more_or_less} than {threshold} at any time since {natural_language_date}? If so, please plot it as a line chart",more_or_less,more
analytics,32,"If {natural_language_metric} was {more_or_less} than {threshold} at any time since {natural_language_date}, make a line plot of it since then","was {natural_language_metric} {more_or_less} than {threshold} at any time since {natural_language_date}? If so, please plot it as a line chart",threshold,3
analytics,32,"If {natural_language_metric} was {more_or_less} than {threshold} at any time since {natural_language_date}, make a line plot of it since then","was {natural_language_metric} {more_or_less} than {threshold} at any time since {natural_language_date}? If so, please plot it as a line chart",natural_language_date,October 28
analytics,33,"If {natural_language_metric} was {more_or_less} than {threshold} at any time since {natural_language_date}, make a line plot of it since then","If {natural_language_metric} was {more_or_less} than {threshold} at any time since {natural_language_date}, make a line plot of it since then",natural_language_metric,average session duration
analytics,33,"If {natural_language_metric} was {more_or_less} than {threshold} at any time since {natural_language_date}, make a line plot of it since then","If {natural_language_metric} was {more_or_less} than {threshold} at any time since {natural_language_date}, make a line plot of it since then",more_or_less,more
analytics,33,"If {natural_language_metric} was {more_or_less} than {threshold} at any time since {natural_language_date}, make a line plot of it since then","If {natural_language_metric} was {more_or_less} than {threshold} at any time since {natural_language_date}, make a line plot of it since then",threshold,2
analytics,33,"If {natural_language_metric} was {more_or_less} than {threshold} at any time since {natural_language_date}, make a line plot of it since then","If {natural_language_metric} was {more_or_less} than {threshold} at any time since {natural_language_date}, make a line plot of it since then",natural_language_date,October 29
analytics,34,"If {natural_language_metric} was {more_or_less} than {threshold} at any time since {natural_language_date}, make a line plot of it since then","was {natural_language_metric} {more_or_less} than {threshold} at any time since {natural_language_date}? If so, please plot it as a line chart",natural_language_metric,engaged users
analytics,34,"If {natural_language_metric} was {more_or_less} than {threshold} at any time since {natural_language_date}, make a line plot of it since then","was {natural_language_metric} {more_or_less} than {threshold} at any time since {natural_language_date}? If so, please plot it as a line chart",more_or_less,less
analytics,34,"If {natural_language_metric} was {more_or_less} than {threshold} at any time since {natural_language_date}, make a line plot of it since then","was {natural_language_metric} {more_or_less} than {threshold} at any time since {natural_language_date}? If so, please plot it as a line chart",threshold,1
analytics,34,"If {natural_language_metric} was {more_or_less} than {threshold} at any time since {natural_language_date}, make a line plot of it since then","was {natural_language_metric} {more_or_less} than {threshold} at any time since {natural_language_date}? If so, please plot it as a line chart",natural_language_date,September 7
analytics,35,"If {natural_language_metric} was {more_or_less} than {threshold} at any time since {natural_language_date}, make a line plot of it since then","was {natural_language_metric} {more_or_less} than {threshold} at any time since {natural_language_date}? If so, please plot it as a line chart",natural_language_metric,total visits
analytics,35,"If {natural_language_metric} was {more_or_less} than {threshold} at any time since {natural_language_date}, make a line plot of it since then","was {natural_language_metric} {more_or_less} than {threshold} at any time since {natural_language_date}? If so, please plot it as a line chart",more_or_less,more
analytics,35,"If {natural_language_metric} was {more_or_less} than {threshold} at any time since {natural_language_date}, make a line plot of it since then","was {natural_language_metric} {more_or_less} than {threshold} at any time since {natural_language_date}? If so, please plot it as a line chart",threshold,3
analytics,35,"If {natural_language_metric} was {more_or_less} than {threshold} at any time since {natural_language_date}, make a line plot of it since then","was {natural_language_metric} {more_or_less} than {threshold} at any time since {natural_language_date}? If so, please plot it as a line chart",natural_language_date,October 6
analytics,36,"If {natural_language_metric} was {more_or_less} than {threshold} at any time since {natural_language_date}, make a line plot of it since then","was {natural_language_metric} {more_or_less} than {threshold} at any time since {natural_language_date}? If so, please plot it as a line chart",natural_language_metric,average session duration
analytics,36,"If {natural_language_metric} was {more_or_less} than {threshold} at any time since {natural_language_date}, make a line plot of it since then","was {natural_language_metric} {more_or_less} than {threshold} at any time since {natural_language_date}? If so, please plot it as a line chart",more_or_less,more
analytics,36,"If {natural_language_metric} was {more_or_less} than {threshold} at any time since {natural_language_date}, make a line plot of it since then","was {natural_language_metric} {more_or_less} than {threshold} at any time since {natural_language_date}? If so, please plot it as a line chart",threshold,19
analytics,36,"If {natural_language_metric} was {more_or_less} than {threshold} at any time since {natural_language_date}, make a line plot of it since then","was {natural_language_metric} {more_or_less} than {threshold} at any time since {natural_language_date}? If so, please plot it as a line chart",natural_language_date,November 5
analytics,37,"If {natural_language_metric} was {more_or_less} than {threshold} at any time since {natural_language_date}, make a line plot of it since then",Can you make a line chart of {natural_language_metric} since {natural_language_date} if it was {more_or_less} than {threshold} since at any time {natural_language_date}?,natural_language_metric,total visits
analytics,37,"If {natural_language_metric} was {more_or_less} than {threshold} at any time since {natural_language_date}, make a line plot of it since then",Can you make a line chart of {natural_language_metric} since {natural_language_date} if it was {more_or_less} than {threshold} since at any time {natural_language_date}?,natural_language_date,September 24
analytics,37,"If {natural_language_metric} was {more_or_less} than {threshold} at any time since {natural_language_date}, make a line plot of it since then",Can you make a line chart of {natural_language_metric} since {natural_language_date} if it was {more_or_less} than {threshold} since at any time {natural_language_date}?,more_or_less,more
analytics,37,"If {natural_language_metric} was {more_or_less} than {threshold} at any time since {natural_language_date}, make a line plot of it since then",Can you make a line chart of {natural_language_metric} since {natural_language_date} if it was {more_or_less} than {threshold} since at any time {natural_language_date}?,threshold,21
analytics,38,"If {natural_language_metric} was {more_or_less} than {threshold} at any time since {natural_language_date}, make a line plot of it since then",Can you make a line chart of {natural_language_metric} since {natural_language_date} if it was {more_or_less} than {threshold} since at any time {natural_language_date}?,natural_language_metric,engaged users
analytics,38,"If {natural_language_metric} was {more_or_less} than {threshold} at any time since {natural_language_date}, make a line plot of it since then",Can you make a line chart of {natural_language_metric} since {natural_language_date} if it was {more_or_less} than {threshold} since at any time {natural_language_date}?,natural_language_date,October 6
analytics,38,"If {natural_language_metric} was {more_or_less} than {threshold} at any time since {natural_language_date}, make a line plot of it since then",Can you make a line chart of {natural_language_metric} since {natural_language_date} if it was {more_or_less} than {threshold} since at any time {natural_language_date}?,more_or_less,more
analytics,38,"If {natural_language_metric} was {more_or_less} than {threshold} at any time since {natural_language_date}, make a line plot of it since then",Can you make a line chart of {natural_language_metric} since {natural_language_date} if it was {more_or_less} than {threshold} since at any time {natural_language_date}?,threshold,1
analytics,39,"If {natural_language_metric} was {more_or_less} than {threshold} at any time since {natural_language_date}, make a line plot of it since then",Can you make a line chart of {natural_language_metric} since {natural_language_date} if it was {more_or_less} than {threshold} since at any time {natural_language_date}?,natural_language_metric,engaged users
analytics,39,"If {natural_language_metric} was {more_or_less} than {threshold} at any time since {natural_language_date}, make a line plot of it since then",Can you make a line chart of {natural_language_metric} since {natural_language_date} if it was {more_or_less} than {threshold} since at any time {natural_language_date}?,natural_language_date,September 9
analytics,39,"If {natural_language_metric} was {more_or_less} than {threshold} at any time since {natural_language_date}, make a line plot of it since then",Can you make a line chart of {natural_language_metric} since {natural_language_date} if it was {more_or_less} than {threshold} since at any time {natural_language_date}?,more_or_less,more
analytics,39,"If {natural_language_metric} was {more_or_less} than {threshold} at any time since {natural_language_date}, make a line plot of it since then",Can you make a line chart of {natural_language_metric} since {natural_language_date} if it was {more_or_less} than {threshold} since at any time {natural_language_date}?,threshold,5
analytics,40,Make bar charts showing {natural_language_metric} and {natural_language_metric_2} since {date_min},Make bar charts showing {natural_language_metric} and {natural_language_metric_2} since {date_min},natural_language_metric,average session duration
analytics,40,Make bar charts showing {natural_language_metric} and {natural_language_metric_2} since {date_min},Make bar charts showing {natural_language_metric} and {natural_language_metric_2} since {date_min},natural_language_metric_2,engaged users
analytics,40,Make bar charts showing {natural_language_metric} and {natural_language_metric_2} since {date_min},Make bar charts showing {natural_language_metric} and {natural_language_metric_2} since {date_min},date_min,2023-09-04
analytics,41,Make bar charts showing {natural_language_metric} and {natural_language_metric_2} since {date_min},can you make bar charts of {natural_language_metric} and {natural_language_metric_2} since {date_min}?,natural_language_metric,average session duration
analytics,41,Make bar charts showing {natural_language_metric} and {natural_language_metric_2} since {date_min},can you make bar charts of {natural_language_metric} and {natural_language_metric_2} since {date_min}?,natural_language_metric_2,total visits
analytics,41,Make bar charts showing {natural_language_metric} and {natural_language_metric_2} since {date_min},can you make bar charts of {natural_language_metric} and {natural_language_metric_2} since {date_min}?,date_min,2023-11-05
analytics,42,Make bar charts showing {natural_language_metric} and {natural_language_metric_2} since {date_min},I need bar charts of {natural_language_metric} and {natural_language_metric_2} since {date_min},natural_language_metric,total visits
analytics,42,Make bar charts showing {natural_language_metric} and {natural_language_metric_2} since {date_min},I need bar charts of {natural_language_metric} and {natural_language_metric_2} since {date_min},natural_language_metric_2,engaged users
analytics,42,Make bar charts showing {natural_language_metric} and {natural_language_metric_2} since {date_min},I need bar charts of {natural_language_metric} and {natural_language_metric_2} since {date_min},date_min,2023-11-10
analytics,43,Make bar charts showing {natural_language_metric} and {natural_language_metric_2} since {date_min},Make bar charts showing {natural_language_metric} and {natural_language_metric_2} since {date_min},natural_language_metric,engaged users
analytics,43,Make bar charts showing {natural_language_metric} and {natural_language_metric_2} since {date_min},Make bar charts showing {natural_language_metric} and {natural_language_metric_2} since {date_min},natural_language_metric_2,average session duration
analytics,43,Make bar charts showing {natural_language_metric} and {natural_language_metric_2} since {date_min},Make bar charts showing {natural_language_metric} and {natural_language_metric_2} since {date_min},date_min,2023-09-24
analytics,44,Make bar charts showing {natural_language_metric} and {natural_language_metric_2} since {date_min},I need bar charts of {natural_language_metric} and {natural_language_metric_2} since {date_min},natural_language_metric,average session duration
analytics,44,Make bar charts showing {natural_language_metric} and {natural_language_metric_2} since {date_min},I need bar charts of {natural_language_metric} and {natural_language_metric_2} since {date_min},natural_language_metric_2,total visits
analytics,44,Make bar charts showing {natural_language_metric} and {natural_language_metric_2} since {date_min},I need bar charts of {natural_language_metric} and {natural_language_metric_2} since {date_min},date_min,2023-11-03
analytics,45,Make bar charts showing {natural_language_metric} and {natural_language_metric_2} since {date_min},Make bar charts showing {natural_language_metric} and {natural_language_metric_2} since {date_min},natural_language_metric,average session duration
analytics,45,Make bar charts showing {natural_language_metric} and {natural_language_metric_2} since {date_min},Make bar charts showing {natural_language_metric} and {natural_language_metric_2} since {date_min},natural_language_metric_2,total visits
analytics,45,Make bar charts showing {natural_language_metric} and {natural_language_metric_2} since {date_min},Make bar charts showing {natural_language_metric} and {natural_language_metric_2} since {date_min},date_min,2023-11-17
analytics,46,Make bar charts showing {natural_language_metric} and {natural_language_metric_2} since {date_min},Make bar charts showing {natural_language_metric} and {natural_language_metric_2} since {date_min},natural_language_metric,total visits
analytics,46,Make bar charts showing {natural_language_metric} and {natural_language_metric_2} since {date_min},Make bar charts showing {natural_language_metric} and {natural_language_metric_2} since {date_min},natural_language_metric_2,engaged users
analytics,46,Make bar charts showing {natural_language_metric} and {natural_language_metric_2} since {date_min},Make bar charts showing {natural_language_metric} and {natural_language_metric_2} since {date_min},date_min,2023-11-17
analytics,47,Make bar charts showing {natural_language_metric} and {natural_language_metric_2} since {date_min},Make bar charts showing {natural_language_metric} and {natural_language_metric_2} since {date_min},natural_language_metric,engaged users
analytics,47,Make bar charts showing {natural_language_metric} and {natural_language_metric_2} since {date_min},Make bar charts showing {natural_language_metric} and {natural_language_metric_2} since {date_min},natural_language_metric_2,average session duration
analytics,47,Make bar charts showing {natural_language_metric} and {natural_language_metric_2} since {date_min},Make bar charts showing {natural_language_metric} and {natural_language_metric_2} since {date_min},date_min,2023-11-23
analytics,48,Make bar charts showing {natural_language_metric} and {natural_language_metric_2} since {date_min},can you make bar charts of {natural_language_metric} and {natural_language_metric_2} since {date_min}?,natural_language_metric,engaged users
analytics,48,Make bar charts showing {natural_language_metric} and {natural_language_metric_2} since {date_min},can you make bar charts of {natural_language_metric} and {natural_language_metric_2} since {date_min}?,natural_language_metric_2,average session duration
analytics,48,Make bar charts showing {natural_language_metric} and {natural_language_metric_2} since {date_min},can you make bar charts of {natural_language_metric} and {natural_language_metric_2} since {date_min}?,date_min,2023-11-02
analytics,49,Make bar charts showing {natural_language_metric} and {natural_language_metric_2} since {date_min},I need bar charts of {natural_language_metric} and {natural_language_metric_2} since {date_min},natural_language_metric,engaged users
analytics,49,Make bar charts showing {natural_language_metric} and {natural_language_metric_2} since {date_min},I need bar charts of {natural_language_metric} and {natural_language_metric_2} since {date_min},natural_language_metric_2,average session duration
analytics,49,Make bar charts showing {natural_language_metric} and {natural_language_metric_2} since {date_min},I need bar charts of {natural_language_metric} and {natural_language_metric_2} since {date_min},date_min,2023-10-14
analytics,50,"If {natural_language_metric} was {more_or_less} than {threshold} any time in the last {past_n_weeks} weeks, make a line plot of it since then","Was {natural_language_metric} {more_or_less} than {threshold} at any time in the last {past_n_weeks} weeks? If so, please plot it as a line chart",natural_language_metric,total visits
analytics,50,"If {natural_language_metric} was {more_or_less} than {threshold} any time in the last {past_n_weeks} weeks, make a line plot of it since then","Was {natural_language_metric} {more_or_less} than {threshold} at any time in the last {past_n_weeks} weeks? If so, please plot it as a line chart",more_or_less,more
analytics,50,"If {natural_language_metric} was {more_or_less} than {threshold} any time in the last {past_n_weeks} weeks, make a line plot of it since then","Was {natural_language_metric} {more_or_less} than {threshold} at any time in the last {past_n_weeks} weeks? If so, please plot it as a line chart",threshold,21
analytics,50,"If {natural_language_metric} was {more_or_less} than {threshold} any time in the last {past_n_weeks} weeks, make a line plot of it since then","Was {natural_language_metric} {more_or_less} than {threshold} at any time in the last {past_n_weeks} weeks? If so, please plot it as a line chart",past_n_weeks,1
analytics,51,"If {natural_language_metric} was {more_or_less} than {threshold} any time in the last {past_n_weeks} weeks, make a line plot of it since then",Can you make a line chart of {natural_language_metric} since the last {past_n_weeks} weeks if it was {more_or_less} than {threshold} at any time in the last {past_n_weeks} weeks?,natural_language_metric,average session duration
analytics,51,"If {natural_language_metric} was {more_or_less} than {threshold} any time in the last {past_n_weeks} weeks, make a line plot of it since then",Can you make a line chart of {natural_language_metric} since the last {past_n_weeks} weeks if it was {more_or_less} than {threshold} at any time in the last {past_n_weeks} weeks?,past_n_weeks,2
analytics,51,"If {natural_language_metric} was {more_or_less} than {threshold} any time in the last {past_n_weeks} weeks, make a line plot of it since then",Can you make a line chart of {natural_language_metric} since the last {past_n_weeks} weeks if it was {more_or_less} than {threshold} at any time in the last {past_n_weeks} weeks?,more_or_less,more
analytics,51,"If {natural_language_metric} was {more_or_less} than {threshold} any time in the last {past_n_weeks} weeks, make a line plot of it since then",Can you make a line chart of {natural_language_metric} since the last {past_n_weeks} weeks if it was {more_or_less} than {threshold} at any time in the last {past_n_weeks} weeks?,threshold,2
analytics,52,"If {natural_language_metric} was {more_or_less} than {threshold} any time in the last {past_n_weeks} weeks, make a line plot of it since then","If {natural_language_metric} was {more_or_less} than {threshold} any time in the last {past_n_weeks} weeks, make a line plot of it since then",natural_language_metric,engaged users
analytics,52,"If {natural_language_metric} was {more_or_less} than {threshold} any time in the last {past_n_weeks} weeks, make a line plot of it since then","If {natural_language_metric} was {more_or_less} than {threshold} any time in the last {past_n_weeks} weeks, make a line plot of it since then",more_or_less,more
analytics,52,"If {natural_language_metric} was {more_or_less} than {threshold} any time in the last {past_n_weeks} weeks, make a line plot of it since then","If {natural_language_metric} was {more_or_less} than {threshold} any time in the last {past_n_weeks} weeks, make a line plot of it since then",threshold,11
analytics,52,"If {natural_language_metric} was {more_or_less} than {threshold} any time in the last {past_n_weeks} weeks, make a line plot of it since then","If {natural_language_metric} was {more_or_less} than {threshold} any time in the last {past_n_weeks} weeks, make a line plot of it since then",past_n_weeks,1
analytics,53,"If {natural_language_metric} was {more_or_less} than {threshold} any time in the last {past_n_weeks} weeks, make a line plot of it since then",Can you make a line chart of {natural_language_metric} since the last {past_n_weeks} weeks if it was {more_or_less} than {threshold} at any time in the last {past_n_weeks} weeks?,natural_language_metric,total visits
analytics,53,"If {natural_language_metric} was {more_or_less} than {threshold} any time in the last {past_n_weeks} weeks, make a line plot of it since then",Can you make a line chart of {natural_language_metric} since the last {past_n_weeks} weeks if it was {more_or_less} than {threshold} at any time in the last {past_n_weeks} weeks?,past_n_weeks,4
analytics,53,"If {natural_language_metric} was {more_or_less} than {threshold} any time in the last {past_n_weeks} weeks, make a line plot of it since then",Can you make a line chart of {natural_language_metric} since the last {past_n_weeks} weeks if it was {more_or_less} than {threshold} at any time in the last {past_n_weeks} weeks?,more_or_less,more
analytics,53,"If {natural_language_metric} was {more_or_less} than {threshold} any time in the last {past_n_weeks} weeks, make a line plot of it since then",Can you make a line chart of {natural_language_metric} since the last {past_n_weeks} weeks if it was {more_or_less} than {threshold} at any time in the last {past_n_weeks} weeks?,threshold,10
analytics,54,"If {natural_language_metric} was {more_or_less} than {threshold} any time in the last {past_n_weeks} weeks, make a line plot of it since then","Was {natural_language_metric} {more_or_less} than {threshold} at any time in the last {past_n_weeks} weeks? If so, please plot it as a line chart",natural_language_metric,total visits
analytics,54,"If {natural_language_metric} was {more_or_less} than {threshold} any time in the last {past_n_weeks} weeks, make a line plot of it since then","Was {natural_language_metric} {more_or_less} than {threshold} at any time in the last {past_n_weeks} weeks? If so, please plot it as a line chart",more_or_less,less
analytics,54,"If {natural_language_metric} was {more_or_less} than {threshold} any time in the last {past_n_weeks} weeks, make a line plot of it since then","Was {natural_language_metric} {more_or_less} than {threshold} at any time in the last {past_n_weeks} weeks? If so, please plot it as a line chart",threshold,3
analytics,54,"If {natural_language_metric} was {more_or_less} than {threshold} any time in the last {past_n_weeks} weeks, make a line plot of it since then","Was {natural_language_metric} {more_or_less} than {threshold} at any time in the last {past_n_weeks} weeks? If so, please plot it as a line chart",past_n_weeks,1
analytics,55,"If {natural_language_metric} was {more_or_less} than {threshold} any time in the last {past_n_weeks} weeks, make a line plot of it since then","Was {natural_language_metric} {more_or_less} than {threshold} at any time in the last {past_n_weeks} weeks? If so, please plot it as a line chart",natural_language_metric,total visits
analytics,55,"If {natural_language_metric} was {more_or_less} than {threshold} any time in the last {past_n_weeks} weeks, make a line plot of it since then","Was {natural_language_metric} {more_or_less} than {threshold} at any time in the last {past_n_weeks} weeks? If so, please plot it as a line chart",more_or_less,more
analytics,55,"If {natural_language_metric} was {more_or_less} than {threshold} any time in the last {past_n_weeks} weeks, make a line plot of it since then","Was {natural_language_metric} {more_or_less} than {threshold} at any time in the last {past_n_weeks} weeks? If so, please plot it as a line chart",threshold,10
analytics,55,"If {natural_language_metric} was {more_or_less} than {threshold} any time in the last {past_n_weeks} weeks, make a line plot of it since then","Was {natural_language_metric} {more_or_less} than {threshold} at any time in the last {past_n_weeks} weeks? If so, please plot it as a line chart",past_n_weeks,2
analytics,56,"If {natural_language_metric} was {more_or_less} than {threshold} any time in the last {past_n_weeks} weeks, make a line plot of it since then","Was {natural_language_metric} {more_or_less} than {threshold} at any time in the last {past_n_weeks} weeks? If so, please plot it as a line chart",natural_language_metric,engaged users
analytics,56,"If {natural_language_metric} was {more_or_less} than {threshold} any time in the last {past_n_weeks} weeks, make a line plot of it since then","Was {natural_language_metric} {more_or_less} than {threshold} at any time in the last {past_n_weeks} weeks? If so, please plot it as a line chart",more_or_less,more
analytics,56,"If {natural_language_metric} was {more_or_less} than {threshold} any time in the last {past_n_weeks} weeks, make a line plot of it since then","Was {natural_language_metric} {more_or_less} than {threshold} at any time in the last {past_n_weeks} weeks? If so, please plot it as a line chart",threshold,11
analytics,56,"If {natural_language_metric} was {more_or_less} than {threshold} any time in the last {past_n_weeks} weeks, make a line plot of it since then","Was {natural_language_metric} {more_or_less} than {threshold} at any time in the last {past_n_weeks} weeks? If so, please plot it as a line chart",past_n_weeks,3
analytics,57,"If {natural_language_metric} was {more_or_less} than {threshold} any time in the last {past_n_weeks} weeks, make a line plot of it since then","Was {natural_language_metric} {more_or_less} than {threshold} at any time in the last {past_n_weeks} weeks? If so, please plot it as a line chart",natural_language_metric,average session duration
analytics,57,"If {natural_language_metric} was {more_or_less} than {threshold} any time in the last {past_n_weeks} weeks, make a line plot of it since then","Was {natural_language_metric} {more_or_less} than {threshold} at any time in the last {past_n_weeks} weeks? If so, please plot it as a line chart",more_or_less,less
analytics,57,"If {natural_language_metric} was {more_or_less} than {threshold} any time in the last {past_n_weeks} weeks, make a line plot of it since then","Was {natural_language_metric} {more_or_less} than {threshold} at any time in the last {past_n_weeks} weeks? If so, please plot it as a line chart",threshold,2
analytics,57,"If {natural_language_metric} was {more_or_less} than {threshold} any time in the last {past_n_weeks} weeks, make a line plot of it since then","Was {natural_language_metric} {more_or_less} than {threshold} at any time in the last {past_n_weeks} weeks? If so, please plot it as a line chart",past_n_weeks,2
analytics,58,"If {natural_language_metric} was {more_or_less} than {threshold} any time in the last {past_n_weeks} weeks, make a line plot of it since then",Can you make a line chart of {natural_language_metric} since the last {past_n_weeks} weeks if it was {more_or_less} than {threshold} at any time in the last {past_n_weeks} weeks?,natural_language_metric,total visits
analytics,58,"If {natural_language_metric} was {more_or_less} than {threshold} any time in the last {past_n_weeks} weeks, make a line plot of it since then",Can you make a line chart of {natural_language_metric} since the last {past_n_weeks} weeks if it was {more_or_less} than {threshold} at any time in the last {past_n_weeks} weeks?,past_n_weeks,5
analytics,58,"If {natural_language_metric} was {more_or_less} than {threshold} any time in the last {past_n_weeks} weeks, make a line plot of it since then",Can you make a line chart of {natural_language_metric} since the last {past_n_weeks} weeks if it was {more_or_less} than {threshold} at any time in the last {past_n_weeks} weeks?,more_or_less,more
analytics,58,"If {natural_language_metric} was {more_or_less} than {threshold} any time in the last {past_n_weeks} weeks, make a line plot of it since then",Can you make a line chart of {natural_language_metric} since the last {past_n_weeks} weeks if it was {more_or_less} than {threshold} at any time in the last {past_n_weeks} weeks?,threshold,21
analytics,59,"If {natural_language_metric} was {more_or_less} than {threshold} any time in the last {past_n_weeks} weeks, make a line plot of it since then",Can you make a line chart of {natural_language_metric} since the last {past_n_weeks} weeks if it was {more_or_less} than {threshold} at any time in the last {past_n_weeks} weeks?,natural_language_metric,engaged users
analytics,59,"If {natural_language_metric} was {more_or_less} than {threshold} any time in the last {past_n_weeks} weeks, make a line plot of it since then",Can you make a line chart of {natural_language_metric} since the last {past_n_weeks} weeks if it was {more_or_less} than {threshold} at any time in the last {past_n_weeks} weeks?,past_n_weeks,4
analytics,59,"If {natural_language_metric} was {more_or_less} than {threshold} any time in the last {past_n_weeks} weeks, make a line plot of it since then",Can you make a line chart of {natural_language_metric} since the last {past_n_weeks} weeks if it was {more_or_less} than {threshold} at any time in the last {past_n_weeks} weeks?,more_or_less,less
analytics,59,"If {natural_language_metric} was {more_or_less} than {threshold} any time in the last {past_n_weeks} weeks, make a line plot of it since then",Can you make a line chart of {natural_language_metric} since the last {past_n_weeks} weeks if it was {more_or_less} than {threshold} at any time in the last {past_n_weeks} weeks?,threshold,5
analytics,60,"If {natural_language_metric} is more than {natural_language_growth_threshold} {higher_or_lower} than {natural_language_date}, make a line plot of it since then","Is {natural_language_metric} more than {natural_language_growth_threshold} {higher_or_lower} than {natural_language_date}? If so, please plot it as a line chart",natural_language_metric,engaged users
analytics,60,"If {natural_language_metric} is more than {natural_language_growth_threshold} {higher_or_lower} than {natural_language_date}, make a line plot of it since then","Is {natural_language_metric} more than {natural_language_growth_threshold} {higher_or_lower} than {natural_language_date}? If so, please plot it as a line chart",natural_language_growth_threshold,5%
analytics,60,"If {natural_language_metric} is more than {natural_language_growth_threshold} {higher_or_lower} than {natural_language_date}, make a line plot of it since then","Is {natural_language_metric} more than {natural_language_growth_threshold} {higher_or_lower} than {natural_language_date}? If so, please plot it as a line chart",higher_or_lower,lower
analytics,60,"If {natural_language_metric} is more than {natural_language_growth_threshold} {higher_or_lower} than {natural_language_date}, make a line plot of it since then","Is {natural_language_metric} more than {natural_language_growth_threshold} {higher_or_lower} than {natural_language_date}? If so, please plot it as a line chart",natural_language_date,September 25
analytics,61,"If {natural_language_metric} is more than {natural_language_growth_threshold} {higher_or_lower} than {natural_language_date}, make a line plot of it since then",Can you make a line chart of {natural_language_metric} since {natural_language_date} if it was more than {natural_language_growth_threshold} {higher_or_lower} than {natural_language_date}?,natural_language_metric,engaged users
analytics,61,"If {natural_language_metric} is more than {natural_language_growth_threshold} {higher_or_lower} than {natural_language_date}, make a line plot of it since then",Can you make a line chart of {natural_language_metric} since {natural_language_date} if it was more than {natural_language_growth_threshold} {higher_or_lower} than {natural_language_date}?,natural_language_date,October 3
analytics,61,"If {natural_language_metric} is more than {natural_language_growth_threshold} {higher_or_lower} than {natural_language_date}, make a line plot of it since then",Can you make a line chart of {natural_language_metric} since {natural_language_date} if it was more than {natural_language_growth_threshold} {higher_or_lower} than {natural_language_date}?,natural_language_growth_threshold,3%
analytics,61,"If {natural_language_metric} is more than {natural_language_growth_threshold} {higher_or_lower} than {natural_language_date}, make a line plot of it since then",Can you make a line chart of {natural_language_metric} since {natural_language_date} if it was more than {natural_language_growth_threshold} {higher_or_lower} than {natural_language_date}?,higher_or_lower,lower
analytics,62,"If {natural_language_metric} is more than {natural_language_growth_threshold} {higher_or_lower} than {natural_language_date}, make a line plot of it since then","Is {natural_language_metric} more than {natural_language_growth_threshold} {higher_or_lower} than {natural_language_date}? If so, please plot it as a line chart",natural_language_metric,engaged users
analytics,62,"If {natural_language_metric} is more than {natural_language_growth_threshold} {higher_or_lower} than {natural_language_date}, make a line plot of it since then","Is {natural_language_metric} more than {natural_language_growth_threshold} {higher_or_lower} than {natural_language_date}? If so, please plot it as a line chart",natural_language_growth_threshold,5%
analytics,62,"If {natural_language_metric} is more than {natural_language_growth_threshold} {higher_or_lower} than {natural_language_date}, make a line plot of it since then","Is {natural_language_metric} more than {natural_language_growth_threshold} {higher_or_lower} than {natural_language_date}? If so, please plot it as a line chart",higher_or_lower,higher
analytics,62,"If {natural_language_metric} is more than {natural_language_growth_threshold} {higher_or_lower} than {natural_language_date}, make a line plot of it since then","Is {natural_language_metric} more than {natural_language_growth_threshold} {higher_or_lower} than {natural_language_date}? If so, please plot it as a line chart",natural_language_date,September 26
analytics,63,"If {natural_language_metric} is more than {natural_language_growth_threshold} {higher_or_lower} than {natural_language_date}, make a line plot of it since then","Is {natural_language_metric} more than {natural_language_growth_threshold} {higher_or_lower} than {natural_language_date}? If so, please plot it as a line chart",natural_language_metric,total visits
analytics,63,"If {natural_language_metric} is more than {natural_language_growth_threshold} {higher_or_lower} than {natural_language_date}, make a line plot of it since then","Is {natural_language_metric} more than {natural_language_growth_threshold} {higher_or_lower} than {natural_language_date}? If so, please plot it as a line chart",natural_language_growth_threshold,5%
analytics,63,"If {natural_language_metric} is more than {natural_language_growth_threshold} {higher_or_lower} than {natural_language_date}, make a line plot of it since then","Is {natural_language_metric} more than {natural_language_growth_threshold} {higher_or_lower} than {natural_language_date}? If so, please plot it as a line chart",higher_or_lower,lower
analytics,63,"If {natural_language_metric} is more than {natural_language_growth_threshold} {higher_or_lower} than {natural_language_date}, make a line plot of it since then","Is {natural_language_metric} more than {natural_language_growth_threshold} {higher_or_lower} than {natural_language_date}? If so, please plot it as a line chart",natural_language_date,September 28
analytics,64,"If {natural_language_metric} is more than {natural_language_growth_threshold} {higher_or_lower} than {natural_language_date}, make a line plot of it since then",Can you make a line chart of {natural_language_metric} since {natural_language_date} if it was more than {natural_language_growth_threshold} {higher_or_lower} than {natural_language_date}?,natural_language_metric,total visits
analytics,64,"If {natural_language_metric} is more than {natural_language_growth_threshold} {higher_or_lower} than {natural_language_date}, make a line plot of it since then",Can you make a line chart of {natural_language_metric} since {natural_language_date} if it was more than {natural_language_growth_threshold} {higher_or_lower} than {natural_language_date}?,natural_language_date,September 15
analytics,64,"If {natural_language_metric} is more than {natural_language_growth_threshold} {higher_or_lower} than {natural_language_date}, make a line plot of it since then",Can you make a line chart of {natural_language_metric} since {natural_language_date} if it was more than {natural_language_growth_threshold} {higher_or_lower} than {natural_language_date}?,natural_language_growth_threshold,3%
analytics,64,"If {natural_language_metric} is more than {natural_language_growth_threshold} {higher_or_lower} than {natural_language_date}, make a line plot of it since then",Can you make a line chart of {natural_language_metric} since {natural_language_date} if it was more than {natural_language_growth_threshold} {higher_or_lower} than {natural_language_date}?,higher_or_lower,lower
analytics,65,"If {natural_language_metric} is more than {natural_language_growth_threshold} {higher_or_lower} than {natural_language_date}, make a line plot of it since then","If {natural_language_metric} is more than {natural_language_growth_threshold} {higher_or_lower} than {natural_language_date}, make a line plot of it since then",natural_language_metric,engaged users
analytics,65,"If {natural_language_metric} is more than {natural_language_growth_threshold} {higher_or_lower} than {natural_language_date}, make a line plot of it since then","If {natural_language_metric} is more than {natural_language_growth_threshold} {higher_or_lower} than {natural_language_date}, make a line plot of it since then",natural_language_growth_threshold,3%
analytics,65,"If {natural_language_metric} is more than {natural_language_growth_threshold} {higher_or_lower} than {natural_language_date}, make a line plot of it since then","If {natural_language_metric} is more than {natural_language_growth_threshold} {higher_or_lower} than {natural_language_date}, make a line plot of it since then",higher_or_lower,higher
analytics,65,"If {natural_language_metric} is more than {natural_language_growth_threshold} {higher_or_lower} than {natural_language_date}, make a line plot of it since then","If {natural_language_metric} is more than {natural_language_growth_threshold} {higher_or_lower} than {natural_language_date}, make a line plot of it since then",natural_language_date,November 18
analytics,66,"If {natural_language_metric} is more than {natural_language_growth_threshold} {higher_or_lower} than {natural_language_date}, make a line plot of it since then","Is {natural_language_metric} more than {natural_language_growth_threshold} {higher_or_lower} than {natural_language_date}? If so, please plot it as a line chart",natural_language_metric,total visits
analytics,66,"If {natural_language_metric} is more than {natural_language_growth_threshold} {higher_or_lower} than {natural_language_date}, make a line plot of it since then","Is {natural_language_metric} more than {natural_language_growth_threshold} {higher_or_lower} than {natural_language_date}? If so, please plot it as a line chart",natural_language_growth_threshold,10%
analytics,66,"If {natural_language_metric} is more than {natural_language_growth_threshold} {higher_or_lower} than {natural_language_date}, make a line plot of it since then","Is {natural_language_metric} more than {natural_language_growth_threshold} {higher_or_lower} than {natural_language_date}? If so, please plot it as a line chart",higher_or_lower,lower
analytics,66,"If {natural_language_metric} is more than {natural_language_growth_threshold} {higher_or_lower} than {natural_language_date}, make a line plot of it since then","Is {natural_language_metric} more than {natural_language_growth_threshold} {higher_or_lower} than {natural_language_date}? If so, please plot it as a line chart",natural_language_date,October 21
analytics,67,"If {natural_language_metric} is more than {natural_language_growth_threshold} {higher_or_lower} than {natural_language_date}, make a line plot of it since then","If {natural_language_metric} is more than {natural_language_growth_threshold} {higher_or_lower} than {natural_language_date}, make a line plot of it since then",natural_language_metric,engaged users
analytics,67,"If {natural_language_metric} is more than {natural_language_growth_threshold} {higher_or_lower} than {natural_language_date}, make a line plot of it since then","If {natural_language_metric} is more than {natural_language_growth_threshold} {higher_or_lower} than {natural_language_date}, make a line plot of it since then",natural_language_growth_threshold,10%
analytics,67,"If {natural_language_metric} is more than {natural_language_growth_threshold} {higher_or_lower} than {natural_language_date}, make a line plot of it since then","If {natural_language_metric} is more than {natural_language_growth_threshold} {higher_or_lower} than {natural_language_date}, make a line plot of it since then",higher_or_lower,lower
analytics,67,"If {natural_language_metric} is more than {natural_language_growth_threshold} {higher_or_lower} than {natural_language_date}, make a line plot of it since then","If {natural_language_metric} is more than {natural_language_growth_threshold} {higher_or_lower} than {natural_language_date}, make a line plot of it since then",natural_language_date,November 24
analytics,68,"If {natural_language_metric} is more than {natural_language_growth_threshold} {higher_or_lower} than {natural_language_date}, make a line plot of it since then",Can you make a line chart of {natural_language_metric} since {natural_language_date} if it was more than {natural_language_growth_threshold} {higher_or_lower} than {natural_language_date}?,natural_language_metric,engaged users
analytics,68,"If {natural_language_metric} is more than {natural_language_growth_threshold} {higher_or_lower} than {natural_language_date}, make a line plot of it since then",Can you make a line chart of {natural_language_metric} since {natural_language_date} if it was more than {natural_language_growth_threshold} {higher_or_lower} than {natural_language_date}?,natural_language_date,October 21
analytics,68,"If {natural_language_metric} is more than {natural_language_growth_threshold} {higher_or_lower} than {natural_language_date}, make a line plot of it since then",Can you make a line chart of {natural_language_metric} since {natural_language_date} if it was more than {natural_language_growth_threshold} {higher_or_lower} than {natural_language_date}?,natural_language_growth_threshold,10%
analytics,68,"If {natural_language_metric} is more than {natural_language_growth_threshold} {higher_or_lower} than {natural_language_date}, make a line plot of it since then",Can you make a line chart of {natural_language_metric} since {natural_language_date} if it was more than {natural_language_growth_threshold} {higher_or_lower} than {natural_language_date}?,higher_or_lower,higher
analytics,69,"If {natural_language_metric} is more than {natural_language_growth_threshold} {higher_or_lower} than {natural_language_date}, make a line plot of it since then","If {natural_language_metric} is more than {natural_language_growth_threshold} {higher_or_lower} than {natural_language_date}, make a line plot of it since then",natural_language_metric,average session duration
analytics,69,"If {natural_language_metric} is more than {natural_language_growth_threshold} {higher_or_lower} than {natural_language_date}, make a line plot of it since then","If {natural_language_metric} is more than {natural_language_growth_threshold} {higher_or_lower} than {natural_language_date}, make a line plot of it since then",natural_language_growth_threshold,3%
analytics,69,"If {natural_language_metric} is more than {natural_language_growth_threshold} {higher_or_lower} than {natural_language_date}, make a line plot of it since then","If {natural_language_metric} is more than {natural_language_growth_threshold} {higher_or_lower} than {natural_language_date}, make a line plot of it since then",higher_or_lower,lower
analytics,69,"If {natural_language_metric} is more than {natural_language_growth_threshold} {higher_or_lower} than {natural_language_date}, make a line plot of it since then","If {natural_language_metric} is more than {natural_language_growth_threshold} {higher_or_lower} than {natural_language_date}, make a line plot of it since then",natural_language_date,October 4
analytics,70,"If {natural_language_metric} is more than {natural_language_growth_threshold} {higher_or_lower} than it was on {day_of_week}, make a line plot of it since then",Can you make a line chart of {natural_language_metric} since {day_of_week} if it is more than {natural_language_growth_threshold} {higher_or_lower} than {day_of_week}?,natural_language_metric,engaged users
analytics,70,"If {natural_language_metric} is more than {natural_language_growth_threshold} {higher_or_lower} than it was on {day_of_week}, make a line plot of it since then",Can you make a line chart of {natural_language_metric} since {day_of_week} if it is more than {natural_language_growth_threshold} {higher_or_lower} than {day_of_week}?,day_of_week,Sunday
analytics,70,"If {natural_language_metric} is more than {natural_language_growth_threshold} {higher_or_lower} than it was on {day_of_week}, make a line plot of it since then",Can you make a line chart of {natural_language_metric} since {day_of_week} if it is more than {natural_language_growth_threshold} {higher_or_lower} than {day_of_week}?,natural_language_growth_threshold,10%
analytics,70,"If {natural_language_metric} is more than {natural_language_growth_threshold} {higher_or_lower} than it was on {day_of_week}, make a line plot of it since then",Can you make a line chart of {natural_language_metric} since {day_of_week} if it is more than {natural_language_growth_threshold} {higher_or_lower} than {day_of_week}?,higher_or_lower,higher
analytics,71,"If {natural_language_metric} is more than {natural_language_growth_threshold} {higher_or_lower} than it was on {day_of_week}, make a line plot of it since then","Is {natural_language_metric} more than {natural_language_growth_threshold} {higher_or_lower} than it was on {day_of_week}? If so, please plot it as a line chart since then",natural_language_metric,average session duration
analytics,71,"If {natural_language_metric} is more than {natural_language_growth_threshold} {higher_or_lower} than it was on {day_of_week}, make a line plot of it since then","Is {natural_language_metric} more than {natural_language_growth_threshold} {higher_or_lower} than it was on {day_of_week}? If so, please plot it as a line chart since then",natural_language_growth_threshold,5%
analytics,71,"If {natural_language_metric} is more than {natural_language_growth_threshold} {higher_or_lower} than it was on {day_of_week}, make a line plot of it since then","Is {natural_language_metric} more than {natural_language_growth_threshold} {higher_or_lower} than it was on {day_of_week}? If so, please plot it as a line chart since then",higher_or_lower,higher
analytics,71,"If {natural_language_metric} is more than {natural_language_growth_threshold} {higher_or_lower} than it was on {day_of_week}, make a line plot of it since then","Is {natural_language_metric} more than {natural_language_growth_threshold} {higher_or_lower} than it was on {day_of_week}? If so, please plot it as a line chart since then",day_of_week,Sunday
analytics,72,"If {natural_language_metric} is more than {natural_language_growth_threshold} {higher_or_lower} than it was on {day_of_week}, make a line plot of it since then",Can you make a line chart of {natural_language_metric} since {day_of_week} if it is more than {natural_language_growth_threshold} {higher_or_lower} than {day_of_week}?,natural_language_metric,engaged users
analytics,72,"If {natural_language_metric} is more than {natural_language_growth_threshold} {higher_or_lower} than it was on {day_of_week}, make a line plot of it since then",Can you make a line chart of {natural_language_metric} since {day_of_week} if it is more than {natural_language_growth_threshold} {higher_or_lower} than {day_of_week}?,day_of_week,Sunday
analytics,72,"If {natural_language_metric} is more than {natural_language_growth_threshold} {higher_or_lower} than it was on {day_of_week}, make a line plot of it since then",Can you make a line chart of {natural_language_metric} since {day_of_week} if it is more than {natural_language_growth_threshold} {higher_or_lower} than {day_of_week}?,natural_language_growth_threshold,5%
analytics,72,"If {natural_language_metric} is more than {natural_language_growth_threshold} {higher_or_lower} than it was on {day_of_week}, make a line plot of it since then",Can you make a line chart of {natural_language_metric} since {day_of_week} if it is more than {natural_language_growth_threshold} {higher_or_lower} than {day_of_week}?,higher_or_lower,lower
analytics,73,"If {natural_language_metric} is more than {natural_language_growth_threshold} {higher_or_lower} than it was on {day_of_week}, make a line plot of it since then","Is {natural_language_metric} more than {natural_language_growth_threshold} {higher_or_lower} than it was on {day_of_week}? If so, please plot it as a line chart since then",natural_language_metric,total visits
analytics,73,"If {natural_language_metric} is more than {natural_language_growth_threshold} {higher_or_lower} than it was on {day_of_week}, make a line plot of it since then","Is {natural_language_metric} more than {natural_language_growth_threshold} {higher_or_lower} than it was on {day_of_week}? If so, please plot it as a line chart since then",natural_language_growth_threshold,3%
analytics,73,"If {natural_language_metric} is more than {natural_language_growth_threshold} {higher_or_lower} than it was on {day_of_week}, make a line plot of it since then","Is {natural_language_metric} more than {natural_language_growth_threshold} {higher_or_lower} than it was on {day_of_week}? If so, please plot it as a line chart since then",higher_or_lower,higher
analytics,73,"If {natural_language_metric} is more than {natural_language_growth_threshold} {higher_or_lower} than it was on {day_of_week}, make a line plot of it since then","Is {natural_language_metric} more than {natural_language_growth_threshold} {higher_or_lower} than it was on {day_of_week}? If so, please plot it as a line chart since then",day_of_week,Wednesday
analytics,74,"If {natural_language_metric} is more than {natural_language_growth_threshold} {higher_or_lower} than it was on {day_of_week}, make a line plot of it since then","Is {natural_language_metric} more than {natural_language_growth_threshold} {higher_or_lower} than it was on {day_of_week}? If so, please plot it as a line chart since then",natural_language_metric,engaged users
analytics,74,"If {natural_language_metric} is more than {natural_language_growth_threshold} {higher_or_lower} than it was on {day_of_week}, make a line plot of it since then","Is {natural_language_metric} more than {natural_language_growth_threshold} {higher_or_lower} than it was on {day_of_week}? If so, please plot it as a line chart since then",natural_language_growth_threshold,2%
analytics,74,"If {natural_language_metric} is more than {natural_language_growth_threshold} {higher_or_lower} than it was on {day_of_week}, make a line plot of it since then","Is {natural_language_metric} more than {natural_language_growth_threshold} {higher_or_lower} than it was on {day_of_week}? If so, please plot it as a line chart since then",higher_or_lower,lower
analytics,74,"If {natural_language_metric} is more than {natural_language_growth_threshold} {higher_or_lower} than it was on {day_of_week}, make a line plot of it since then","Is {natural_language_metric} more than {natural_language_growth_threshold} {higher_or_lower} than it was on {day_of_week}? If so, please plot it as a line chart since then",day_of_week,Sunday
analytics,75,"If {natural_language_metric} is more than {natural_language_growth_threshold} {higher_or_lower} than it was on {day_of_week}, make a line plot of it since then","Is {natural_language_metric} more than {natural_language_growth_threshold} {higher_or_lower} than it was on {day_of_week}? If so, please plot it as a line chart since then",natural_language_metric,total visits
analytics,75,"If {natural_language_metric} is more than {natural_language_growth_threshold} {higher_or_lower} than it was on {day_of_week}, make a line plot of it since then","Is {natural_language_metric} more than {natural_language_growth_threshold} {higher_or_lower} than it was on {day_of_week}? If so, please plot it as a line chart since then",natural_language_growth_threshold,2%
analytics,75,"If {natural_language_metric} is more than {natural_language_growth_threshold} {higher_or_lower} than it was on {day_of_week}, make a line plot of it since then","Is {natural_language_metric} more than {natural_language_growth_threshold} {higher_or_lower} than it was on {day_of_week}? If so, please plot it as a line chart since then",higher_or_lower,lower
analytics,75,"If {natural_language_metric} is more than {natural_language_growth_threshold} {higher_or_lower} than it was on {day_of_week}, make a line plot of it since then","Is {natural_language_metric} more than {natural_language_growth_threshold} {higher_or_lower} than it was on {day_of_week}? If so, please plot it as a line chart since then",day_of_week,Saturday
analytics,76,"If {natural_language_metric} is more than {natural_language_growth_threshold} {higher_or_lower} than it was on {day_of_week}, make a line plot of it since then","Is {natural_language_metric} more than {natural_language_growth_threshold} {higher_or_lower} than it was on {day_of_week}? If so, please plot it as a line chart since then",natural_language_metric,engaged users
analytics,76,"If {natural_language_metric} is more than {natural_language_growth_threshold} {higher_or_lower} than it was on {day_of_week}, make a line plot of it since then","Is {natural_language_metric} more than {natural_language_growth_threshold} {higher_or_lower} than it was on {day_of_week}? If so, please plot it as a line chart since then",natural_language_growth_threshold,3%
analytics,76,"If {natural_language_metric} is more than {natural_language_growth_threshold} {higher_or_lower} than it was on {day_of_week}, make a line plot of it since then","Is {natural_language_metric} more than {natural_language_growth_threshold} {higher_or_lower} than it was on {day_of_week}? If so, please plot it as a line chart since then",higher_or_lower,lower
analytics,76,"If {natural_language_metric} is more than {natural_language_growth_threshold} {higher_or_lower} than it was on {day_of_week}, make a line plot of it since then","Is {natural_language_metric} more than {natural_language_growth_threshold} {higher_or_lower} than it was on {day_of_week}? If so, please plot it as a line chart since then",day_of_week,Sunday
analytics,77,"If {natural_language_metric} is more than {natural_language_growth_threshold} {higher_or_lower} than it was on {day_of_week}, make a line plot of it since then",Can you make a line chart of {natural_language_metric} since {day_of_week} if it is more than {natural_language_growth_threshold} {higher_or_lower} than {day_of_week}?,natural_language_metric,average session duration
analytics,77,"If {natural_language_metric} is more than {natural_language_growth_threshold} {higher_or_lower} than it was on {day_of_week}, make a line plot of it since then",Can you make a line chart of {natural_language_metric} since {day_of_week} if it is more than {natural_language_growth_threshold} {higher_or_lower} than {day_of_week}?,day_of_week,Wednesday
analytics,77,"If {natural_language_metric} is more than {natural_language_growth_threshold} {higher_or_lower} than it was on {day_of_week}, make a line plot of it since then",Can you make a line chart of {natural_language_metric} since {day_of_week} if it is more than {natural_language_growth_threshold} {higher_or_lower} than {day_of_week}?,natural_language_growth_threshold,3%
analytics,77,"If {natural_language_metric} is more than {natural_language_growth_threshold} {higher_or_lower} than it was on {day_of_week}, make a line plot of it since then",Can you make a line chart of {natural_language_metric} since {day_of_week} if it is more than {natural_language_growth_threshold} {higher_or_lower} than {day_of_week}?,higher_or_lower,higher
analytics,78,"If {natural_language_metric} is more than {natural_language_growth_threshold} {higher_or_lower} than it was on {day_of_week}, make a line plot of it since then","If {natural_language_metric} is more than {natural_language_growth_threshold} {higher_or_lower} than it was on {day_of_week}, make a line plot of it since then",natural_language_metric,average session duration
analytics,78,"If {natural_language_metric} is more than {natural_language_growth_threshold} {higher_or_lower} than it was on {day_of_week}, make a line plot of it since then","If {natural_language_metric} is more than {natural_language_growth_threshold} {higher_or_lower} than it was on {day_of_week}, make a line plot of it since then",natural_language_growth_threshold,10%
analytics,78,"If {natural_language_metric} is more than {natural_language_growth_threshold} {higher_or_lower} than it was on {day_of_week}, make a line plot of it since then","If {natural_language_metric} is more than {natural_language_growth_threshold} {higher_or_lower} than it was on {day_of_week}, make a line plot of it since then",higher_or_lower,lower
analytics,78,"If {natural_language_metric} is more than {natural_language_growth_threshold} {higher_or_lower} than it was on {day_of_week}, make a line plot of it since then","If {natural_language_metric} is more than {natural_language_growth_threshold} {higher_or_lower} than it was on {day_of_week}, make a line plot of it since then",day_of_week,Saturday
analytics,79,"If {natural_language_metric} is more than {natural_language_growth_threshold} {higher_or_lower} than it was on {day_of_week}, make a line plot of it since then","Is {natural_language_metric} more than {natural_language_growth_threshold} {higher_or_lower} than it was on {day_of_week}? If so, please plot it as a line chart since then",natural_language_metric,average session duration
analytics,79,"If {natural_language_metric} is more than {natural_language_growth_threshold} {higher_or_lower} than it was on {day_of_week}, make a line plot of it since then","Is {natural_language_metric} more than {natural_language_growth_threshold} {higher_or_lower} than it was on {day_of_week}? If so, please plot it as a line chart since then",natural_language_growth_threshold,10%
analytics,79,"If {natural_language_metric} is more than {natural_language_growth_threshold} {higher_or_lower} than it was on {day_of_week}, make a line plot of it since then","Is {natural_language_metric} more than {natural_language_growth_threshold} {higher_or_lower} than it was on {day_of_week}? If so, please plot it as a line chart since then",higher_or_lower,lower
analytics,79,"If {natural_language_metric} is more than {natural_language_growth_threshold} {higher_or_lower} than it was on {day_of_week}, make a line plot of it since then","Is {natural_language_metric} more than {natural_language_growth_threshold} {higher_or_lower} than it was on {day_of_week}? If so, please plot it as a line chart since then",day_of_week,Wednesday
analytics,80,"If {natural_language_metric} on {day_of_week} was more than {natural_language_growth_threshold} {higher_or_lower} than it was the previous {day_of_week}, make a line plot of it over that period.","If {natural_language_metric} on {day_of_week} was more than {natural_language_growth_threshold} {higher_or_lower} than it was the previous {day_of_week}, make a line plot of it over that period.",natural_language_metric,average session duration
analytics,80,"If {natural_language_metric} on {day_of_week} was more than {natural_language_growth_threshold} {higher_or_lower} than it was the previous {day_of_week}, make a line plot of it over that period.","If {natural_language_metric} on {day_of_week} was more than {natural_language_growth_threshold} {higher_or_lower} than it was the previous {day_of_week}, make a line plot of it over that period.",day_of_week,monday
analytics,80,"If {natural_language_metric} on {day_of_week} was more than {natural_language_growth_threshold} {higher_or_lower} than it was the previous {day_of_week}, make a line plot of it over that period.","If {natural_language_metric} on {day_of_week} was more than {natural_language_growth_threshold} {higher_or_lower} than it was the previous {day_of_week}, make a line plot of it over that period.",natural_language_growth_threshold,2%
analytics,80,"If {natural_language_metric} on {day_of_week} was more than {natural_language_growth_threshold} {higher_or_lower} than it was the previous {day_of_week}, make a line plot of it over that period.","If {natural_language_metric} on {day_of_week} was more than {natural_language_growth_threshold} {higher_or_lower} than it was the previous {day_of_week}, make a line plot of it over that period.",higher_or_lower,lower
analytics,81,"If {natural_language_metric} on {day_of_week} was more than {natural_language_growth_threshold} {higher_or_lower} than it was the previous {day_of_week}, make a line plot of it over that period.",make a line chart of {natural_language_metric} over the period from {day_of_week} to the previous {day_of_week} if it was more than {natural_language_growth_threshold} {higher_or_lower} on {day_of_week} than it was the previous {day_of_week},natural_language_metric,engaged users
analytics,81,"If {natural_language_metric} on {day_of_week} was more than {natural_language_growth_threshold} {higher_or_lower} than it was the previous {day_of_week}, make a line plot of it over that period.",make a line chart of {natural_language_metric} over the period from {day_of_week} to the previous {day_of_week} if it was more than {natural_language_growth_threshold} {higher_or_lower} on {day_of_week} than it was the previous {day_of_week},day_of_week,friday
analytics,81,"If {natural_language_metric} on {day_of_week} was more than {natural_language_growth_threshold} {higher_or_lower} than it was the previous {day_of_week}, make a line plot of it over that period.",make a line chart of {natural_language_metric} over the period from {day_of_week} to the previous {day_of_week} if it was more than {natural_language_growth_threshold} {higher_or_lower} on {day_of_week} than it was the previous {day_of_week},natural_language_growth_threshold,3%
analytics,81,"If {natural_language_metric} on {day_of_week} was more than {natural_language_growth_threshold} {higher_or_lower} than it was the previous {day_of_week}, make a line plot of it over that period.",make a line chart of {natural_language_metric} over the period from {day_of_week} to the previous {day_of_week} if it was more than {natural_language_growth_threshold} {higher_or_lower} on {day_of_week} than it was the previous {day_of_week},higher_or_lower,higher
analytics,82,"If {natural_language_metric} on {day_of_week} was more than {natural_language_growth_threshold} {higher_or_lower} than it was the previous {day_of_week}, make a line plot of it over that period.",make a line chart of {natural_language_metric} over the period from {day_of_week} to the previous {day_of_week} if it was more than {natural_language_growth_threshold} {higher_or_lower} on {day_of_week} than it was the previous {day_of_week},natural_language_metric,total visits
analytics,82,"If {natural_language_metric} on {day_of_week} was more than {natural_language_growth_threshold} {higher_or_lower} than it was the previous {day_of_week}, make a line plot of it over that period.",make a line chart of {natural_language_metric} over the period from {day_of_week} to the previous {day_of_week} if it was more than {natural_language_growth_threshold} {higher_or_lower} on {day_of_week} than it was the previous {day_of_week},day_of_week,tuesday
analytics,82,"If {natural_language_metric} on {day_of_week} was more than {natural_language_growth_threshold} {higher_or_lower} than it was the previous {day_of_week}, make a line plot of it over that period.",make a line chart of {natural_language_metric} over the period from {day_of_week} to the previous {day_of_week} if it was more than {natural_language_growth_threshold} {higher_or_lower} on {day_of_week} than it was the previous {day_of_week},natural_language_growth_threshold,2%
analytics,82,"If {natural_language_metric} on {day_of_week} was more than {natural_language_growth_threshold} {higher_or_lower} than it was the previous {day_of_week}, make a line plot of it over that period.",make a line chart of {natural_language_metric} over the period from {day_of_week} to the previous {day_of_week} if it was more than {natural_language_growth_threshold} {higher_or_lower} on {day_of_week} than it was the previous {day_of_week},higher_or_lower,lower
analytics,83,"If {natural_language_metric} on {day_of_week} was more than {natural_language_growth_threshold} {higher_or_lower} than it was the previous {day_of_week}, make a line plot of it over that period.","Was {natural_language_metric} on {day_of_week} more than {natural_language_growth_threshold} {higher_or_lower} than it was the previous {day_of_week}? If so, please plot it as a line chart",natural_language_metric,total visits
analytics,83,"If {natural_language_metric} on {day_of_week} was more than {natural_language_growth_threshold} {higher_or_lower} than it was the previous {day_of_week}, make a line plot of it over that period.","Was {natural_language_metric} on {day_of_week} more than {natural_language_growth_threshold} {higher_or_lower} than it was the previous {day_of_week}? If so, please plot it as a line chart",day_of_week,monday
analytics,83,"If {natural_language_metric} on {day_of_week} was more than {natural_language_growth_threshold} {higher_or_lower} than it was the previous {day_of_week}, make a line plot of it over that period.","Was {natural_language_metric} on {day_of_week} more than {natural_language_growth_threshold} {higher_or_lower} than it was the previous {day_of_week}? If so, please plot it as a line chart",natural_language_growth_threshold,5%
analytics,83,"If {natural_language_metric} on {day_of_week} was more than {natural_language_growth_threshold} {higher_or_lower} than it was the previous {day_of_week}, make a line plot of it over that period.","Was {natural_language_metric} on {day_of_week} more than {natural_language_growth_threshold} {higher_or_lower} than it was the previous {day_of_week}? If so, please plot it as a line chart",higher_or_lower,higher
analytics,84,"If {natural_language_metric} on {day_of_week} was more than {natural_language_growth_threshold} {higher_or_lower} than it was the previous {day_of_week}, make a line plot of it over that period.","If {natural_language_metric} on {day_of_week} was more than {natural_language_growth_threshold} {higher_or_lower} than it was the previous {day_of_week}, make a line plot of it over that period.",natural_language_metric,average session duration
analytics,84,"If {natural_language_metric} on {day_of_week} was more than {natural_language_growth_threshold} {higher_or_lower} than it was the previous {day_of_week}, make a line plot of it over that period.","If {natural_language_metric} on {day_of_week} was more than {natural_language_growth_threshold} {higher_or_lower} than it was the previous {day_of_week}, make a line plot of it over that period.",day_of_week,saturday
analytics,84,"If {natural_language_metric} on {day_of_week} was more than {natural_language_growth_threshold} {higher_or_lower} than it was the previous {day_of_week}, make a line plot of it over that period.","If {natural_language_metric} on {day_of_week} was more than {natural_language_growth_threshold} {higher_or_lower} than it was the previous {day_of_week}, make a line plot of it over that period.",natural_language_growth_threshold,3%
analytics,84,"If {natural_language_metric} on {day_of_week} was more than {natural_language_growth_threshold} {higher_or_lower} than it was the previous {day_of_week}, make a line plot of it over that period.","If {natural_language_metric} on {day_of_week} was more than {natural_language_growth_threshold} {higher_or_lower} than it was the previous {day_of_week}, make a line plot of it over that period.",higher_or_lower,higher
analytics,85,"If {natural_language_metric} on {day_of_week} was more than {natural_language_growth_threshold} {higher_or_lower} than it was the previous {day_of_week}, make a line plot of it over that period.",make a line chart of {natural_language_metric} over the period from {day_of_week} to the previous {day_of_week} if it was more than {natural_language_growth_threshold} {higher_or_lower} on {day_of_week} than it was the previous {day_of_week},natural_language_metric,engaged users
analytics,85,"If {natural_language_metric} on {day_of_week} was more than {natural_language_growth_threshold} {higher_or_lower} than it was the previous {day_of_week}, make a line plot of it over that period.",make a line chart of {natural_language_metric} over the period from {day_of_week} to the previous {day_of_week} if it was more than {natural_language_growth_threshold} {higher_or_lower} on {day_of_week} than it was the previous {day_of_week},day_of_week,friday
analytics,85,"If {natural_language_metric} on {day_of_week} was more than {natural_language_growth_threshold} {higher_or_lower} than it was the previous {day_of_week}, make a line plot of it over that period.",make a line chart of {natural_language_metric} over the period from {day_of_week} to the previous {day_of_week} if it was more than {natural_language_growth_threshold} {higher_or_lower} on {day_of_week} than it was the previous {day_of_week},natural_language_growth_threshold,2%
analytics,85,"If {natural_language_metric} on {day_of_week} was more than {natural_language_growth_threshold} {higher_or_lower} than it was the previous {day_of_week}, make a line plot of it over that period.",make a line chart of {natural_language_metric} over the period from {day_of_week} to the previous {day_of_week} if it was more than {natural_language_growth_threshold} {higher_or_lower} on {day_of_week} than it was the previous {day_of_week},higher_or_lower,lower
analytics,86,"If {natural_language_metric} on {day_of_week} was more than {natural_language_growth_threshold} {higher_or_lower} than it was the previous {day_of_week}, make a line plot of it over that period.","Was {natural_language_metric} on {day_of_week} more than {natural_language_growth_threshold} {higher_or_lower} than it was the previous {day_of_week}? If so, please plot it as a line chart",natural_language_metric,engaged users
analytics,86,"If {natural_language_metric} on {day_of_week} was more than {natural_language_growth_threshold} {higher_or_lower} than it was the previous {day_of_week}, make a line plot of it over that period.","Was {natural_language_metric} on {day_of_week} more than {natural_language_growth_threshold} {higher_or_lower} than it was the previous {day_of_week}? If so, please plot it as a line chart",day_of_week,monday
analytics,86,"If {natural_language_metric} on {day_of_week} was more than {natural_language_growth_threshold} {higher_or_lower} than it was the previous {day_of_week}, make a line plot of it over that period.","Was {natural_language_metric} on {day_of_week} more than {natural_language_growth_threshold} {higher_or_lower} than it was the previous {day_of_week}? If so, please plot it as a line chart",natural_language_growth_threshold,10%
analytics,86,"If {natural_language_metric} on {day_of_week} was more than {natural_language_growth_threshold} {higher_or_lower} than it was the previous {day_of_week}, make a line plot of it over that period.","Was {natural_language_metric} on {day_of_week} more than {natural_language_growth_threshold} {higher_or_lower} than it was the previous {day_of_week}? If so, please plot it as a line chart",higher_or_lower,higher
analytics,87,"If {natural_language_metric} on {day_of_week} was more than {natural_language_growth_threshold} {higher_or_lower} than it was the previous {day_of_week}, make a line plot of it over that period.","Was {natural_language_metric} on {day_of_week} more than {natural_language_growth_threshold} {higher_or_lower} than it was the previous {day_of_week}? If so, please plot it as a line chart",natural_language_metric,average session duration
analytics,87,"If {natural_language_metric} on {day_of_week} was more than {natural_language_growth_threshold} {higher_or_lower} than it was the previous {day_of_week}, make a line plot of it over that period.","Was {natural_language_metric} on {day_of_week} more than {natural_language_growth_threshold} {higher_or_lower} than it was the previous {day_of_week}? If so, please plot it as a line chart",day_of_week,monday
analytics,87,"If {natural_language_metric} on {day_of_week} was more than {natural_language_growth_threshold} {higher_or_lower} than it was the previous {day_of_week}, make a line plot of it over that period.","Was {natural_language_metric} on {day_of_week} more than {natural_language_growth_threshold} {higher_or_lower} than it was the previous {day_of_week}? If so, please plot it as a line chart",natural_language_growth_threshold,3%
analytics,87,"If {natural_language_metric} on {day_of_week} was more than {natural_language_growth_threshold} {higher_or_lower} than it was the previous {day_of_week}, make a line plot of it over that period.","Was {natural_language_metric} on {day_of_week} more than {natural_language_growth_threshold} {higher_or_lower} than it was the previous {day_of_week}? If so, please plot it as a line chart",higher_or_lower,lower
analytics,88,"If {natural_language_metric} on {day_of_week} was more than {natural_language_growth_threshold} {higher_or_lower} than it was the previous {day_of_week}, make a line plot of it over that period.","If {natural_language_metric} on {day_of_week} was more than {natural_language_growth_threshold} {higher_or_lower} than it was the previous {day_of_week}, make a line plot of it over that period.",natural_language_metric,average session duration
analytics,88,"If {natural_language_metric} on {day_of_week} was more than {natural_language_growth_threshold} {higher_or_lower} than it was the previous {day_of_week}, make a line plot of it over that period.","If {natural_language_metric} on {day_of_week} was more than {natural_language_growth_threshold} {higher_or_lower} than it was the previous {day_of_week}, make a line plot of it over that period.",day_of_week,sunday
analytics,88,"If {natural_language_metric} on {day_of_week} was more than {natural_language_growth_threshold} {higher_or_lower} than it was the previous {day_of_week}, make a line plot of it over that period.","If {natural_language_metric} on {day_of_week} was more than {natural_language_growth_threshold} {higher_or_lower} than it was the previous {day_of_week}, make a line plot of it over that period.",natural_language_growth_threshold,2%
analytics,88,"If {natural_language_metric} on {day_of_week} was more than {natural_language_growth_threshold} {higher_or_lower} than it was the previous {day_of_week}, make a line plot of it over that period.","If {natural_language_metric} on {day_of_week} was more than {natural_language_growth_threshold} {higher_or_lower} than it was the previous {day_of_week}, make a line plot of it over that period.",higher_or_lower,lower
analytics,89,"If {natural_language_metric} on {day_of_week} was more than {natural_language_growth_threshold} {higher_or_lower} than it was the previous {day_of_week}, make a line plot of it over that period.","If {natural_language_metric} on {day_of_week} was more than {natural_language_growth_threshold} {higher_or_lower} than it was the previous {day_of_week}, make a line plot of it over that period.",natural_language_metric,engaged users
analytics,89,"If {natural_language_metric} on {day_of_week} was more than {natural_language_growth_threshold} {higher_or_lower} than it was the previous {day_of_week}, make a line plot of it over that period.","If {natural_language_metric} on {day_of_week} was more than {natural_language_growth_threshold} {higher_or_lower} than it was the previous {day_of_week}, make a line plot of it over that period.",day_of_week,sunday
analytics,89,"If {natural_language_metric} on {day_of_week} was more than {natural_language_growth_threshold} {higher_or_lower} than it was the previous {day_of_week}, make a line plot of it over that period.","If {natural_language_metric} on {day_of_week} was more than {natural_language_growth_threshold} {higher_or_lower} than it was the previous {day_of_week}, make a line plot of it over that period.",natural_language_growth_threshold,2%
analytics,89,"If {natural_language_metric} on {day_of_week} was more than {natural_language_growth_threshold} {higher_or_lower} than it was the previous {day_of_week}, make a line plot of it over that period.","If {natural_language_metric} on {day_of_week} was more than {natural_language_growth_threshold} {higher_or_lower} than it was the previous {day_of_week}, make a line plot of it over that period.",higher_or_lower,lower
analytics,90,"Can you check the percent growth of {natural_language_metric} since {day_of_week}? If it grew by more than {natural_language_metric_2}, plot both lines since then","if {natural_language_metric} grew by more than {natural_language_metric_2} since {day_of_week}, make a line plot of both since then",natural_language_metric,total visits
analytics,90,"Can you check the percent growth of {natural_language_metric} since {day_of_week}? If it grew by more than {natural_language_metric_2}, plot both lines since then","if {natural_language_metric} grew by more than {natural_language_metric_2} since {day_of_week}, make a line plot of both since then",natural_language_metric_2,engaged users
analytics,90,"Can you check the percent growth of {natural_language_metric} since {day_of_week}? If it grew by more than {natural_language_metric_2}, plot both lines since then","if {natural_language_metric} grew by more than {natural_language_metric_2} since {day_of_week}, make a line plot of both since then",day_of_week,Saturday
analytics,91,"Can you check the percent growth of {natural_language_metric} since {day_of_week}? If it grew by more than {natural_language_metric_2}, plot both lines since then","if {natural_language_metric} grew by more than {natural_language_metric_2} since {day_of_week}, make a line plot of both since then",natural_language_metric,engaged users
analytics,91,"Can you check the percent growth of {natural_language_metric} since {day_of_week}? If it grew by more than {natural_language_metric_2}, plot both lines since then","if {natural_language_metric} grew by more than {natural_language_metric_2} since {day_of_week}, make a line plot of both since then",natural_language_metric_2,total visits
analytics,91,"Can you check the percent growth of {natural_language_metric} since {day_of_week}? If it grew by more than {natural_language_metric_2}, plot both lines since then","if {natural_language_metric} grew by more than {natural_language_metric_2} since {day_of_week}, make a line plot of both since then",day_of_week,Tuesday
analytics,92,"Can you check the percent growth of {natural_language_metric} since {day_of_week}? If it grew by more than {natural_language_metric_2}, plot both lines since then","Can you check the percent growth of {natural_language_metric} since {day_of_week}? If it grew by more than {natural_language_metric_2}, plot both lines since then",natural_language_metric,average session duration
analytics,92,"Can you check the percent growth of {natural_language_metric} since {day_of_week}? If it grew by more than {natural_language_metric_2}, plot both lines since then","Can you check the percent growth of {natural_language_metric} since {day_of_week}? If it grew by more than {natural_language_metric_2}, plot both lines since then",day_of_week,Sunday
analytics,92,"Can you check the percent growth of {natural_language_metric} since {day_of_week}? If it grew by more than {natural_language_metric_2}, plot both lines since then","Can you check the percent growth of {natural_language_metric} since {day_of_week}? If it grew by more than {natural_language_metric_2}, plot both lines since then",natural_language_metric_2,total visits
analytics,93,"Can you check the percent growth of {natural_language_metric} since {day_of_week}? If it grew by more than {natural_language_metric_2}, plot both lines since then","if {natural_language_metric} grew by more than {natural_language_metric_2} since {day_of_week}, make a line plot of both since then",natural_language_metric,average session duration
analytics,93,"Can you check the percent growth of {natural_language_metric} since {day_of_week}? If it grew by more than {natural_language_metric_2}, plot both lines since then","if {natural_language_metric} grew by more than {natural_language_metric_2} since {day_of_week}, make a line plot of both since then",natural_language_metric_2,total visits
analytics,93,"Can you check the percent growth of {natural_language_metric} since {day_of_week}? If it grew by more than {natural_language_metric_2}, plot both lines since then","if {natural_language_metric} grew by more than {natural_language_metric_2} since {day_of_week}, make a line plot of both since then",day_of_week,Friday
analytics,94,"Can you check the percent growth of {natural_language_metric} since {day_of_week}? If it grew by more than {natural_language_metric_2}, plot both lines since then","Check the percent growth of {natural_language_metric} since {day_of_week}. If it grew by more than {natural_language_metric_2}, plot both lines since then",natural_language_metric,average session duration
analytics,94,"Can you check the percent growth of {natural_language_metric} since {day_of_week}? If it grew by more than {natural_language_metric_2}, plot both lines since then","Check the percent growth of {natural_language_metric} since {day_of_week}. If it grew by more than {natural_language_metric_2}, plot both lines since then",day_of_week,Friday
analytics,94,"Can you check the percent growth of {natural_language_metric} since {day_of_week}? If it grew by more than {natural_language_metric_2}, plot both lines since then","Check the percent growth of {natural_language_metric} since {day_of_week}. If it grew by more than {natural_language_metric_2}, plot both lines since then",natural_language_metric_2,engaged users
analytics,95,"Can you check the percent growth of {natural_language_metric} since {day_of_week}? If it grew by more than {natural_language_metric_2}, plot both lines since then","Can you check the percent growth of {natural_language_metric} since {day_of_week}? If it grew by more than {natural_language_metric_2}, plot both lines since then",natural_language_metric,average session duration
analytics,95,"Can you check the percent growth of {natural_language_metric} since {day_of_week}? If it grew by more than {natural_language_metric_2}, plot both lines since then","Can you check the percent growth of {natural_language_metric} since {day_of_week}? If it grew by more than {natural_language_metric_2}, plot both lines since then",day_of_week,Monday
analytics,95,"Can you check the percent growth of {natural_language_metric} since {day_of_week}? If it grew by more than {natural_language_metric_2}, plot both lines since then","Can you check the percent growth of {natural_language_metric} since {day_of_week}? If it grew by more than {natural_language_metric_2}, plot both lines since then",natural_language_metric_2,engaged users
analytics,96,"Can you check the percent growth of {natural_language_metric} since {day_of_week}? If it grew by more than {natural_language_metric_2}, plot both lines since then","if {natural_language_metric} grew by more than {natural_language_metric_2} since {day_of_week}, make a line plot of both since then",natural_language_metric,engaged users
analytics,96,"Can you check the percent growth of {natural_language_metric} since {day_of_week}? If it grew by more than {natural_language_metric_2}, plot both lines since then","if {natural_language_metric} grew by more than {natural_language_metric_2} since {day_of_week}, make a line plot of both since then",natural_language_metric_2,total visits
analytics,96,"Can you check the percent growth of {natural_language_metric} since {day_of_week}? If it grew by more than {natural_language_metric_2}, plot both lines since then","if {natural_language_metric} grew by more than {natural_language_metric_2} since {day_of_week}, make a line plot of both since then",day_of_week,Monday
analytics,97,"Can you check the percent growth of {natural_language_metric} since {day_of_week}? If it grew by more than {natural_language_metric_2}, plot both lines since then","Check the percent growth of {natural_language_metric} since {day_of_week}. If it grew by more than {natural_language_metric_2}, plot both lines since then",natural_language_metric,engaged users
analytics,97,"Can you check the percent growth of {natural_language_metric} since {day_of_week}? If it grew by more than {natural_language_metric_2}, plot both lines since then","Check the percent growth of {natural_language_metric} since {day_of_week}. If it grew by more than {natural_language_metric_2}, plot both lines since then",day_of_week,Tuesday
analytics,97,"Can you check the percent growth of {natural_language_metric} since {day_of_week}? If it grew by more than {natural_language_metric_2}, plot both lines since then","Check the percent growth of {natural_language_metric} since {day_of_week}. If it grew by more than {natural_language_metric_2}, plot both lines since then",natural_language_metric_2,average session duration
analytics,98,"Can you check the percent growth of {natural_language_metric} since {day_of_week}? If it grew by more than {natural_language_metric_2}, plot both lines since then","Can you check the percent growth of {natural_language_metric} since {day_of_week}? If it grew by more than {natural_language_metric_2}, plot both lines since then",natural_language_metric,average session duration
analytics,98,"Can you check the percent growth of {natural_language_metric} since {day_of_week}? If it grew by more than {natural_language_metric_2}, plot both lines since then","Can you check the percent growth of {natural_language_metric} since {day_of_week}? If it grew by more than {natural_language_metric_2}, plot both lines since then",day_of_week,Wednesday
analytics,98,"Can you check the percent growth of {natural_language_metric} since {day_of_week}? If it grew by more than {natural_language_metric_2}, plot both lines since then","Can you check the percent growth of {natural_language_metric} since {day_of_week}? If it grew by more than {natural_language_metric_2}, plot both lines since then",natural_language_metric_2,total visits
analytics,99,"Can you check the percent growth of {natural_language_metric} since {day_of_week}? If it grew by more than {natural_language_metric_2}, plot both lines since then","if {natural_language_metric} grew by more than {natural_language_metric_2} since {day_of_week}, make a line plot of both since then",natural_language_metric,average session duration
analytics,99,"Can you check the percent growth of {natural_language_metric} since {day_of_week}? If it grew by more than {natural_language_metric_2}, plot both lines since then","if {natural_language_metric} grew by more than {natural_language_metric_2} since {day_of_week}, make a line plot of both since then",natural_language_metric_2,total visits
analytics,99,"Can you check the percent growth of {natural_language_metric} since {day_of_week}? If it grew by more than {natural_language_metric_2}, plot both lines since then","if {natural_language_metric} grew by more than {natural_language_metric_2} since {day_of_week}, make a line plot of both since then",day_of_week,Wednesday
analytics,100,Can you make a line plot of the {most_or_least} popular traffic source since {natural_language_date}?,Can you make a line plot of the {most_or_least} popular traffic source since {natural_language_date}?,most_or_least,most
analytics,100,Can you make a line plot of the {most_or_least} popular traffic source since {natural_language_date}?,Can you make a line plot of the {most_or_least} popular traffic source since {natural_language_date}?,natural_language_date,September 28
analytics,101,Can you make a line plot of the {most_or_least} popular traffic source since {natural_language_date}?,Can you make a line plot of the {most_or_least} popular traffic source since {natural_language_date}?,most_or_least,most
analytics,101,Can you make a line plot of the {most_or_least} popular traffic source since {natural_language_date}?,Can you make a line plot of the {most_or_least} popular traffic source since {natural_language_date}?,natural_language_date,November 29
analytics,102,Can you make a line plot of the {most_or_least} popular traffic source since {natural_language_date}?,Can you make a line plot of the {most_or_least} popular traffic source since {natural_language_date}?,most_or_least,most
analytics,102,Can you make a line plot of the {most_or_least} popular traffic source since {natural_language_date}?,Can you make a line plot of the {most_or_least} popular traffic source since {natural_language_date}?,natural_language_date,November 27
analytics,103,Can you make a line plot of the {most_or_least} popular traffic source since {natural_language_date}?,Make a line plot of the {most_or_least} popular traffic source since {natural_language_date},most_or_least,most
analytics,103,Can you make a line plot of the {most_or_least} popular traffic source since {natural_language_date}?,Make a line plot of the {most_or_least} popular traffic source since {natural_language_date},natural_language_date,October 20
analytics,104,Can you make a line plot of the {most_or_least} popular traffic source since {natural_language_date}?,Can you make a line plot of the {most_or_least} popular traffic source since {natural_language_date}?,most_or_least,most
analytics,104,Can you make a line plot of the {most_or_least} popular traffic source since {natural_language_date}?,Can you make a line plot of the {most_or_least} popular traffic source since {natural_language_date}?,natural_language_date,October 15
analytics,105,Can you make a line plot of the {most_or_least} popular traffic source since {natural_language_date}?,Can you make a line plot of the {most_or_least} popular traffic source since {natural_language_date}?,most_or_least,most
analytics,105,Can you make a line plot of the {most_or_least} popular traffic source since {natural_language_date}?,Can you make a line plot of the {most_or_least} popular traffic source since {natural_language_date}?,natural_language_date,November 24
analytics,106,Can you make a line plot of the {most_or_least} popular traffic source since {natural_language_date}?,Make a line plot of the {most_or_least} popular traffic source since {natural_language_date},most_or_least,most
analytics,106,Can you make a line plot of the {most_or_least} popular traffic source since {natural_language_date}?,Make a line plot of the {most_or_least} popular traffic source since {natural_language_date},natural_language_date,November 16
analytics,107,Can you make a line plot of the {most_or_least} popular traffic source since {natural_language_date}?,Make a line plot of the {most_or_least} popular traffic source since {natural_language_date},most_or_least,most
analytics,107,Can you make a line plot of the {most_or_least} popular traffic source since {natural_language_date}?,Make a line plot of the {most_or_least} popular traffic source since {natural_language_date},natural_language_date,October 13
analytics,108,Can you make a line plot of the {most_or_least} popular traffic source since {natural_language_date}?,plot the {most_or_least} popular traffic source since {natural_language_date},most_or_least,most
analytics,108,Can you make a line plot of the {most_or_least} popular traffic source since {natural_language_date}?,plot the {most_or_least} popular traffic source since {natural_language_date},natural_language_date,September 28
analytics,109,Can you make a line plot of the {most_or_least} popular traffic source since {natural_language_date}?,plot the {most_or_least} popular traffic source since {natural_language_date},most_or_least,most
analytics,109,Can you make a line plot of the {most_or_least} popular traffic source since {natural_language_date}?,plot the {most_or_least} popular traffic source since {natural_language_date},natural_language_date,October 27
analytics,110,"If we got more traffic from {traffic_source_1} than {traffic_source_2} during the last {n_weeks} weeks, make bar charts of both over that period",Make bar charts of {traffic_source_1} and {traffic_source_2} over the last {n_weeks} weeks if we got more traffic from {traffic_source_1} than {traffic_source_2},traffic_source_1,social media
analytics,110,"If we got more traffic from {traffic_source_1} than {traffic_source_2} during the last {n_weeks} weeks, make bar charts of both over that period",Make bar charts of {traffic_source_1} and {traffic_source_2} over the last {n_weeks} weeks if we got more traffic from {traffic_source_1} than {traffic_source_2},traffic_source_2,search engine
analytics,110,"If we got more traffic from {traffic_source_1} than {traffic_source_2} during the last {n_weeks} weeks, make bar charts of both over that period",Make bar charts of {traffic_source_1} and {traffic_source_2} over the last {n_weeks} weeks if we got more traffic from {traffic_source_1} than {traffic_source_2},n_weeks,6
analytics,111,"If we got more traffic from {traffic_source_1} than {traffic_source_2} during the last {n_weeks} weeks, make bar charts of both over that period","did we get more traffic from {traffic_source_1} than {traffic_source_2} during the last {n_weeks} weeks? If so, make bar charts of both over that period",traffic_source_1,referral
analytics,111,"If we got more traffic from {traffic_source_1} than {traffic_source_2} during the last {n_weeks} weeks, make bar charts of both over that period","did we get more traffic from {traffic_source_1} than {traffic_source_2} during the last {n_weeks} weeks? If so, make bar charts of both over that period",traffic_source_2,direct
analytics,111,"If we got more traffic from {traffic_source_1} than {traffic_source_2} during the last {n_weeks} weeks, make bar charts of both over that period","did we get more traffic from {traffic_source_1} than {traffic_source_2} during the last {n_weeks} weeks? If so, make bar charts of both over that period",n_weeks,3
analytics,112,"If we got more traffic from {traffic_source_1} than {traffic_source_2} during the last {n_weeks} weeks, make bar charts of both over that period","did we get more traffic from {traffic_source_1} than {traffic_source_2} during the last {n_weeks} weeks? If so, make bar charts of both over that period",traffic_source_1,direct
analytics,112,"If we got more traffic from {traffic_source_1} than {traffic_source_2} during the last {n_weeks} weeks, make bar charts of both over that period","did we get more traffic from {traffic_source_1} than {traffic_source_2} during the last {n_weeks} weeks? If so, make bar charts of both over that period",traffic_source_2,social media
analytics,112,"If we got more traffic from {traffic_source_1} than {traffic_source_2} during the last {n_weeks} weeks, make bar charts of both over that period","did we get more traffic from {traffic_source_1} than {traffic_source_2} during the last {n_weeks} weeks? If so, make bar charts of both over that period",n_weeks,6
analytics,113,"If we got more traffic from {traffic_source_1} than {traffic_source_2} during the last {n_weeks} weeks, make bar charts of both over that period",Make bar charts of {traffic_source_1} and {traffic_source_2} over the last {n_weeks} weeks if we got more traffic from {traffic_source_1} than {traffic_source_2},traffic_source_1,referral
analytics,113,"If we got more traffic from {traffic_source_1} than {traffic_source_2} during the last {n_weeks} weeks, make bar charts of both over that period",Make bar charts of {traffic_source_1} and {traffic_source_2} over the last {n_weeks} weeks if we got more traffic from {traffic_source_1} than {traffic_source_2},traffic_source_2,social media
analytics,113,"If we got more traffic from {traffic_source_1} than {traffic_source_2} during the last {n_weeks} weeks, make bar charts of both over that period",Make bar charts of {traffic_source_1} and {traffic_source_2} over the last {n_weeks} weeks if we got more traffic from {traffic_source_1} than {traffic_source_2},n_weeks,4
analytics,114,"If we got more traffic from {traffic_source_1} than {traffic_source_2} during the last {n_weeks} weeks, make bar charts of both over that period","did we get more traffic from {traffic_source_1} than {traffic_source_2} during the last {n_weeks} weeks? If so, make bar charts of both over that period",traffic_source_1,search engine
analytics,114,"If we got more traffic from {traffic_source_1} than {traffic_source_2} during the last {n_weeks} weeks, make bar charts of both over that period","did we get more traffic from {traffic_source_1} than {traffic_source_2} during the last {n_weeks} weeks? If so, make bar charts of both over that period",traffic_source_2,direct
analytics,114,"If we got more traffic from {traffic_source_1} than {traffic_source_2} during the last {n_weeks} weeks, make bar charts of both over that period","did we get more traffic from {traffic_source_1} than {traffic_source_2} during the last {n_weeks} weeks? If so, make bar charts of both over that period",n_weeks,5
analytics,115,"If we got more traffic from {traffic_source_1} than {traffic_source_2} during the last {n_weeks} weeks, make bar charts of both over that period","If we got more traffic from {traffic_source_1} than {traffic_source_2} during the last {n_weeks} weeks, make bar charts of both over that period",traffic_source_1,referral
analytics,115,"If we got more traffic from {traffic_source_1} than {traffic_source_2} during the last {n_weeks} weeks, make bar charts of both over that period","If we got more traffic from {traffic_source_1} than {traffic_source_2} during the last {n_weeks} weeks, make bar charts of both over that period",traffic_source_2,social media
analytics,115,"If we got more traffic from {traffic_source_1} than {traffic_source_2} during the last {n_weeks} weeks, make bar charts of both over that period","If we got more traffic from {traffic_source_1} than {traffic_source_2} during the last {n_weeks} weeks, make bar charts of both over that period",n_weeks,6
analytics,116,"If we got more traffic from {traffic_source_1} than {traffic_source_2} during the last {n_weeks} weeks, make bar charts of both over that period","did we get more traffic from {traffic_source_1} than {traffic_source_2} during the last {n_weeks} weeks? If so, make bar charts of both over that period",traffic_source_1,social media
analytics,116,"If we got more traffic from {traffic_source_1} than {traffic_source_2} during the last {n_weeks} weeks, make bar charts of both over that period","did we get more traffic from {traffic_source_1} than {traffic_source_2} during the last {n_weeks} weeks? If so, make bar charts of both over that period",traffic_source_2,search engine
analytics,116,"If we got more traffic from {traffic_source_1} than {traffic_source_2} during the last {n_weeks} weeks, make bar charts of both over that period","did we get more traffic from {traffic_source_1} than {traffic_source_2} during the last {n_weeks} weeks? If so, make bar charts of both over that period",n_weeks,5
analytics,117,"If we got more traffic from {traffic_source_1} than {traffic_source_2} during the last {n_weeks} weeks, make bar charts of both over that period","If we got more traffic from {traffic_source_1} than {traffic_source_2} during the last {n_weeks} weeks, make bar charts of both over that period",traffic_source_1,search engine
analytics,117,"If we got more traffic from {traffic_source_1} than {traffic_source_2} during the last {n_weeks} weeks, make bar charts of both over that period","If we got more traffic from {traffic_source_1} than {traffic_source_2} during the last {n_weeks} weeks, make bar charts of both over that period",traffic_source_2,social media
analytics,117,"If we got more traffic from {traffic_source_1} than {traffic_source_2} during the last {n_weeks} weeks, make bar charts of both over that period","If we got more traffic from {traffic_source_1} than {traffic_source_2} during the last {n_weeks} weeks, make bar charts of both over that period",n_weeks,5
analytics,118,"If we got more traffic from {traffic_source_1} than {traffic_source_2} during the last {n_weeks} weeks, make bar charts of both over that period","If we got more traffic from {traffic_source_1} than {traffic_source_2} during the last {n_weeks} weeks, make bar charts of both over that period",traffic_source_1,referral
analytics,118,"If we got more traffic from {traffic_source_1} than {traffic_source_2} during the last {n_weeks} weeks, make bar charts of both over that period","If we got more traffic from {traffic_source_1} than {traffic_source_2} during the last {n_weeks} weeks, make bar charts of both over that period",traffic_source_2,search engine
analytics,118,"If we got more traffic from {traffic_source_1} than {traffic_source_2} during the last {n_weeks} weeks, make bar charts of both over that period","If we got more traffic from {traffic_source_1} than {traffic_source_2} during the last {n_weeks} weeks, make bar charts of both over that period",n_weeks,5
analytics,119,"If we got more traffic from {traffic_source_1} than {traffic_source_2} during the last {n_weeks} weeks, make bar charts of both over that period",Make bar charts of {traffic_source_1} and {traffic_source_2} over the last {n_weeks} weeks if we got more traffic from {traffic_source_1} than {traffic_source_2},traffic_source_1,social media
analytics,119,"If we got more traffic from {traffic_source_1} than {traffic_source_2} during the last {n_weeks} weeks, make bar charts of both over that period",Make bar charts of {traffic_source_1} and {traffic_source_2} over the last {n_weeks} weeks if we got more traffic from {traffic_source_1} than {traffic_source_2},traffic_source_2,search engine
analytics,119,"If we got more traffic from {traffic_source_1} than {traffic_source_2} during the last {n_weeks} weeks, make bar charts of both over that period",Make bar charts of {traffic_source_1} and {traffic_source_2} over the last {n_weeks} weeks if we got more traffic from {traffic_source_1} than {traffic_source_2},n_weeks,4
project_management,0,Move all of {name}'s tasks that are in progress to in review,Move all of {name}'s tasks that are in progress to in review,name,kofi
project_management,1,Move all of {name}'s tasks that are in progress to in review,can you move all of {name}'s tasks that are in progress to in review?,name,aisha
project_management,2,Move all of {name}'s tasks that are in progress to in review,Move all of {name}'s tasks that are in progress to in review,name,yuki
project_management,3,Move all of {name}'s tasks that are in progress to in review,Move all of {name}'s tasks that are in progress to in review,name,dmitri
project_management,4,Move all of {name}'s tasks that are in progress to in review,Move all of {name}'s tasks that are in progress to in review,name,luis
project_management,5,Move all of {name}'s tasks that are in progress to in review,can you move all of {name}'s tasks that are in progress to in review?,name,kofi
project_management,6,Move all of {name}'s tasks that are in progress to in review,can you move all of {name}'s tasks that are in progress to in review?,name,amir
project_management,7,Move all of {name}'s tasks that are in progress to in review,can you move all of {name}'s tasks that are in progress to in review?,name,carlos
project_management,8,Move all of {name}'s tasks that are in progress to in review,Move all of {name}'s tasks that are in progress to in review,name,leila
project_management,9,Move all of {name}'s tasks that are in progress to in review,Move all of {name}'s tasks that are in progress to in review,name,aisha
project_management,10,Add a new task to the {board} backlog called {task_name} and assign it to {name}. It's due on {natural_language_due_date}.,Add a new task to the {board} backlog called {task_name} and assign it to {name}. It's due on {natural_language_due_date}.,board,Design
project_management,10,Add a new task to the {board} backlog called {task_name} and assign it to {name}. It's due on {natural_language_due_date}.,Add a new task to the {board} backlog called {task_name} and assign it to {name}. It's due on {natural_language_due_date}.,task_name,Implement user profile management API
project_management,10,Add a new task to the {board} backlog called {task_name} and assign it to {name}. It's due on {natural_language_due_date}.,Add a new task to the {board} backlog called {task_name} and assign it to {name}. It's due on {natural_language_due_date}.,name,fatima
project_management,10,Add a new task to the {board} backlog called {task_name} and assign it to {name}. It's due on {natural_language_due_date}.,Add a new task to the {board} backlog called {task_name} and assign it to {name}. It's due on {natural_language_due_date}.,natural_language_due_date,December 5
project_management,11,Add a new task to the {board} backlog called {task_name} and assign it to {name}. It's due on {natural_language_due_date}.,I need to add a new task to the {board} backlog called {task_name} and assign it to {name}. It's due on {natural_language_due_date}. Can you do that?,board,Design
project_management,11,Add a new task to the {board} backlog called {task_name} and assign it to {name}. It's due on {natural_language_due_date}.,I need to add a new task to the {board} backlog called {task_name} and assign it to {name}. It's due on {natural_language_due_date}. Can you do that?,task_name,Develop prototype for data export
project_management,11,Add a new task to the {board} backlog called {task_name} and assign it to {name}. It's due on {natural_language_due_date}.,I need to add a new task to the {board} backlog called {task_name} and assign it to {name}. It's due on {natural_language_due_date}. Can you do that?,name,fatima
project_management,11,Add a new task to the {board} backlog called {task_name} and assign it to {name}. It's due on {natural_language_due_date}.,I need to add a new task to the {board} backlog called {task_name} and assign it to {name}. It's due on {natural_language_due_date}. Can you do that?,natural_language_due_date,December 6
project_management,12,Add a new task to the {board} backlog called {task_name} and assign it to {name}. It's due on {natural_language_due_date}.,I need to add a new task to the {board} backlog called {task_name} and assign it to {name}. It's due on {natural_language_due_date}. Can you do that?,board,Front end
project_management,12,Add a new task to the {board} backlog called {task_name} and assign it to {name}. It's due on {natural_language_due_date}.,I need to add a new task to the {board} backlog called {task_name} and assign it to {name}. It's due on {natural_language_due_date}. Can you do that?,task_name,Create wireframe for dashboard
project_management,12,Add a new task to the {board} backlog called {task_name} and assign it to {name}. It's due on {natural_language_due_date}.,I need to add a new task to the {board} backlog called {task_name} and assign it to {name}. It's due on {natural_language_due_date}. Can you do that?,name,jinsoo
project_management,12,Add a new task to the {board} backlog called {task_name} and assign it to {name}. It's due on {natural_language_due_date}.,I need to add a new task to the {board} backlog called {task_name} and assign it to {name}. It's due on {natural_language_due_date}. Can you do that?,natural_language_due_date,December 4
project_management,13,Add a new task to the {board} backlog called {task_name} and assign it to {name}. It's due on {natural_language_due_date}.,Add a new task to the {board} backlog called {task_name} and assign it to {name}. It's due on {natural_language_due_date}.,board,Front end
project_management,13,Add a new task to the {board} backlog called {task_name} and assign it to {name}. It's due on {natural_language_due_date}.,Add a new task to the {board} backlog called {task_name} and assign it to {name}. It's due on {natural_language_due_date}.,task_name,Integrate Twilio SMS API with frontend
project_management,13,Add a new task to the {board} backlog called {task_name} and assign it to {name}. It's due on {natural_language_due_date}.,Add a new task to the {board} backlog called {task_name} and assign it to {name}. It's due on {natural_language_due_date}.,name,santiago
project_management,13,Add a new task to the {board} backlog called {task_name} and assign it to {name}. It's due on {natural_language_due_date}.,Add a new task to the {board} backlog called {task_name} and assign it to {name}. It's due on {natural_language_due_date}.,natural_language_due_date,December 7
project_management,14,Add a new task to the {board} backlog called {task_name} and assign it to {name}. It's due on {natural_language_due_date}.,Add a new task to the {board} backlog called {task_name} and assign it to {name}. It's due on {natural_language_due_date}.,board,Back end
project_management,14,Add a new task to the {board} backlog called {task_name} and assign it to {name}. It's due on {natural_language_due_date}.,Add a new task to the {board} backlog called {task_name} and assign it to {name}. It's due on {natural_language_due_date}.,task_name,Improve UX of sign-up flow
project_management,14,Add a new task to the {board} backlog called {task_name} and assign it to {name}. It's due on {natural_language_due_date}.,Add a new task to the {board} backlog called {task_name} and assign it to {name}. It's due on {natural_language_due_date}.,name,chenwei
project_management,14,Add a new task to the {board} backlog called {task_name} and assign it to {name}. It's due on {natural_language_due_date}.,Add a new task to the {board} backlog called {task_name} and assign it to {name}. It's due on {natural_language_due_date}.,natural_language_due_date,December 2
project_management,15,Add a new task to the {board} backlog called {task_name} and assign it to {name}. It's due on {natural_language_due_date}.,Add a new task to the {board} backlog called {task_name} and assign it to {name}. It's due on {natural_language_due_date}.,board,Front end
project_management,15,Add a new task to the {board} backlog called {task_name} and assign it to {name}. It's due on {natural_language_due_date}.,Add a new task to the {board} backlog called {task_name} and assign it to {name}. It's due on {natural_language_due_date}.,task_name,Implement search functionality API
project_management,15,Add a new task to the {board} backlog called {task_name} and assign it to {name}. It's due on {natural_language_due_date}.,Add a new task to the {board} backlog called {task_name} and assign it to {name}. It's due on {natural_language_due_date}.,name,carlos
project_management,15,Add a new task to the {board} backlog called {task_name} and assign it to {name}. It's due on {natural_language_due_date}.,Add a new task to the {board} backlog called {task_name} and assign it to {name}. It's due on {natural_language_due_date}.,natural_language_due_date,December 4
project_management,16,Add a new task to the {board} backlog called {task_name} and assign it to {name}. It's due on {natural_language_due_date}.,can you add a new task called {task_name} to the {board} backlog and assign it to {name}? It's due on {natural_language_due_date}.,task_name,Fix bug in payment processing module
project_management,16,Add a new task to the {board} backlog called {task_name} and assign it to {name}. It's due on {natural_language_due_date}.,can you add a new task called {task_name} to the {board} backlog and assign it to {name}? It's due on {natural_language_due_date}.,board,Back end
project_management,16,Add a new task to the {board} backlog called {task_name} and assign it to {name}. It's due on {natural_language_due_date}.,can you add a new task called {task_name} to the {board} backlog and assign it to {name}? It's due on {natural_language_due_date}.,name,kofi
project_management,16,Add a new task to the {board} backlog called {task_name} and assign it to {name}. It's due on {natural_language_due_date}.,can you add a new task called {task_name} to the {board} backlog and assign it to {name}? It's due on {natural_language_due_date}.,natural_language_due_date,December 5
project_management,17,Add a new task to the {board} backlog called {task_name} and assign it to {name}. It's due on {natural_language_due_date}.,Add a new task to the {board} backlog called {task_name} and assign it to {name}. It's due on {natural_language_due_date}.,board,Back end
project_management,17,Add a new task to the {board} backlog called {task_name} and assign it to {name}. It's due on {natural_language_due_date}.,Add a new task to the {board} backlog called {task_name} and assign it to {name}. It's due on {natural_language_due_date}.,task_name,Fix alignment issue in homepage
project_management,17,Add a new task to the {board} backlog called {task_name} and assign it to {name}. It's due on {natural_language_due_date}.,Add a new task to the {board} backlog called {task_name} and assign it to {name}. It's due on {natural_language_due_date}.,name,anaya
project_management,17,Add a new task to the {board} backlog called {task_name} and assign it to {name}. It's due on {natural_language_due_date}.,Add a new task to the {board} backlog called {task_name} and assign it to {name}. It's due on {natural_language_due_date}.,natural_language_due_date,December 5
project_management,18,Add a new task to the {board} backlog called {task_name} and assign it to {name}. It's due on {natural_language_due_date}.,I need to add a new task to the {board} backlog called {task_name} and assign it to {name}. It's due on {natural_language_due_date}. Can you do that?,board,Design
project_management,18,Add a new task to the {board} backlog called {task_name} and assign it to {name}. It's due on {natural_language_due_date}.,I need to add a new task to the {board} backlog called {task_name} and assign it to {name}. It's due on {natural_language_due_date}. Can you do that?,task_name,Design UI for profile page
project_management,18,Add a new task to the {board} backlog called {task_name} and assign it to {name}. It's due on {natural_language_due_date}.,I need to add a new task to the {board} backlog called {task_name} and assign it to {name}. It's due on {natural_language_due_date}. Can you do that?,name,carlos
project_management,18,Add a new task to the {board} backlog called {task_name} and assign it to {name}. It's due on {natural_language_due_date}.,I need to add a new task to the {board} backlog called {task_name} and assign it to {name}. It's due on {natural_language_due_date}. Can you do that?,natural_language_due_date,December 3
project_management,19,Add a new task to the {board} backlog called {task_name} and assign it to {name}. It's due on {natural_language_due_date}.,Add a new task to the {board} backlog called {task_name} and assign it to {name}. It's due on {natural_language_due_date}.,board,Front end
project_management,19,Add a new task to the {board} backlog called {task_name} and assign it to {name}. It's due on {natural_language_due_date}.,Add a new task to the {board} backlog called {task_name} and assign it to {name}. It's due on {natural_language_due_date}.,task_name,Fix bug in user authentication module
project_management,19,Add a new task to the {board} backlog called {task_name} and assign it to {name}. It's due on {natural_language_due_date}.,Add a new task to the {board} backlog called {task_name} and assign it to {name}. It's due on {natural_language_due_date}.,name,yuki
project_management,19,Add a new task to the {board} backlog called {task_name} and assign it to {name}. It's due on {natural_language_due_date}.,Add a new task to the {board} backlog called {task_name} and assign it to {name}. It's due on {natural_language_due_date}.,natural_language_due_date,December 6
project_management,20,Move all of {name}'s overdue tasks in the backlog to in progress,can you move all of {name}'s overdue tasks in the backlog to in progress?,name,aisha
project_management,21,Move all of {name}'s overdue tasks in the backlog to in progress,{name} has a bunch of overdue tasks in the backlog. Can you move them to in progress?,name,dmitri
project_management,22,Move all of {name}'s overdue tasks in the backlog to in progress,Move all of {name}'s overdue tasks in the backlog to in progress,name,carlos
project_management,23,Move all of {name}'s overdue tasks in the backlog to in progress,Move all of {name}'s overdue tasks in the backlog to in progress,name,jinsoo
project_management,24,Move all of {name}'s overdue tasks in the backlog to in progress,{name} has a bunch of overdue tasks in the backlog. Can you move them to in progress?,name,leila
project_management,25,Move all of {name}'s overdue tasks in the backlog to in progress,can you move all of {name}'s overdue tasks in the backlog to in progress?,name,santiago
project_management,26,Move all of {name}'s overdue tasks in the backlog to in progress,{name} has a bunch of overdue tasks in the backlog. Can you move them to in progress?,name,jinsoo
project_management,27,Move all of {name}'s overdue tasks in the backlog to in progress,{name} has a bunch of overdue tasks in the backlog. Can you move them to in progress?,name,fatima
project_management,28,Move all of {name}'s overdue tasks in the backlog to in progress,Move all of {name}'s overdue tasks in the backlog to in progress,name,nia
project_management,29,Move all of {name}'s overdue tasks in the backlog to in progress,{name} has a bunch of overdue tasks in the backlog. Can you move them to in progress?,name,kofi
project_management,30,Move any of {name}'s tasks that are in review to completed,can you move any of {name}'s tasks that are in review to completed?,name,luis
project_management,31,Move any of {name}'s tasks that are in review to completed,Move any of {name}'s tasks that are in review to completed,name,kofi
project_management,32,Move any of {name}'s tasks that are in review to completed,can you move any of {name}'s tasks that are in review to completed?,name,anaya
project_management,33,Move any of {name}'s tasks that are in review to completed,can you move any of {name}'s tasks that are in review to completed?,name,fatima
project_management,34,Move any of {name}'s tasks that are in review to completed,Move any of {name}'s tasks that are in review to completed,name,luis
project_management,35,Move any of {name}'s tasks that are in review to completed,I've finished reviewing all of {name}'s tasks. Can you move all the ones that are in review to completed?,name,fatima
project_management,36,Move any of {name}'s tasks that are in review to completed,I've finished reviewing all of {name}'s tasks. Can you move all the ones that are in review to completed?,name,leila
project_management,37,Move any of {name}'s tasks that are in review to completed,can you move any of {name}'s tasks that are in review to completed?,name,amir
project_management,38,Move any of {name}'s tasks that are in review to completed,can you move any of {name}'s tasks that are in review to completed?,name,dmitri
project_management,39,Move any of {name}'s tasks that are in review to completed,Move any of {name}'s tasks that are in review to completed,name,nia
project_management,40,{name_1} is sick so reassign their in progress tasks to {name_2}.,{name_1} is sick so reassign their in progress tasks to {name_2}.,name_1,dmitri
project_management,40,{name_1} is sick so reassign their in progress tasks to {name_2}.,{name_1} is sick so reassign their in progress tasks to {name_2}.,name_2,jinsoo
project_management,41,{name_1} is sick so reassign their in progress tasks to {name_2}.,can you reassign all of {name_1}'s in progress tasks to {name_2}?,name_1,olga
project_management,41,{name_1} is sick so reassign their in progress tasks to {name_2}.,can you reassign all of {name_1}'s in progress tasks to {name_2}?,name_2,nia
project_management,42,{name_1} is sick so reassign their in progress tasks to {name_2}.,{name_1} is sick so reassign their in progress tasks to {name_2}.,name_1,yuki
project_management,42,{name_1} is sick so reassign their in progress tasks to {name_2}.,{name_1} is sick so reassign their in progress tasks to {name_2}.,name_2,carlos
project_management,43,{name_1} is sick so reassign their in progress tasks to {name_2}.,I need to reassign all of {name_1}'s in progress tasks to {name_2}. Can you do that?,name_1,amir
project_management,43,{name_1} is sick so reassign their in progress tasks to {name_2}.,I need to reassign all of {name_1}'s in progress tasks to {name_2}. Can you do that?,name_2,anaya
project_management,44,{name_1} is sick so reassign their in progress tasks to {name_2}.,I need to reassign all of {name_1}'s in progress tasks to {name_2}. Can you do that?,name_1,nia
project_management,44,{name_1} is sick so reassign their in progress tasks to {name_2}.,I need to reassign all of {name_1}'s in progress tasks to {name_2}. Can you do that?,name_2,dmitri
project_management,45,{name_1} is sick so reassign their in progress tasks to {name_2}.,I need to reassign all of {name_1}'s in progress tasks to {name_2}. Can you do that?,name_1,santiago
project_management,45,{name_1} is sick so reassign their in progress tasks to {name_2}.,I need to reassign all of {name_1}'s in progress tasks to {name_2}. Can you do that?,name_2,leila
project_management,46,{name_1} is sick so reassign their in progress tasks to {name_2}.,can you reassign all of {name_1}'s in progress tasks to {name_2}?,name_1,santiago
project_management,46,{name_1} is sick so reassign their in progress tasks to {name_2}.,can you reassign all of {name_1}'s in progress tasks to {name_2}?,name_2,fatima
project_management,47,{name_1} is sick so reassign their in progress tasks to {name_2}.,I need to reassign all of {name_1}'s in progress tasks to {name_2}. Can you do that?,name_1,fatima
project_management,47,{name_1} is sick so reassign their in progress tasks to {name_2}.,I need to reassign all of {name_1}'s in progress tasks to {name_2}. Can you do that?,name_2,dmitri
project_management,48,{name_1} is sick so reassign their in progress tasks to {name_2}.,I need to reassign all of {name_1}'s in progress tasks to {name_2}. Can you do that?,name_1,chenwei
project_management,48,{name_1} is sick so reassign their in progress tasks to {name_2}.,I need to reassign all of {name_1}'s in progress tasks to {name_2}. Can you do that?,name_2,yuki
project_management,49,{name_1} is sick so reassign their in progress tasks to {name_2}.,I need to reassign all of {name_1}'s in progress tasks to {name_2}. Can you do that?,name_1,anaya
project_management,49,{name_1} is sick so reassign their in progress tasks to {name_2}.,I need to reassign all of {name_1}'s in progress tasks to {name_2}. Can you do that?,name_2,leila
project_management,50,{name_1} is on vacation now so move all the tasks they are currently working on to the backlog.,can you move all the tasks {name_1} is currently working on to the backlog?,name_1,leila
project_management,51,{name_1} is on vacation now so move all the tasks they are currently working on to the backlog.,{name_1} is on vacation now so move all the tasks they are currently working on to the backlog.,name_1,dmitri
project_management,52,{name_1} is on vacation now so move all the tasks they are currently working on to the backlog.,can you move all the tasks {name_1} is currently working on to the backlog?,name_1,chenwei
project_management,53,{name_1} is on vacation now so move all the tasks they are currently working on to the backlog.,{name_1} is on vacation now so move all the tasks they are currently working on to the backlog.,name_1,carlos
project_management,54,{name_1} is on vacation now so move all the tasks they are currently working on to the backlog.,{name_1} is on vacation now so move all the tasks they are currently working on to the backlog.,name_1,jinsoo
project_management,55,{name_1} is on vacation now so move all the tasks they are currently working on to the backlog.,{name_1} needs a break - move everything they are actively working on to the backlog,name_1,fatima
project_management,56,{name_1} is on vacation now so move all the tasks they are currently working on to the backlog.,{name_1} needs a break - move everything they are actively working on to the backlog,name_1,leila
project_management,57,{name_1} is on vacation now so move all the tasks they are currently working on to the backlog.,can you move all the tasks {name_1} is currently working on to the backlog?,name_1,carlos
project_management,58,{name_1} is on vacation now so move all the tasks they are currently working on to the backlog.,{name_1} needs a break - move everything they are actively working on to the backlog,name_1,santiago
project_management,59,{name_1} is on vacation now so move all the tasks they are currently working on to the backlog.,{name_1} needs a break - move everything they are actively working on to the backlog,name_1,yuki
project_management,60,Give all the overdue tasks that {name_1} hasn't started to {name_2}.,can you give all of {name_1}'s overdue tasks that they haven't started to {name_2}?,name_1,jinsoo
project_management,60,Give all the overdue tasks that {name_1} hasn't started to {name_2}.,can you give all of {name_1}'s overdue tasks that they haven't started to {name_2}?,name_2,aisha
project_management,61,Give all the overdue tasks that {name_1} hasn't started to {name_2}.,can you give all of {name_1}'s overdue tasks that they haven't started to {name_2}?,name_1,luis
project_management,61,Give all the overdue tasks that {name_1} hasn't started to {name_2}.,can you give all of {name_1}'s overdue tasks that they haven't started to {name_2}?,name_2,carlos
project_management,62,Give all the overdue tasks that {name_1} hasn't started to {name_2}.,{name_2} has some free time so can you give them all of {name_1}'s overdue tasks that they haven't started?,name_2,chenwei
project_management,62,Give all the overdue tasks that {name_1} hasn't started to {name_2}.,{name_2} has some free time so can you give them all of {name_1}'s overdue tasks that they haven't started?,name_1,amir
project_management,63,Give all the overdue tasks that {name_1} hasn't started to {name_2}.,{name_2} has some free time so can you give them all of {name_1}'s overdue tasks that they haven't started?,name_2,kofi
project_management,63,Give all the overdue tasks that {name_1} hasn't started to {name_2}.,{name_2} has some free time so can you give them all of {name_1}'s overdue tasks that they haven't started?,name_1,olga
project_management,64,Give all the overdue tasks that {name_1} hasn't started to {name_2}.,{name_2} has some free time so can you give them all of {name_1}'s overdue tasks that they haven't started?,name_2,yuki
project_management,64,Give all the overdue tasks that {name_1} hasn't started to {name_2}.,{name_2} has some free time so can you give them all of {name_1}'s overdue tasks that they haven't started?,name_1,carlos
project_management,65,Give all the overdue tasks that {name_1} hasn't started to {name_2}.,Give all the overdue tasks that {name_1} hasn't started to {name_2}.,name_1,fatima
project_management,65,Give all the overdue tasks that {name_1} hasn't started to {name_2}.,Give all the overdue tasks that {name_1} hasn't started to {name_2}.,name_2,santiago
project_management,66,Give all the overdue tasks that {name_1} hasn't started to {name_2}.,can you give all of {name_1}'s overdue tasks that they haven't started to {name_2}?,name_1,luis
project_management,66,Give all the overdue tasks that {name_1} hasn't started to {name_2}.,can you give all of {name_1}'s overdue tasks that they haven't started to {name_2}?,name_2,amir
project_management,67,Give all the overdue tasks that {name_1} hasn't started to {name_2}.,Give all the overdue tasks that {name_1} hasn't started to {name_2}.,name_1,yuki
project_management,67,Give all the overdue tasks that {name_1} hasn't started to {name_2}.,Give all the overdue tasks that {name_1} hasn't started to {name_2}.,name_2,chenwei
project_management,68,Give all the overdue tasks that {name_1} hasn't started to {name_2}.,Give all the overdue tasks that {name_1} hasn't started to {name_2}.,name_1,chenwei
project_management,68,Give all the overdue tasks that {name_1} hasn't started to {name_2}.,Give all the overdue tasks that {name_1} hasn't started to {name_2}.,name_2,amir
project_management,69,Give all the overdue tasks that {name_1} hasn't started to {name_2}.,{name_2} has some free time so can you give them all of {name_1}'s overdue tasks that they haven't started?,name_2,kofi
project_management,69,Give all the overdue tasks that {name_1} hasn't started to {name_2}.,{name_2} has some free time so can you give them all of {name_1}'s overdue tasks that they haven't started?,name_1,jinsoo
project_management,70,Take {name_1}'s most urgent task and reassign it to {name_2}.,I need to take {name_1}'s most urgent task and reassign it to {name_2}. Can you do that?,name_1,jinsoo
project_management,70,Take {name_1}'s most urgent task and reassign it to {name_2}.,I need to take {name_1}'s most urgent task and reassign it to {name_2}. Can you do that?,name_2,kofi
project_management,71,Take {name_1}'s most urgent task and reassign it to {name_2}.,Take {name_1}'s most urgent task and reassign it to {name_2}.,name_1,anaya
project_management,71,Take {name_1}'s most urgent task and reassign it to {name_2}.,Take {name_1}'s most urgent task and reassign it to {name_2}.,name_2,dmitri
project_management,72,Take {name_1}'s most urgent task and reassign it to {name_2}.,Take {name_1}'s most urgent task and reassign it to {name_2}.,name_1,nia
project_management,72,Take {name_1}'s most urgent task and reassign it to {name_2}.,Take {name_1}'s most urgent task and reassign it to {name_2}.,name_2,olga
project_management,73,Take {name_1}'s most urgent task and reassign it to {name_2}.,can you take {name_1}'s most urgent task and reassign it to {name_2}?,name_1,anaya
project_management,73,Take {name_1}'s most urgent task and reassign it to {name_2}.,can you take {name_1}'s most urgent task and reassign it to {name_2}?,name_2,nia
project_management,74,Take {name_1}'s most urgent task and reassign it to {name_2}.,can you take {name_1}'s most urgent task and reassign it to {name_2}?,name_1,aisha
project_management,74,Take {name_1}'s most urgent task and reassign it to {name_2}.,can you take {name_1}'s most urgent task and reassign it to {name_2}?,name_2,carlos
project_management,75,Take {name_1}'s most urgent task and reassign it to {name_2}.,Take {name_1}'s most urgent task and reassign it to {name_2}.,name_1,dmitri
project_management,75,Take {name_1}'s most urgent task and reassign it to {name_2}.,Take {name_1}'s most urgent task and reassign it to {name_2}.,name_2,aisha
project_management,76,Take {name_1}'s most urgent task and reassign it to {name_2}.,can you take {name_1}'s most urgent task and reassign it to {name_2}?,name_1,carlos
project_management,76,Take {name_1}'s most urgent task and reassign it to {name_2}.,can you take {name_1}'s most urgent task and reassign it to {name_2}?,name_2,luis
project_management,77,Take {name_1}'s most urgent task and reassign it to {name_2}.,I need to take {name_1}'s most urgent task and reassign it to {name_2}. Can you do that?,name_1,jinsoo
project_management,77,Take {name_1}'s most urgent task and reassign it to {name_2}.,I need to take {name_1}'s most urgent task and reassign it to {name_2}. Can you do that?,name_2,carlos
project_management,78,Take {name_1}'s most urgent task and reassign it to {name_2}.,can you take {name_1}'s most urgent task and reassign it to {name_2}?,name_1,fatima
project_management,78,Take {name_1}'s most urgent task and reassign it to {name_2}.,can you take {name_1}'s most urgent task and reassign it to {name_2}?,name_2,kofi
project_management,79,Take {name_1}'s most urgent task and reassign it to {name_2}.,I need to take {name_1}'s most urgent task and reassign it to {name_2}. Can you do that?,name_1,yuki
project_management,79,Take {name_1}'s most urgent task and reassign it to {name_2}.,I need to take {name_1}'s most urgent task and reassign it to {name_2}. Can you do that?,name_2,chenwei
multi_domain,0,If we haven't spoke to {current_customer_name} in the past fortnight book a 30-minute meeting with whoever is assigned to them called 'Update on {current_customer_name}' at the first time I'm free tomorrow,If we haven't spoke to {current_customer_name} in the past fortnight book a 30-minute meeting with whoever is assigned to them called 'Update on {current_customer_name}' at the first time I'm free tomorrow,current_customer_name,Cameron Anderson
multi_domain,1,If we haven't spoke to {current_customer_name} in the past fortnight book a 30-minute meeting with whoever is assigned to them called 'Update on {current_customer_name}' at the first time I'm free tomorrow,If we haven't spoke to {current_customer_name} in the past fortnight book a 30-minute meeting with whoever is assigned to them called 'Update on {current_customer_name}' at the first time I'm free tomorrow,current_customer_name,Riley Brown
multi_domain,2,If we haven't spoke to {current_customer_name} in the past fortnight book a 30-minute meeting with whoever is assigned to them called 'Update on {current_customer_name}' at the first time I'm free tomorrow,If we haven't spoke to {current_customer_name} in the past fortnight book a 30-minute meeting with whoever is assigned to them called 'Update on {current_customer_name}' at the first time I'm free tomorrow,current_customer_name,Jessie Thomas
multi_domain,3,If we haven't spoke to {current_customer_name} in the past fortnight book a 30-minute meeting with whoever is assigned to them called 'Update on {current_customer_name}' at the first time I'm free tomorrow,"I haven't spoken to {current_customer_name} in a while. Can you check if it's been over 14 days? If so, book a 30-minute meeting with whoever is assigned to them called 'Update on {current_customer_name}' at the first time I'm free tomorrow",current_customer_name,Quinn Thomas
multi_domain,4,If we haven't spoke to {current_customer_name} in the past fortnight book a 30-minute meeting with whoever is assigned to them called 'Update on {current_customer_name}' at the first time I'm free tomorrow,If we haven't spoke to {current_customer_name} in the past fortnight book a 30-minute meeting with whoever is assigned to them called 'Update on {current_customer_name}' at the first time I'm free tomorrow,current_customer_name,Quinn Harris
multi_domain,5,If we haven't spoke to {current_customer_name} in the past fortnight book a 30-minute meeting with whoever is assigned to them called 'Update on {current_customer_name}' at the first time I'm free tomorrow,"I haven't spoken to {current_customer_name} in a while. Can you check if it's been over 14 days? If so, book a 30-minute meeting with whoever is assigned to them called 'Update on {current_customer_name}' at the first time I'm free tomorrow",current_customer_name,Quinn Brown
multi_domain,6,If we haven't spoke to {current_customer_name} in the past fortnight book a 30-minute meeting with whoever is assigned to them called 'Update on {current_customer_name}' at the first time I'm free tomorrow,If we haven't spoke to {current_customer_name} in the past fortnight book a 30-minute meeting with whoever is assigned to them called 'Update on {current_customer_name}' at the first time I'm free tomorrow,current_customer_name,Jamie Anderson
multi_domain,7,If we haven't spoke to {current_customer_name} in the past fortnight book a 30-minute meeting with whoever is assigned to them called 'Update on {current_customer_name}' at the first time I'm free tomorrow,"If we haven't spoken to {current_customer_name} in the past 2 weeks, book a half hour meeting with whoeveris assigned to them called 'Update on {current_customer_name}' at the first time I'm free tomorrow",current_customer_name,Kerry Brown
multi_domain,8,If we haven't spoke to {current_customer_name} in the past fortnight book a 30-minute meeting with whoever is assigned to them called 'Update on {current_customer_name}' at the first time I'm free tomorrow,If we haven't spoke to {current_customer_name} in the past fortnight book a 30-minute meeting with whoever is assigned to them called 'Update on {current_customer_name}' at the first time I'm free tomorrow,current_customer_name,Jordan Jones
multi_domain,9,If we haven't spoke to {current_customer_name} in the past fortnight book a 30-minute meeting with whoever is assigned to them called 'Update on {current_customer_name}' at the first time I'm free tomorrow,"I haven't spoken to {current_customer_name} in a while. Can you check if it's been over 14 days? If so, book a 30-minute meeting with whoever is assigned to them called 'Update on {current_customer_name}' at the first time I'm free tomorrow",current_customer_name,Jamie Davis
multi_domain,10, Add {new_customer_name} as a new lead in the crm and assign them to the person with the fewest tasks assigned to them,Can you find the person with the fewest tasks assigned to them and assign {new_customer_name} to them as a new lead in the crm?,new_customer_name,Reese Martinez
multi_domain,11, Add {new_customer_name} as a new lead in the crm and assign them to the person with the fewest tasks assigned to them, Add {new_customer_name} as a new lead in the crm and assign them to the person with the fewest tasks assigned to them,new_customer_name,Alex Davis
multi_domain,12, Add {new_customer_name} as a new lead in the crm and assign them to the person with the fewest tasks assigned to them,I need to add {new_customer_name} as a new lead in the crm. Can you assign them to the person with the fewest tasks assigned to them?,new_customer_name,Alex Anderson
multi_domain,13, Add {new_customer_name} as a new lead in the crm and assign them to the person with the fewest tasks assigned to them,Can you find the person with the fewest tasks assigned to them and assign {new_customer_name} to them as a new lead in the crm?,new_customer_name,Cameron Brown
multi_domain,14, Add {new_customer_name} as a new lead in the crm and assign them to the person with the fewest tasks assigned to them, Add {new_customer_name} as a new lead in the crm and assign them to the person with the fewest tasks assigned to them,new_customer_name,Jessie Martinez
multi_domain,15, Add {new_customer_name} as a new lead in the crm and assign them to the person with the fewest tasks assigned to them,Can you find the person with the fewest tasks assigned to them and assign {new_customer_name} to them as a new lead in the crm?,new_customer_name,Quinn Thomas
multi_domain,16, Add {new_customer_name} as a new lead in the crm and assign them to the person with the fewest tasks assigned to them, Add {new_customer_name} as a new lead in the crm and assign them to the person with the fewest tasks assigned to them,new_customer_name,Taylor Brown
multi_domain,17, Add {new_customer_name} as a new lead in the crm and assign them to the person with the fewest tasks assigned to them, Add {new_customer_name} as a new lead in the crm and assign them to the person with the fewest tasks assigned to them,new_customer_name,Parker Martin
multi_domain,18, Add {new_customer_name} as a new lead in the crm and assign them to the person with the fewest tasks assigned to them,Can you find the person with the fewest tasks assigned to them and assign {new_customer_name} to them as a new lead in the crm?,new_customer_name,Jamie Davis
multi_domain,19, Add {new_customer_name} as a new lead in the crm and assign them to the person with the fewest tasks assigned to them, Add {new_customer_name} as a new lead in the crm and assign them to the person with the fewest tasks assigned to them,new_customer_name,Jaden Anderson
multi_domain,20,Find the email from {natural_language_email_date} about {subject} and schedule a {natural_language_duration} meeting called '{subject}' at {natural_language_time} with the sender for {natural_language_event_date}.,Can you find the email from {natural_language_email_date} about '{subject}' and schedule a {natural_language_duration} meeting called '{subject}' at {natural_language_time} with the sender for {natural_language_event_date}?,natural_language_email_date,October 19
multi_domain,20,Find the email from {natural_language_email_date} about {subject} and schedule a {natural_language_duration} meeting called '{subject}' at {natural_language_time} with the sender for {natural_language_event_date}.,Can you find the email from {natural_language_email_date} about '{subject}' and schedule a {natural_language_duration} meeting called '{subject}' at {natural_language_time} with the sender for {natural_language_event_date}?,subject,Update on Supply Chain Enhancement Workshop
multi_domain,20,Find the email from {natural_language_email_date} about {subject} and schedule a {natural_language_duration} meeting called '{subject}' at {natural_language_time} with the sender for {natural_language_event_date}.,Can you find the email from {natural_language_email_date} about '{subject}' and schedule a {natural_language_duration} meeting called '{subject}' at {natural_language_time} with the sender for {natural_language_event_date}?,natural_language_duration,1.5 hour
multi_domain,20,Find the email from {natural_language_email_date} about {subject} and schedule a {natural_language_duration} meeting called '{subject}' at {natural_language_time} with the sender for {natural_language_event_date}.,Can you find the email from {natural_language_email_date} about '{subject}' and schedule a {natural_language_duration} meeting called '{subject}' at {natural_language_time} with the sender for {natural_language_event_date}?,natural_language_time,12
multi_domain,20,Find the email from {natural_language_email_date} about {subject} and schedule a {natural_language_duration} meeting called '{subject}' at {natural_language_time} with the sender for {natural_language_event_date}.,Can you find the email from {natural_language_email_date} about '{subject}' and schedule a {natural_language_duration} meeting called '{subject}' at {natural_language_time} with the sender for {natural_language_event_date}?,natural_language_event_date,December 11
multi_domain,21,Find the email from {natural_language_email_date} about {subject} and schedule a {natural_language_duration} meeting called '{subject}' at {natural_language_time} with the sender for {natural_language_event_date}.,Find the email from {natural_language_email_date} about {subject} and schedule a {natural_language_duration} meeting called '{subject}' at {natural_language_time} with the sender for {natural_language_event_date}.,natural_language_email_date,October 17
multi_domain,21,Find the email from {natural_language_email_date} about {subject} and schedule a {natural_language_duration} meeting called '{subject}' at {natural_language_time} with the sender for {natural_language_event_date}.,Find the email from {natural_language_email_date} about {subject} and schedule a {natural_language_duration} meeting called '{subject}' at {natural_language_time} with the sender for {natural_language_event_date}.,subject,Update on project debrief
multi_domain,21,Find the email from {natural_language_email_date} about {subject} and schedule a {natural_language_duration} meeting called '{subject}' at {natural_language_time} with the sender for {natural_language_event_date}.,Find the email from {natural_language_email_date} about {subject} and schedule a {natural_language_duration} meeting called '{subject}' at {natural_language_time} with the sender for {natural_language_event_date}.,natural_language_duration,1.5 hour
multi_domain,21,Find the email from {natural_language_email_date} about {subject} and schedule a {natural_language_duration} meeting called '{subject}' at {natural_language_time} with the sender for {natural_language_event_date}.,Find the email from {natural_language_email_date} about {subject} and schedule a {natural_language_duration} meeting called '{subject}' at {natural_language_time} with the sender for {natural_language_event_date}.,natural_language_time,11:30
multi_domain,21,Find the email from {natural_language_email_date} about {subject} and schedule a {natural_language_duration} meeting called '{subject}' at {natural_language_time} with the sender for {natural_language_event_date}.,Find the email from {natural_language_email_date} about {subject} and schedule a {natural_language_duration} meeting called '{subject}' at {natural_language_time} with the sender for {natural_language_event_date}.,natural_language_event_date,December 18
multi_domain,22,Find the email from {natural_language_email_date} about {subject} and schedule a {natural_language_duration} meeting called '{subject}' at {natural_language_time} with the sender for {natural_language_event_date}.,Find the email from {natural_language_email_date} about {subject} and schedule a {natural_language_duration} meeting called '{subject}' at {natural_language_time} with the sender for {natural_language_event_date}.,natural_language_email_date,November 1
multi_domain,22,Find the email from {natural_language_email_date} about {subject} and schedule a {natural_language_duration} meeting called '{subject}' at {natural_language_time} with the sender for {natural_language_event_date}.,Find the email from {natural_language_email_date} about {subject} and schedule a {natural_language_duration} meeting called '{subject}' at {natural_language_time} with the sender for {natural_language_event_date}.,subject,Task Update on Design UI for landing page
multi_domain,22,Find the email from {natural_language_email_date} about {subject} and schedule a {natural_language_duration} meeting called '{subject}' at {natural_language_time} with the sender for {natural_language_event_date}.,Find the email from {natural_language_email_date} about {subject} and schedule a {natural_language_duration} meeting called '{subject}' at {natural_language_time} with the sender for {natural_language_event_date}.,natural_language_duration,30 minute
multi_domain,22,Find the email from {natural_language_email_date} about {subject} and schedule a {natural_language_duration} meeting called '{subject}' at {natural_language_time} with the sender for {natural_language_event_date}.,Find the email from {natural_language_email_date} about {subject} and schedule a {natural_language_duration} meeting called '{subject}' at {natural_language_time} with the sender for {natural_language_event_date}.,natural_language_time,1
multi_domain,22,Find the email from {natural_language_email_date} about {subject} and schedule a {natural_language_duration} meeting called '{subject}' at {natural_language_time} with the sender for {natural_language_event_date}.,Find the email from {natural_language_email_date} about {subject} and schedule a {natural_language_duration} meeting called '{subject}' at {natural_language_time} with the sender for {natural_language_event_date}.,natural_language_event_date,December 18
multi_domain,23,Find the email from {natural_language_email_date} about {subject} and schedule a {natural_language_duration} meeting called '{subject}' at {natural_language_time} with the sender for {natural_language_event_date}.,Can you find the email from {natural_language_email_date} about '{subject}' and schedule a {natural_language_duration} meeting called '{subject}' at {natural_language_time} with the sender for {natural_language_event_date}?,natural_language_email_date,November 3
multi_domain,23,Find the email from {natural_language_email_date} about {subject} and schedule a {natural_language_duration} meeting called '{subject}' at {natural_language_time} with the sender for {natural_language_event_date}.,Can you find the email from {natural_language_email_date} about '{subject}' and schedule a {natural_language_duration} meeting called '{subject}' at {natural_language_time} with the sender for {natural_language_event_date}?,subject,Task Update on Fix bug in content delivery module
multi_domain,23,Find the email from {natural_language_email_date} about {subject} and schedule a {natural_language_duration} meeting called '{subject}' at {natural_language_time} with the sender for {natural_language_event_date}.,Can you find the email from {natural_language_email_date} about '{subject}' and schedule a {natural_language_duration} meeting called '{subject}' at {natural_language_time} with the sender for {natural_language_event_date}?,natural_language_duration,1 hour
multi_domain,23,Find the email from {natural_language_email_date} about {subject} and schedule a {natural_language_duration} meeting called '{subject}' at {natural_language_time} with the sender for {natural_language_event_date}.,Can you find the email from {natural_language_email_date} about '{subject}' and schedule a {natural_language_duration} meeting called '{subject}' at {natural_language_time} with the sender for {natural_language_event_date}?,natural_language_time,11
multi_domain,23,Find the email from {natural_language_email_date} about {subject} and schedule a {natural_language_duration} meeting called '{subject}' at {natural_language_time} with the sender for {natural_language_event_date}.,Can you find the email from {natural_language_email_date} about '{subject}' and schedule a {natural_language_duration} meeting called '{subject}' at {natural_language_time} with the sender for {natural_language_event_date}?,natural_language_event_date,December 20
multi_domain,24,Find the email from {natural_language_email_date} about {subject} and schedule a {natural_language_duration} meeting called '{subject}' at {natural_language_time} with the sender for {natural_language_event_date}.,I need to schedule a {natural_language_duration} meeting called '{subject}' at {natural_language_time} for {natural_language_event_date}. It's with the sender of the email from {natural_language_email_date} about '{subject}'. Can you do that?,natural_language_duration,1.5 hour
multi_domain,24,Find the email from {natural_language_email_date} about {subject} and schedule a {natural_language_duration} meeting called '{subject}' at {natural_language_time} with the sender for {natural_language_event_date}.,I need to schedule a {natural_language_duration} meeting called '{subject}' at {natural_language_time} for {natural_language_event_date}. It's with the sender of the email from {natural_language_email_date} about '{subject}'. Can you do that?,subject,Update on Creative Thinking Workshop
multi_domain,24,Find the email from {natural_language_email_date} about {subject} and schedule a {natural_language_duration} meeting called '{subject}' at {natural_language_time} with the sender for {natural_language_event_date}.,I need to schedule a {natural_language_duration} meeting called '{subject}' at {natural_language_time} for {natural_language_event_date}. It's with the sender of the email from {natural_language_email_date} about '{subject}'. Can you do that?,natural_language_time,11:30
multi_domain,24,Find the email from {natural_language_email_date} about {subject} and schedule a {natural_language_duration} meeting called '{subject}' at {natural_language_time} with the sender for {natural_language_event_date}.,I need to schedule a {natural_language_duration} meeting called '{subject}' at {natural_language_time} for {natural_language_event_date}. It's with the sender of the email from {natural_language_email_date} about '{subject}'. Can you do that?,natural_language_event_date,December 12
multi_domain,24,Find the email from {natural_language_email_date} about {subject} and schedule a {natural_language_duration} meeting called '{subject}' at {natural_language_time} with the sender for {natural_language_event_date}.,I need to schedule a {natural_language_duration} meeting called '{subject}' at {natural_language_time} for {natural_language_event_date}. It's with the sender of the email from {natural_language_email_date} about '{subject}'. Can you do that?,natural_language_email_date,November 27
multi_domain,25,Find the email from {natural_language_email_date} about {subject} and schedule a {natural_language_duration} meeting called '{subject}' at {natural_language_time} with the sender for {natural_language_event_date}.,Can you find the email from {natural_language_email_date} about '{subject}' and schedule a {natural_language_duration} meeting called '{subject}' at {natural_language_time} with the sender for {natural_language_event_date}?,natural_language_email_date,November 20
multi_domain,25,Find the email from {natural_language_email_date} about {subject} and schedule a {natural_language_duration} meeting called '{subject}' at {natural_language_time} with the sender for {natural_language_event_date}.,Can you find the email from {natural_language_email_date} about '{subject}' and schedule a {natural_language_duration} meeting called '{subject}' at {natural_language_time} with the sender for {natural_language_event_date}?,subject,Task Update on Implement payment gateway API
multi_domain,25,Find the email from {natural_language_email_date} about {subject} and schedule a {natural_language_duration} meeting called '{subject}' at {natural_language_time} with the sender for {natural_language_event_date}.,Can you find the email from {natural_language_email_date} about '{subject}' and schedule a {natural_language_duration} meeting called '{subject}' at {natural_language_time} with the sender for {natural_language_event_date}?,natural_language_duration,30 minute
multi_domain,25,Find the email from {natural_language_email_date} about {subject} and schedule a {natural_language_duration} meeting called '{subject}' at {natural_language_time} with the sender for {natural_language_event_date}.,Can you find the email from {natural_language_email_date} about '{subject}' and schedule a {natural_language_duration} meeting called '{subject}' at {natural_language_time} with the sender for {natural_language_event_date}?,natural_language_time,12:30
multi_domain,25,Find the email from {natural_language_email_date} about {subject} and schedule a {natural_language_duration} meeting called '{subject}' at {natural_language_time} with the sender for {natural_language_event_date}.,Can you find the email from {natural_language_email_date} about '{subject}' and schedule a {natural_language_duration} meeting called '{subject}' at {natural_language_time} with the sender for {natural_language_event_date}?,natural_language_event_date,December 18
multi_domain,26,Find the email from {natural_language_email_date} about {subject} and schedule a {natural_language_duration} meeting called '{subject}' at {natural_language_time} with the sender for {natural_language_event_date}.,Can you find the email from {natural_language_email_date} about '{subject}' and schedule a {natural_language_duration} meeting called '{subject}' at {natural_language_time} with the sender for {natural_language_event_date}?,natural_language_email_date,November 17
multi_domain,26,Find the email from {natural_language_email_date} about {subject} and schedule a {natural_language_duration} meeting called '{subject}' at {natural_language_time} with the sender for {natural_language_event_date}.,Can you find the email from {natural_language_email_date} about '{subject}' and schedule a {natural_language_duration} meeting called '{subject}' at {natural_language_time} with the sender for {natural_language_event_date}?,subject,Task Update on Optimize database query for report generation
multi_domain,26,Find the email from {natural_language_email_date} about {subject} and schedule a {natural_language_duration} meeting called '{subject}' at {natural_language_time} with the sender for {natural_language_event_date}.,Can you find the email from {natural_language_email_date} about '{subject}' and schedule a {natural_language_duration} meeting called '{subject}' at {natural_language_time} with the sender for {natural_language_event_date}?,natural_language_duration,2 hour
multi_domain,26,Find the email from {natural_language_email_date} about {subject} and schedule a {natural_language_duration} meeting called '{subject}' at {natural_language_time} with the sender for {natural_language_event_date}.,Can you find the email from {natural_language_email_date} about '{subject}' and schedule a {natural_language_duration} meeting called '{subject}' at {natural_language_time} with the sender for {natural_language_event_date}?,natural_language_time,11:30
multi_domain,26,Find the email from {natural_language_email_date} about {subject} and schedule a {natural_language_duration} meeting called '{subject}' at {natural_language_time} with the sender for {natural_language_event_date}.,Can you find the email from {natural_language_email_date} about '{subject}' and schedule a {natural_language_duration} meeting called '{subject}' at {natural_language_time} with the sender for {natural_language_event_date}?,natural_language_event_date,December 15
multi_domain,27,Find the email from {natural_language_email_date} about {subject} and schedule a {natural_language_duration} meeting called '{subject}' at {natural_language_time} with the sender for {natural_language_event_date}.,I need to schedule a {natural_language_duration} meeting called '{subject}' at {natural_language_time} for {natural_language_event_date}. It's with the sender of the email from {natural_language_email_date} about '{subject}'. Can you do that?,natural_language_duration,30 minute
multi_domain,27,Find the email from {natural_language_email_date} about {subject} and schedule a {natural_language_duration} meeting called '{subject}' at {natural_language_time} with the sender for {natural_language_event_date}.,I need to schedule a {natural_language_duration} meeting called '{subject}' at {natural_language_time} for {natural_language_event_date}. It's with the sender of the email from {natural_language_email_date} about '{subject}'. Can you do that?,subject,Update on Annual Budget Planning Session
multi_domain,27,Find the email from {natural_language_email_date} about {subject} and schedule a {natural_language_duration} meeting called '{subject}' at {natural_language_time} with the sender for {natural_language_event_date}.,I need to schedule a {natural_language_duration} meeting called '{subject}' at {natural_language_time} for {natural_language_event_date}. It's with the sender of the email from {natural_language_email_date} about '{subject}'. Can you do that?,natural_language_time,10:30
multi_domain,27,Find the email from {natural_language_email_date} about {subject} and schedule a {natural_language_duration} meeting called '{subject}' at {natural_language_time} with the sender for {natural_language_event_date}.,I need to schedule a {natural_language_duration} meeting called '{subject}' at {natural_language_time} for {natural_language_event_date}. It's with the sender of the email from {natural_language_email_date} about '{subject}'. Can you do that?,natural_language_event_date,December 8
multi_domain,27,Find the email from {natural_language_email_date} about {subject} and schedule a {natural_language_duration} meeting called '{subject}' at {natural_language_time} with the sender for {natural_language_event_date}.,I need to schedule a {natural_language_duration} meeting called '{subject}' at {natural_language_time} for {natural_language_event_date}. It's with the sender of the email from {natural_language_email_date} about '{subject}'. Can you do that?,natural_language_email_date,November 13
multi_domain,28,Find the email from {natural_language_email_date} about {subject} and schedule a {natural_language_duration} meeting called '{subject}' at {natural_language_time} with the sender for {natural_language_event_date}.,Can you find the email from {natural_language_email_date} about '{subject}' and schedule a {natural_language_duration} meeting called '{subject}' at {natural_language_time} with the sender for {natural_language_event_date}?,natural_language_email_date,October 26
multi_domain,28,Find the email from {natural_language_email_date} about {subject} and schedule a {natural_language_duration} meeting called '{subject}' at {natural_language_time} with the sender for {natural_language_event_date}.,Can you find the email from {natural_language_email_date} about '{subject}' and schedule a {natural_language_duration} meeting called '{subject}' at {natural_language_time} with the sender for {natural_language_event_date}?,subject,Update on Board of Directors Conclave
multi_domain,28,Find the email from {natural_language_email_date} about {subject} and schedule a {natural_language_duration} meeting called '{subject}' at {natural_language_time} with the sender for {natural_language_event_date}.,Can you find the email from {natural_language_email_date} about '{subject}' and schedule a {natural_language_duration} meeting called '{subject}' at {natural_language_time} with the sender for {natural_language_event_date}?,natural_language_duration,2 hour
multi_domain,28,Find the email from {natural_language_email_date} about {subject} and schedule a {natural_language_duration} meeting called '{subject}' at {natural_language_time} with the sender for {natural_language_event_date}.,Can you find the email from {natural_language_email_date} about '{subject}' and schedule a {natural_language_duration} meeting called '{subject}' at {natural_language_time} with the sender for {natural_language_event_date}?,natural_language_time,2:30
multi_domain,28,Find the email from {natural_language_email_date} about {subject} and schedule a {natural_language_duration} meeting called '{subject}' at {natural_language_time} with the sender for {natural_language_event_date}.,Can you find the email from {natural_language_email_date} about '{subject}' and schedule a {natural_language_duration} meeting called '{subject}' at {natural_language_time} with the sender for {natural_language_event_date}?,natural_language_event_date,November 30
multi_domain,29,Find the email from {natural_language_email_date} about {subject} and schedule a {natural_language_duration} meeting called '{subject}' at {natural_language_time} with the sender for {natural_language_event_date}.,Can you find the email from {natural_language_email_date} about '{subject}' and schedule a {natural_language_duration} meeting called '{subject}' at {natural_language_time} with the sender for {natural_language_event_date}?,natural_language_email_date,October 25
multi_domain,29,Find the email from {natural_language_email_date} about {subject} and schedule a {natural_language_duration} meeting called '{subject}' at {natural_language_time} with the sender for {natural_language_event_date}.,Can you find the email from {natural_language_email_date} about '{subject}' and schedule a {natural_language_duration} meeting called '{subject}' at {natural_language_time} with the sender for {natural_language_event_date}?,subject,Update on Project Initiation Meeting
multi_domain,29,Find the email from {natural_language_email_date} about {subject} and schedule a {natural_language_duration} meeting called '{subject}' at {natural_language_time} with the sender for {natural_language_event_date}.,Can you find the email from {natural_language_email_date} about '{subject}' and schedule a {natural_language_duration} meeting called '{subject}' at {natural_language_time} with the sender for {natural_language_event_date}?,natural_language_duration,1 hour
multi_domain,29,Find the email from {natural_language_email_date} about {subject} and schedule a {natural_language_duration} meeting called '{subject}' at {natural_language_time} with the sender for {natural_language_event_date}.,Can you find the email from {natural_language_email_date} about '{subject}' and schedule a {natural_language_duration} meeting called '{subject}' at {natural_language_time} with the sender for {natural_language_event_date}?,natural_language_time,12
multi_domain,29,Find the email from {natural_language_email_date} about {subject} and schedule a {natural_language_duration} meeting called '{subject}' at {natural_language_time} with the sender for {natural_language_event_date}.,Can you find the email from {natural_language_email_date} about '{subject}' and schedule a {natural_language_duration} meeting called '{subject}' at {natural_language_time} with the sender for {natural_language_event_date}?,natural_language_event_date,December 7
multi_domain,30,Send an email to attendees of the first event on {natural_language_event_date}. Title it with the event name and tell them 'Remember to attend this event.',Can you send an email to attendees of the first event on {natural_language_event_date}? Title it with the event name and tell them 'Remember to attend this event.',natural_language_event_date,November 30
multi_domain,31,Send an email to attendees of the first event on {natural_language_event_date}. Title it with the event name and tell them 'Remember to attend this event.',I need to make sure everyone remembers to attend the first event on {natural_language_event_date}. Can you send an email to the attendees with the event name as the title and 'Remember to attend this event.' in the email?,natural_language_event_date,December 11
multi_domain,32,Send an email to attendees of the first event on {natural_language_event_date}. Title it with the event name and tell them 'Remember to attend this event.',Can you send an email to attendees of the first event on {natural_language_event_date}? Title it with the event name and tell them 'Remember to attend this event.',natural_language_event_date,December 21
multi_domain,33,Send an email to attendees of the first event on {natural_language_event_date}. Title it with the event name and tell them 'Remember to attend this event.',Send an email to attendees of the first event on {natural_language_event_date}. Title it with the event name and tell them 'Remember to attend this event.',natural_language_event_date,December 12
multi_domain,34,Send an email to attendees of the first event on {natural_language_event_date}. Title it with the event name and tell them 'Remember to attend this event.',I need to make sure everyone remembers to attend the first event on {natural_language_event_date}. Can you send an email to the attendees with the event name as the title and 'Remember to attend this event.' in the email?,natural_language_event_date,December 1
multi_domain,35,Send an email to attendees of the first event on {natural_language_event_date}. Title it with the event name and tell them 'Remember to attend this event.',Can you send an email to attendees of the first event on {natural_language_event_date}? Title it with the event name and tell them 'Remember to attend this event.',natural_language_event_date,December 12
multi_domain,36,Send an email to attendees of the first event on {natural_language_event_date}. Title it with the event name and tell them 'Remember to attend this event.',Send an email to attendees of the first event on {natural_language_event_date}. Title it with the event name and tell them 'Remember to attend this event.',natural_language_event_date,December 15
multi_domain,37,Send an email to attendees of the first event on {natural_language_event_date}. Title it with the event name and tell them 'Remember to attend this event.',I need to make sure everyone remembers to attend the first event on {natural_language_event_date}. Can you send an email to the attendees with the event name as the title and 'Remember to attend this event.' in the email?,natural_language_event_date,December 6
multi_domain,38,Send an email to attendees of the first event on {natural_language_event_date}. Title it with the event name and tell them 'Remember to attend this event.',I need to make sure everyone remembers to attend the first event on {natural_language_event_date}. Can you send an email to the attendees with the event name as the title and 'Remember to attend this event.' in the email?,natural_language_event_date,December 21
multi_domain,39,Send an email to attendees of the first event on {natural_language_event_date}. Title it with the event name and tell them 'Remember to attend this event.',Can you send an email to attendees of the first event on {natural_language_event_date}? Title it with the event name and tell them 'Remember to attend this event.',natural_language_event_date,December 8
multi_domain,40,"If {sender_name} hasn't sent me any emails in the past {days} days, schedule a 30 minute meeting with them for {day_of_week} at {natural_language_time} called 'Catch up with {sender_name}'","if {sender_name} hasn't sent me any emails in the past {days} days, schedule a half hour meeting with them for {day_of_week} at {natural_language_time} and call it 'Catch up with {sender_name}'",sender_name,yuki
multi_domain,40,"If {sender_name} hasn't sent me any emails in the past {days} days, schedule a 30 minute meeting with them for {day_of_week} at {natural_language_time} called 'Catch up with {sender_name}'","if {sender_name} hasn't sent me any emails in the past {days} days, schedule a half hour meeting with them for {day_of_week} at {natural_language_time} and call it 'Catch up with {sender_name}'",days,4
multi_domain,40,"If {sender_name} hasn't sent me any emails in the past {days} days, schedule a 30 minute meeting with them for {day_of_week} at {natural_language_time} called 'Catch up with {sender_name}'","if {sender_name} hasn't sent me any emails in the past {days} days, schedule a half hour meeting with them for {day_of_week} at {natural_language_time} and call it 'Catch up with {sender_name}'",day_of_week,Friday
multi_domain,40,"If {sender_name} hasn't sent me any emails in the past {days} days, schedule a 30 minute meeting with them for {day_of_week} at {natural_language_time} called 'Catch up with {sender_name}'","if {sender_name} hasn't sent me any emails in the past {days} days, schedule a half hour meeting with them for {day_of_week} at {natural_language_time} and call it 'Catch up with {sender_name}'",natural_language_time,12
multi_domain,41,"If {sender_name} hasn't sent me any emails in the past {days} days, schedule a 30 minute meeting with them for {day_of_week} at {natural_language_time} called 'Catch up with {sender_name}'","If {sender_name} hasn't sent me any emails in the past {days} days, schedule a 30 minute meeting with them for {day_of_week} at {natural_language_time} called 'Catch up with {sender_name}'",sender_name,nadia
multi_domain,41,"If {sender_name} hasn't sent me any emails in the past {days} days, schedule a 30 minute meeting with them for {day_of_week} at {natural_language_time} called 'Catch up with {sender_name}'","If {sender_name} hasn't sent me any emails in the past {days} days, schedule a 30 minute meeting with them for {day_of_week} at {natural_language_time} called 'Catch up with {sender_name}'",days,2
multi_domain,41,"If {sender_name} hasn't sent me any emails in the past {days} days, schedule a 30 minute meeting with them for {day_of_week} at {natural_language_time} called 'Catch up with {sender_name}'","If {sender_name} hasn't sent me any emails in the past {days} days, schedule a 30 minute meeting with them for {day_of_week} at {natural_language_time} called 'Catch up with {sender_name}'",day_of_week,Wednesday
multi_domain,41,"If {sender_name} hasn't sent me any emails in the past {days} days, schedule a 30 minute meeting with them for {day_of_week} at {natural_language_time} called 'Catch up with {sender_name}'","If {sender_name} hasn't sent me any emails in the past {days} days, schedule a 30 minute meeting with them for {day_of_week} at {natural_language_time} called 'Catch up with {sender_name}'",natural_language_time,2:30
multi_domain,42,"If {sender_name} hasn't sent me any emails in the past {days} days, schedule a 30 minute meeting with them for {day_of_week} at {natural_language_time} called 'Catch up with {sender_name}'","If {sender_name} hasn't sent me any emails in the past {days} days, schedule a 30 minute meeting with them for {day_of_week} at {natural_language_time} called 'Catch up with {sender_name}'",sender_name,luis
multi_domain,42,"If {sender_name} hasn't sent me any emails in the past {days} days, schedule a 30 minute meeting with them for {day_of_week} at {natural_language_time} called 'Catch up with {sender_name}'","If {sender_name} hasn't sent me any emails in the past {days} days, schedule a 30 minute meeting with them for {day_of_week} at {natural_language_time} called 'Catch up with {sender_name}'",days,4
multi_domain,42,"If {sender_name} hasn't sent me any emails in the past {days} days, schedule a 30 minute meeting with them for {day_of_week} at {natural_language_time} called 'Catch up with {sender_name}'","If {sender_name} hasn't sent me any emails in the past {days} days, schedule a 30 minute meeting with them for {day_of_week} at {natural_language_time} called 'Catch up with {sender_name}'",day_of_week,Tuesday
multi_domain,42,"If {sender_name} hasn't sent me any emails in the past {days} days, schedule a 30 minute meeting with them for {day_of_week} at {natural_language_time} called 'Catch up with {sender_name}'","If {sender_name} hasn't sent me any emails in the past {days} days, schedule a 30 minute meeting with them for {day_of_week} at {natural_language_time} called 'Catch up with {sender_name}'",natural_language_time,9:30
multi_domain,43,"If {sender_name} hasn't sent me any emails in the past {days} days, schedule a 30 minute meeting with them for {day_of_week} at {natural_language_time} called 'Catch up with {sender_name}'","I can't remember the last time I heard from {sender_name}. Can you check if they've sent me any emails in the past {days} days? If not, schedule a 30 minute meeting with them for {day_of_week} at {natural_language_time} called 'Catch up with {sender_name}'",sender_name,kofi
multi_domain,43,"If {sender_name} hasn't sent me any emails in the past {days} days, schedule a 30 minute meeting with them for {day_of_week} at {natural_language_time} called 'Catch up with {sender_name}'","I can't remember the last time I heard from {sender_name}. Can you check if they've sent me any emails in the past {days} days? If not, schedule a 30 minute meeting with them for {day_of_week} at {natural_language_time} called 'Catch up with {sender_name}'",days,4
multi_domain,43,"If {sender_name} hasn't sent me any emails in the past {days} days, schedule a 30 minute meeting with them for {day_of_week} at {natural_language_time} called 'Catch up with {sender_name}'","I can't remember the last time I heard from {sender_name}. Can you check if they've sent me any emails in the past {days} days? If not, schedule a 30 minute meeting with them for {day_of_week} at {natural_language_time} called 'Catch up with {sender_name}'",day_of_week,Tuesday
multi_domain,43,"If {sender_name} hasn't sent me any emails in the past {days} days, schedule a 30 minute meeting with them for {day_of_week} at {natural_language_time} called 'Catch up with {sender_name}'","I can't remember the last time I heard from {sender_name}. Can you check if they've sent me any emails in the past {days} days? If not, schedule a 30 minute meeting with them for {day_of_week} at {natural_language_time} called 'Catch up with {sender_name}'",natural_language_time,10:30
multi_domain,44,"If {sender_name} hasn't sent me any emails in the past {days} days, schedule a 30 minute meeting with them for {day_of_week} at {natural_language_time} called 'Catch up with {sender_name}'","I can't remember the last time I heard from {sender_name}. Can you check if they've sent me any emails in the past {days} days? If not, schedule a 30 minute meeting with them for {day_of_week} at {natural_language_time} called 'Catch up with {sender_name}'",sender_name,yuki
multi_domain,44,"If {sender_name} hasn't sent me any emails in the past {days} days, schedule a 30 minute meeting with them for {day_of_week} at {natural_language_time} called 'Catch up with {sender_name}'","I can't remember the last time I heard from {sender_name}. Can you check if they've sent me any emails in the past {days} days? If not, schedule a 30 minute meeting with them for {day_of_week} at {natural_language_time} called 'Catch up with {sender_name}'",days,2
multi_domain,44,"If {sender_name} hasn't sent me any emails in the past {days} days, schedule a 30 minute meeting with them for {day_of_week} at {natural_language_time} called 'Catch up with {sender_name}'","I can't remember the last time I heard from {sender_name}. Can you check if they've sent me any emails in the past {days} days? If not, schedule a 30 minute meeting with them for {day_of_week} at {natural_language_time} called 'Catch up with {sender_name}'",day_of_week,Friday
multi_domain,44,"If {sender_name} hasn't sent me any emails in the past {days} days, schedule a 30 minute meeting with them for {day_of_week} at {natural_language_time} called 'Catch up with {sender_name}'","I can't remember the last time I heard from {sender_name}. Can you check if they've sent me any emails in the past {days} days? If not, schedule a 30 minute meeting with them for {day_of_week} at {natural_language_time} called 'Catch up with {sender_name}'",natural_language_time,3:30
multi_domain,45,"If {sender_name} hasn't sent me any emails in the past {days} days, schedule a 30 minute meeting with them for {day_of_week} at {natural_language_time} called 'Catch up with {sender_name}'","if {sender_name} hasn't sent me any emails in the past {days} days, schedule a half hour meeting with them for {day_of_week} at {natural_language_time} and call it 'Catch up with {sender_name}'",sender_name,fatima
multi_domain,45,"If {sender_name} hasn't sent me any emails in the past {days} days, schedule a 30 minute meeting with them for {day_of_week} at {natural_language_time} called 'Catch up with {sender_name}'","if {sender_name} hasn't sent me any emails in the past {days} days, schedule a half hour meeting with them for {day_of_week} at {natural_language_time} and call it 'Catch up with {sender_name}'",days,3
multi_domain,45,"If {sender_name} hasn't sent me any emails in the past {days} days, schedule a 30 minute meeting with them for {day_of_week} at {natural_language_time} called 'Catch up with {sender_name}'","if {sender_name} hasn't sent me any emails in the past {days} days, schedule a half hour meeting with them for {day_of_week} at {natural_language_time} and call it 'Catch up with {sender_name}'",day_of_week,Friday
multi_domain,45,"If {sender_name} hasn't sent me any emails in the past {days} days, schedule a 30 minute meeting with them for {day_of_week} at {natural_language_time} called 'Catch up with {sender_name}'","if {sender_name} hasn't sent me any emails in the past {days} days, schedule a half hour meeting with them for {day_of_week} at {natural_language_time} and call it 'Catch up with {sender_name}'",natural_language_time,12
multi_domain,46,"If {sender_name} hasn't sent me any emails in the past {days} days, schedule a 30 minute meeting with them for {day_of_week} at {natural_language_time} called 'Catch up with {sender_name}'","I can't remember the last time I heard from {sender_name}. Can you check if they've sent me any emails in the past {days} days? If not, schedule a 30 minute meeting with them for {day_of_week} at {natural_language_time} called 'Catch up with {sender_name}'",sender_name,yuki
multi_domain,46,"If {sender_name} hasn't sent me any emails in the past {days} days, schedule a 30 minute meeting with them for {day_of_week} at {natural_language_time} called 'Catch up with {sender_name}'","I can't remember the last time I heard from {sender_name}. Can you check if they've sent me any emails in the past {days} days? If not, schedule a 30 minute meeting with them for {day_of_week} at {natural_language_time} called 'Catch up with {sender_name}'",days,4
multi_domain,46,"If {sender_name} hasn't sent me any emails in the past {days} days, schedule a 30 minute meeting with them for {day_of_week} at {natural_language_time} called 'Catch up with {sender_name}'","I can't remember the last time I heard from {sender_name}. Can you check if they've sent me any emails in the past {days} days? If not, schedule a 30 minute meeting with them for {day_of_week} at {natural_language_time} called 'Catch up with {sender_name}'",day_of_week,Monday
multi_domain,46,"If {sender_name} hasn't sent me any emails in the past {days} days, schedule a 30 minute meeting with them for {day_of_week} at {natural_language_time} called 'Catch up with {sender_name}'","I can't remember the last time I heard from {sender_name}. Can you check if they've sent me any emails in the past {days} days? If not, schedule a 30 minute meeting with them for {day_of_week} at {natural_language_time} called 'Catch up with {sender_name}'",natural_language_time,3
multi_domain,47,"If {sender_name} hasn't sent me any emails in the past {days} days, schedule a 30 minute meeting with them for {day_of_week} at {natural_language_time} called 'Catch up with {sender_name}'","if {sender_name} hasn't sent me any emails in the past {days} days, schedule a half hour meeting with them for {day_of_week} at {natural_language_time} and call it 'Catch up with {sender_name}'",sender_name,fatima
multi_domain,47,"If {sender_name} hasn't sent me any emails in the past {days} days, schedule a 30 minute meeting with them for {day_of_week} at {natural_language_time} called 'Catch up with {sender_name}'","if {sender_name} hasn't sent me any emails in the past {days} days, schedule a half hour meeting with them for {day_of_week} at {natural_language_time} and call it 'Catch up with {sender_name}'",days,3
multi_domain,47,"If {sender_name} hasn't sent me any emails in the past {days} days, schedule a 30 minute meeting with them for {day_of_week} at {natural_language_time} called 'Catch up with {sender_name}'","if {sender_name} hasn't sent me any emails in the past {days} days, schedule a half hour meeting with them for {day_of_week} at {natural_language_time} and call it 'Catch up with {sender_name}'",day_of_week,Monday
multi_domain,47,"If {sender_name} hasn't sent me any emails in the past {days} days, schedule a 30 minute meeting with them for {day_of_week} at {natural_language_time} called 'Catch up with {sender_name}'","if {sender_name} hasn't sent me any emails in the past {days} days, schedule a half hour meeting with them for {day_of_week} at {natural_language_time} and call it 'Catch up with {sender_name}'",natural_language_time,9:30
multi_domain,48,"If {sender_name} hasn't sent me any emails in the past {days} days, schedule a 30 minute meeting with them for {day_of_week} at {natural_language_time} called 'Catch up with {sender_name}'","If {sender_name} hasn't sent me any emails in the past {days} days, schedule a 30 minute meeting with them for {day_of_week} at {natural_language_time} called 'Catch up with {sender_name}'",sender_name,akira
multi_domain,48,"If {sender_name} hasn't sent me any emails in the past {days} days, schedule a 30 minute meeting with them for {day_of_week} at {natural_language_time} called 'Catch up with {sender_name}'","If {sender_name} hasn't sent me any emails in the past {days} days, schedule a 30 minute meeting with them for {day_of_week} at {natural_language_time} called 'Catch up with {sender_name}'",days,2
multi_domain,48,"If {sender_name} hasn't sent me any emails in the past {days} days, schedule a 30 minute meeting with them for {day_of_week} at {natural_language_time} called 'Catch up with {sender_name}'","If {sender_name} hasn't sent me any emails in the past {days} days, schedule a 30 minute meeting with them for {day_of_week} at {natural_language_time} called 'Catch up with {sender_name}'",day_of_week,Tuesday
multi_domain,48,"If {sender_name} hasn't sent me any emails in the past {days} days, schedule a 30 minute meeting with them for {day_of_week} at {natural_language_time} called 'Catch up with {sender_name}'","If {sender_name} hasn't sent me any emails in the past {days} days, schedule a 30 minute meeting with them for {day_of_week} at {natural_language_time} called 'Catch up with {sender_name}'",natural_language_time,12:30
multi_domain,49,"If {sender_name} hasn't sent me any emails in the past {days} days, schedule a 30 minute meeting with them for {day_of_week} at {natural_language_time} called 'Catch up with {sender_name}'","If {sender_name} hasn't sent me any emails in the past {days} days, schedule a 30 minute meeting with them for {day_of_week} at {natural_language_time} called 'Catch up with {sender_name}'",sender_name,akira
multi_domain,49,"If {sender_name} hasn't sent me any emails in the past {days} days, schedule a 30 minute meeting with them for {day_of_week} at {natural_language_time} called 'Catch up with {sender_name}'","If {sender_name} hasn't sent me any emails in the past {days} days, schedule a 30 minute meeting with them for {day_of_week} at {natural_language_time} called 'Catch up with {sender_name}'",days,3
multi_domain,49,"If {sender_name} hasn't sent me any emails in the past {days} days, schedule a 30 minute meeting with them for {day_of_week} at {natural_language_time} called 'Catch up with {sender_name}'","If {sender_name} hasn't sent me any emails in the past {days} days, schedule a 30 minute meeting with them for {day_of_week} at {natural_language_time} called 'Catch up with {sender_name}'",day_of_week,Friday
multi_domain,49,"If {sender_name} hasn't sent me any emails in the past {days} days, schedule a 30 minute meeting with them for {day_of_week} at {natural_language_time} called 'Catch up with {sender_name}'","If {sender_name} hasn't sent me any emails in the past {days} days, schedule a 30 minute meeting with them for {day_of_week} at {natural_language_time} called 'Catch up with {sender_name}'",natural_language_time,2:30
multi_domain,50,"If I haven't met with {name} in the past {days} days, send them an email titled 'Catch up soon?' saying 'We haven't caught up in a while - can you send some availability over next week?'",I haven't met with {name} in a while. if it's been longer than {days} days can you send them an email titled 'Catch up soon?' saying 'We haven't caught up in a while - can you send some availability over next week?',name,amir
multi_domain,50,"If I haven't met with {name} in the past {days} days, send them an email titled 'Catch up soon?' saying 'We haven't caught up in a while - can you send some availability over next week?'",I haven't met with {name} in a while. if it's been longer than {days} days can you send them an email titled 'Catch up soon?' saying 'We haven't caught up in a while - can you send some availability over next week?',days,2
multi_domain,51,"If I haven't met with {name} in the past {days} days, send them an email titled 'Catch up soon?' saying 'We haven't caught up in a while - can you send some availability over next week?'",I haven't met with {name} in a while. if it's been longer than {days} days can you send them an email titled 'Catch up soon?' saying 'We haven't caught up in a while - can you send some availability over next week?',name,fatima
multi_domain,51,"If I haven't met with {name} in the past {days} days, send them an email titled 'Catch up soon?' saying 'We haven't caught up in a while - can you send some availability over next week?'",I haven't met with {name} in a while. if it's been longer than {days} days can you send them an email titled 'Catch up soon?' saying 'We haven't caught up in a while - can you send some availability over next week?',days,10
multi_domain,52,"If I haven't met with {name} in the past {days} days, send them an email titled 'Catch up soon?' saying 'We haven't caught up in a while - can you send some availability over next week?'","can't remember the last time I met with {name}. Can you check if it's been over {days} days? If so, send them an email titled 'Catch up soon?' saying 'We haven't caught up in a while - can you send some availability over next week?'",name,nia
multi_domain,52,"If I haven't met with {name} in the past {days} days, send them an email titled 'Catch up soon?' saying 'We haven't caught up in a while - can you send some availability over next week?'","can't remember the last time I met with {name}. Can you check if it's been over {days} days? If so, send them an email titled 'Catch up soon?' saying 'We haven't caught up in a while - can you send some availability over next week?'",days,2
multi_domain,53,"If I haven't met with {name} in the past {days} days, send them an email titled 'Catch up soon?' saying 'We haven't caught up in a while - can you send some availability over next week?'","can't remember the last time I met with {name}. Can you check if it's been over {days} days? If so, send them an email titled 'Catch up soon?' saying 'We haven't caught up in a while - can you send some availability over next week?'",name,kofi
multi_domain,53,"If I haven't met with {name} in the past {days} days, send them an email titled 'Catch up soon?' saying 'We haven't caught up in a while - can you send some availability over next week?'","can't remember the last time I met with {name}. Can you check if it's been over {days} days? If so, send them an email titled 'Catch up soon?' saying 'We haven't caught up in a while - can you send some availability over next week?'",days,2
multi_domain,54,"If I haven't met with {name} in the past {days} days, send them an email titled 'Catch up soon?' saying 'We haven't caught up in a while - can you send some availability over next week?'","can't remember the last time I met with {name}. Can you check if it's been over {days} days? If so, send them an email titled 'Catch up soon?' saying 'We haven't caught up in a while - can you send some availability over next week?'",name,lena
multi_domain,54,"If I haven't met with {name} in the past {days} days, send them an email titled 'Catch up soon?' saying 'We haven't caught up in a while - can you send some availability over next week?'","can't remember the last time I met with {name}. Can you check if it's been over {days} days? If so, send them an email titled 'Catch up soon?' saying 'We haven't caught up in a while - can you send some availability over next week?'",days,2
multi_domain,55,"If I haven't met with {name} in the past {days} days, send them an email titled 'Catch up soon?' saying 'We haven't caught up in a while - can you send some availability over next week?'",I haven't met with {name} in a while. if it's been longer than {days} days can you send them an email titled 'Catch up soon?' saying 'We haven't caught up in a while - can you send some availability over next week?',name,akira
multi_domain,55,"If I haven't met with {name} in the past {days} days, send them an email titled 'Catch up soon?' saying 'We haven't caught up in a while - can you send some availability over next week?'",I haven't met with {name} in a while. if it's been longer than {days} days can you send them an email titled 'Catch up soon?' saying 'We haven't caught up in a while - can you send some availability over next week?',days,2
multi_domain,56,"If I haven't met with {name} in the past {days} days, send them an email titled 'Catch up soon?' saying 'We haven't caught up in a while - can you send some availability over next week?'",I haven't met with {name} in a while. if it's been longer than {days} days can you send them an email titled 'Catch up soon?' saying 'We haven't caught up in a while - can you send some availability over next week?',name,yuki
multi_domain,56,"If I haven't met with {name} in the past {days} days, send them an email titled 'Catch up soon?' saying 'We haven't caught up in a while - can you send some availability over next week?'",I haven't met with {name} in a while. if it's been longer than {days} days can you send them an email titled 'Catch up soon?' saying 'We haven't caught up in a while - can you send some availability over next week?',days,10
multi_domain,57,"If I haven't met with {name} in the past {days} days, send them an email titled 'Catch up soon?' saying 'We haven't caught up in a while - can you send some availability over next week?'","If I haven't met with {name} in the past {days} days, send them an email titled 'Catch up soon?' saying 'We haven't caught up in a while - can you send some availability over next week?'",name,sofia
multi_domain,57,"If I haven't met with {name} in the past {days} days, send them an email titled 'Catch up soon?' saying 'We haven't caught up in a while - can you send some availability over next week?'","If I haven't met with {name} in the past {days} days, send them an email titled 'Catch up soon?' saying 'We haven't caught up in a while - can you send some availability over next week?'",days,2
multi_domain,58,"If I haven't met with {name} in the past {days} days, send them an email titled 'Catch up soon?' saying 'We haven't caught up in a while - can you send some availability over next week?'","can't remember the last time I met with {name}. Can you check if it's been over {days} days? If so, send them an email titled 'Catch up soon?' saying 'We haven't caught up in a while - can you send some availability over next week?'",name,santiago
multi_domain,58,"If I haven't met with {name} in the past {days} days, send them an email titled 'Catch up soon?' saying 'We haven't caught up in a while - can you send some availability over next week?'","can't remember the last time I met with {name}. Can you check if it's been over {days} days? If so, send them an email titled 'Catch up soon?' saying 'We haven't caught up in a while - can you send some availability over next week?'",days,2
multi_domain,59,"If I haven't met with {name} in the past {days} days, send them an email titled 'Catch up soon?' saying 'We haven't caught up in a while - can you send some availability over next week?'",I haven't met with {name} in a while. if it's been longer than {days} days can you send them an email titled 'Catch up soon?' saying 'We haven't caught up in a while - can you send some availability over next week?',name,luis
multi_domain,59,"If I haven't met with {name} in the past {days} days, send them an email titled 'Catch up soon?' saying 'We haven't caught up in a while - can you send some availability over next week?'",I haven't met with {name} in a while. if it's been longer than {days} days can you send them an email titled 'Catch up soon?' saying 'We haven't caught up in a while - can you send some availability over next week?',days,2
multi_domain,60,"If I don't have any meetings scheduled with {name} in the next {days} days, send them an email titled 'Catch up soon?' saying 'We have not caught up in a while - can you send some availability over next week?'","Did I already schedule a meeting with {name} in the next {days} days? If not, send them an email titled 'Catch up soon?' saying 'We have not caught up in a while - can you send some availability over next week?'",name,leila
multi_domain,60,"If I don't have any meetings scheduled with {name} in the next {days} days, send them an email titled 'Catch up soon?' saying 'We have not caught up in a while - can you send some availability over next week?'","Did I already schedule a meeting with {name} in the next {days} days? If not, send them an email titled 'Catch up soon?' saying 'We have not caught up in a while - can you send some availability over next week?'",days,3
multi_domain,61,"If I don't have any meetings scheduled with {name} in the next {days} days, send them an email titled 'Catch up soon?' saying 'We have not caught up in a while - can you send some availability over next week?'","I need to check if I have any meetings scheduled with {name} in the next {days} days. If not, send them an email titled 'Catch up soon?' saying 'We have not caught up in a while - can you send some availability over next week?'",name,akira
multi_domain,61,"If I don't have any meetings scheduled with {name} in the next {days} days, send them an email titled 'Catch up soon?' saying 'We have not caught up in a while - can you send some availability over next week?'","I need to check if I have any meetings scheduled with {name} in the next {days} days. If not, send them an email titled 'Catch up soon?' saying 'We have not caught up in a while - can you send some availability over next week?'",days,4
multi_domain,62,"If I don't have any meetings scheduled with {name} in the next {days} days, send them an email titled 'Catch up soon?' saying 'We have not caught up in a while - can you send some availability over next week?'","Did I already schedule a meeting with {name} in the next {days} days? If not, send them an email titled 'Catch up soon?' saying 'We have not caught up in a while - can you send some availability over next week?'",name,carlos
multi_domain,62,"If I don't have any meetings scheduled with {name} in the next {days} days, send them an email titled 'Catch up soon?' saying 'We have not caught up in a while - can you send some availability over next week?'","Did I already schedule a meeting with {name} in the next {days} days? If not, send them an email titled 'Catch up soon?' saying 'We have not caught up in a while - can you send some availability over next week?'",days,2
multi_domain,63,"If I don't have any meetings scheduled with {name} in the next {days} days, send them an email titled 'Catch up soon?' saying 'We have not caught up in a while - can you send some availability over next week?'","If I don't have any meetings scheduled with {name} in the next {days} days, send them an email titled 'Catch up soon?' saying 'We have not caught up in a while - can you send some availability over next week?'",name,anaya
multi_domain,63,"If I don't have any meetings scheduled with {name} in the next {days} days, send them an email titled 'Catch up soon?' saying 'We have not caught up in a while - can you send some availability over next week?'","If I don't have any meetings scheduled with {name} in the next {days} days, send them an email titled 'Catch up soon?' saying 'We have not caught up in a while - can you send some availability over next week?'",days,4
multi_domain,64,"If I don't have any meetings scheduled with {name} in the next {days} days, send them an email titled 'Catch up soon?' saying 'We have not caught up in a while - can you send some availability over next week?'","Did I already schedule a meeting with {name} in the next {days} days? If not, send them an email titled 'Catch up soon?' saying 'We have not caught up in a while - can you send some availability over next week?'",name,akira
multi_domain,64,"If I don't have any meetings scheduled with {name} in the next {days} days, send them an email titled 'Catch up soon?' saying 'We have not caught up in a while - can you send some availability over next week?'","Did I already schedule a meeting with {name} in the next {days} days? If not, send them an email titled 'Catch up soon?' saying 'We have not caught up in a while - can you send some availability over next week?'",days,2
multi_domain,65,"If I don't have any meetings scheduled with {name} in the next {days} days, send them an email titled 'Catch up soon?' saying 'We have not caught up in a while - can you send some availability over next week?'","Did I already schedule a meeting with {name} in the next {days} days? If not, send them an email titled 'Catch up soon?' saying 'We have not caught up in a while - can you send some availability over next week?'",name,lena
multi_domain,65,"If I don't have any meetings scheduled with {name} in the next {days} days, send them an email titled 'Catch up soon?' saying 'We have not caught up in a while - can you send some availability over next week?'","Did I already schedule a meeting with {name} in the next {days} days? If not, send them an email titled 'Catch up soon?' saying 'We have not caught up in a while - can you send some availability over next week?'",days,2
multi_domain,66,"If I don't have any meetings scheduled with {name} in the next {days} days, send them an email titled 'Catch up soon?' saying 'We have not caught up in a while - can you send some availability over next week?'","If I don't have any meetings scheduled with {name} in the next {days} days, send them an email titled 'Catch up soon?' saying 'We have not caught up in a while - can you send some availability over next week?'",name,aisha
multi_domain,66,"If I don't have any meetings scheduled with {name} in the next {days} days, send them an email titled 'Catch up soon?' saying 'We have not caught up in a while - can you send some availability over next week?'","If I don't have any meetings scheduled with {name} in the next {days} days, send them an email titled 'Catch up soon?' saying 'We have not caught up in a while - can you send some availability over next week?'",days,3
multi_domain,67,"If I don't have any meetings scheduled with {name} in the next {days} days, send them an email titled 'Catch up soon?' saying 'We have not caught up in a while - can you send some availability over next week?'","I need to check if I have any meetings scheduled with {name} in the next {days} days. If not, send them an email titled 'Catch up soon?' saying 'We have not caught up in a while - can you send some availability over next week?'",name,amir
multi_domain,67,"If I don't have any meetings scheduled with {name} in the next {days} days, send them an email titled 'Catch up soon?' saying 'We have not caught up in a while - can you send some availability over next week?'","I need to check if I have any meetings scheduled with {name} in the next {days} days. If not, send them an email titled 'Catch up soon?' saying 'We have not caught up in a while - can you send some availability over next week?'",days,2
multi_domain,68,"If I don't have any meetings scheduled with {name} in the next {days} days, send them an email titled 'Catch up soon?' saying 'We have not caught up in a while - can you send some availability over next week?'","Did I already schedule a meeting with {name} in the next {days} days? If not, send them an email titled 'Catch up soon?' saying 'We have not caught up in a while - can you send some availability over next week?'",name,anaya
multi_domain,68,"If I don't have any meetings scheduled with {name} in the next {days} days, send them an email titled 'Catch up soon?' saying 'We have not caught up in a while - can you send some availability over next week?'","Did I already schedule a meeting with {name} in the next {days} days? If not, send them an email titled 'Catch up soon?' saying 'We have not caught up in a while - can you send some availability over next week?'",days,3
multi_domain,69,"If I don't have any meetings scheduled with {name} in the next {days} days, send them an email titled 'Catch up soon?' saying 'We have not caught up in a while - can you send some availability over next week?'","I need to check if I have any meetings scheduled with {name} in the next {days} days. If not, send them an email titled 'Catch up soon?' saying 'We have not caught up in a while - can you send some availability over next week?'",name,aisha
multi_domain,69,"If I don't have any meetings scheduled with {name} in the next {days} days, send them an email titled 'Catch up soon?' saying 'We have not caught up in a while - can you send some availability over next week?'","I need to check if I have any meetings scheduled with {name} in the next {days} days. If not, send them an email titled 'Catch up soon?' saying 'We have not caught up in a while - can you send some availability over next week?'",days,4
multi_domain,70,"If {name} has any overdue tasks, send them an email titled 'Overdue tasks' saying 'You have a few overdue tasks - can you update me on them?'. Otherwise email them with 'Nice work keeping on top of your tasks this sprint!' titled 'Good work this sprint'","I think {name} might have some overdue tasks. Can you check and if so, send them an email titled 'Overdue tasks' saying 'You have a few overdue tasks - can you update me on them?'. Otherwise email them with 'Nice work keeping on top of your tasks this sprint!' titled 'Good work this sprint'",name,jinsoo
multi_domain,71,"If {name} has any overdue tasks, send them an email titled 'Overdue tasks' saying 'You have a few overdue tasks - can you update me on them?'. Otherwise email them with 'Nice work keeping on top of your tasks this sprint!' titled 'Good work this sprint'","I think {name} might have some overdue tasks. Can you check and if so, send them an email titled 'Overdue tasks' saying 'You have a few overdue tasks - can you update me on them?'. Otherwise email them with 'Nice work keeping on top of your tasks this sprint!' titled 'Good work this sprint'",name,kofi
multi_domain,72,"If {name} has any overdue tasks, send them an email titled 'Overdue tasks' saying 'You have a few overdue tasks - can you update me on them?'. Otherwise email them with 'Nice work keeping on top of your tasks this sprint!' titled 'Good work this sprint'","If {name} has any overdue tasks, send them an email titled 'Overdue tasks' saying 'You have a few overdue tasks - can you update me on them?'. Otherwise email them with 'Nice work keeping on top of your tasks this sprint!' titled 'Good work this sprint'",name,chenwei
multi_domain,73,"If {name} has any overdue tasks, send them an email titled 'Overdue tasks' saying 'You have a few overdue tasks - can you update me on them?'. Otherwise email them with 'Nice work keeping on top of your tasks this sprint!' titled 'Good work this sprint'","can you check if {name} has any overdue tasks? If so, send them an email titled 'Overdue tasks' saying 'You have a few overdue tasks - can you update me on them?'. Otherwise email them with 'Nice work keeping on top of your tasks this sprint!' titled 'Good work this sprint'",name,carlos
multi_domain,74,"If {name} has any overdue tasks, send them an email titled 'Overdue tasks' saying 'You have a few overdue tasks - can you update me on them?'. Otherwise email them with 'Nice work keeping on top of your tasks this sprint!' titled 'Good work this sprint'","I think {name} might have some overdue tasks. Can you check and if so, send them an email titled 'Overdue tasks' saying 'You have a few overdue tasks - can you update me on them?'. Otherwise email them with 'Nice work keeping on top of your tasks this sprint!' titled 'Good work this sprint'",name,aisha
multi_domain,75,"If {name} has any overdue tasks, send them an email titled 'Overdue tasks' saying 'You have a few overdue tasks - can you update me on them?'. Otherwise email them with 'Nice work keeping on top of your tasks this sprint!' titled 'Good work this sprint'","If {name} has any overdue tasks, send them an email titled 'Overdue tasks' saying 'You have a few overdue tasks - can you update me on them?'. Otherwise email them with 'Nice work keeping on top of your tasks this sprint!' titled 'Good work this sprint'",name,nia
multi_domain,76,"If {name} has any overdue tasks, send them an email titled 'Overdue tasks' saying 'You have a few overdue tasks - can you update me on them?'. Otherwise email them with 'Nice work keeping on top of your tasks this sprint!' titled 'Good work this sprint'","I think {name} might have some overdue tasks. Can you check and if so, send them an email titled 'Overdue tasks' saying 'You have a few overdue tasks - can you update me on them?'. Otherwise email them with 'Nice work keeping on top of your tasks this sprint!' titled 'Good work this sprint'",name,carlos
multi_domain,77,"If {name} has any overdue tasks, send them an email titled 'Overdue tasks' saying 'You have a few overdue tasks - can you update me on them?'. Otherwise email them with 'Nice work keeping on top of your tasks this sprint!' titled 'Good work this sprint'","can you check if {name} has any overdue tasks? If so, send them an email titled 'Overdue tasks' saying 'You have a few overdue tasks - can you update me on them?'. Otherwise email them with 'Nice work keeping on top of your tasks this sprint!' titled 'Good work this sprint'",name,jinsoo
multi_domain,78,"If {name} has any overdue tasks, send them an email titled 'Overdue tasks' saying 'You have a few overdue tasks - can you update me on them?'. Otherwise email them with 'Nice work keeping on top of your tasks this sprint!' titled 'Good work this sprint'","can you check if {name} has any overdue tasks? If so, send them an email titled 'Overdue tasks' saying 'You have a few overdue tasks - can you update me on them?'. Otherwise email them with 'Nice work keeping on top of your tasks this sprint!' titled 'Good work this sprint'",name,anaya
multi_domain,79,"If {name} has any overdue tasks, send them an email titled 'Overdue tasks' saying 'You have a few overdue tasks - can you update me on them?'. Otherwise email them with 'Nice work keeping on top of your tasks this sprint!' titled 'Good work this sprint'","If {name} has any overdue tasks, send them an email titled 'Overdue tasks' saying 'You have a few overdue tasks - can you update me on them?'. Otherwise email them with 'Nice work keeping on top of your tasks this sprint!' titled 'Good work this sprint'",name,olga
multi_domain,80,Book a half-hour meeting with {name} called 'Catch up on overdue tasks' at the earliest time I'm free tomorrowif they have any overdue tasks,"I think {name} might have some overdue tasks. Can you check and if so, book a half hour meeting with them called 'Catch up on overdue tasks' at the earliest time I'm free tomorrow",name,jinsoo
multi_domain,81,Book a half-hour meeting with {name} called 'Catch up on overdue tasks' at the earliest time I'm free tomorrowif they have any overdue tasks,"can you check if {name} has any overdue tasks? If so, book a 30 minute meeting with them called 'Catch up on overdue tasks' at the earliest time I'm free tomorrow",name,fatima
multi_domain,82,Book a half-hour meeting with {name} called 'Catch up on overdue tasks' at the earliest time I'm free tomorrowif they have any overdue tasks,"I think {name} might have some overdue tasks. Can you check and if so, book a half hour meeting with them called 'Catch up on overdue tasks' at the earliest time I'm free tomorrow",name,leila
multi_domain,83,Book a half-hour meeting with {name} called 'Catch up on overdue tasks' at the earliest time I'm free tomorrowif they have any overdue tasks,Book a half-hour meeting with {name} called 'Catch up on overdue tasks' at the earliest time I'm free tomorrowif they have any overdue tasks,name,jinsoo
multi_domain,84,Book a half-hour meeting with {name} called 'Catch up on overdue tasks' at the earliest time I'm free tomorrowif they have any overdue tasks,"I think {name} might have some overdue tasks. Can you check and if so, book a half hour meeting with them called 'Catch up on overdue tasks' at the earliest time I'm free tomorrow",name,olga
multi_domain,85,Book a half-hour meeting with {name} called 'Catch up on overdue tasks' at the earliest time I'm free tomorrowif they have any overdue tasks,"I think {name} might have some overdue tasks. Can you check and if so, book a half hour meeting with them called 'Catch up on overdue tasks' at the earliest time I'm free tomorrow",name,dmitri
multi_domain,86,Book a half-hour meeting with {name} called 'Catch up on overdue tasks' at the earliest time I'm free tomorrowif they have any overdue tasks,"I think {name} might have some overdue tasks. Can you check and if so, book a half hour meeting with them called 'Catch up on overdue tasks' at the earliest time I'm free tomorrow",name,anaya
multi_domain,87,Book a half-hour meeting with {name} called 'Catch up on overdue tasks' at the earliest time I'm free tomorrowif they have any overdue tasks,Book a half-hour meeting with {name} called 'Catch up on overdue tasks' at the earliest time I'm free tomorrowif they have any overdue tasks,name,dmitri
multi_domain,88,Book a half-hour meeting with {name} called 'Catch up on overdue tasks' at the earliest time I'm free tomorrowif they have any overdue tasks,"can you check if {name} has any overdue tasks? If so, book a 30 minute meeting with them called 'Catch up on overdue tasks' at the earliest time I'm free tomorrow",name,chenwei
multi_domain,89,Book a half-hour meeting with {name} called 'Catch up on overdue tasks' at the earliest time I'm free tomorrowif they have any overdue tasks,"I think {name} might have some overdue tasks. Can you check and if so, book a half hour meeting with them called 'Catch up on overdue tasks' at the earliest time I'm free tomorrow",name,carlos
multi_domain,90,If {natural_language_metric} was {more_or_less} than {threshold} at any time since {natural_language_date} send an email to {sender} titled 'Update on {natural_language_metric}' saying 'I noticed {natural_language_metric} was {more_or_less} than {threshold} - can you update me?',"can you check if {natural_language_metric} was {more_or_less} than {threshold} at any time since {natural_language_date}? If so, send an email to {sender} titled 'Update on {natural_language_metric}' saying 'I noticed {natural_language_metric} was {more_or_less} than {threshold} - can you update me?'",natural_language_metric,engaged users
multi_domain,90,If {natural_language_metric} was {more_or_less} than {threshold} at any time since {natural_language_date} send an email to {sender} titled 'Update on {natural_language_metric}' saying 'I noticed {natural_language_metric} was {more_or_less} than {threshold} - can you update me?',"can you check if {natural_language_metric} was {more_or_less} than {threshold} at any time since {natural_language_date}? If so, send an email to {sender} titled 'Update on {natural_language_metric}' saying 'I noticed {natural_language_metric} was {more_or_less} than {threshold} - can you update me?'",more_or_less,less
multi_domain,90,If {natural_language_metric} was {more_or_less} than {threshold} at any time since {natural_language_date} send an email to {sender} titled 'Update on {natural_language_metric}' saying 'I noticed {natural_language_metric} was {more_or_less} than {threshold} - can you update me?',"can you check if {natural_language_metric} was {more_or_less} than {threshold} at any time since {natural_language_date}? If so, send an email to {sender} titled 'Update on {natural_language_metric}' saying 'I noticed {natural_language_metric} was {more_or_less} than {threshold} - can you update me?'",threshold,11
multi_domain,90,If {natural_language_metric} was {more_or_less} than {threshold} at any time since {natural_language_date} send an email to {sender} titled 'Update on {natural_language_metric}' saying 'I noticed {natural_language_metric} was {more_or_less} than {threshold} - can you update me?',"can you check if {natural_language_metric} was {more_or_less} than {threshold} at any time since {natural_language_date}? If so, send an email to {sender} titled 'Update on {natural_language_metric}' saying 'I noticed {natural_language_metric} was {more_or_less} than {threshold} - can you update me?'",natural_language_date,November 26
multi_domain,90,If {natural_language_metric} was {more_or_less} than {threshold} at any time since {natural_language_date} send an email to {sender} titled 'Update on {natural_language_metric}' saying 'I noticed {natural_language_metric} was {more_or_less} than {threshold} - can you update me?',"can you check if {natural_language_metric} was {more_or_less} than {threshold} at any time since {natural_language_date}? If so, send an email to {sender} titled 'Update on {natural_language_metric}' saying 'I noticed {natural_language_metric} was {more_or_less} than {threshold} - can you update me?'",sender,luis.ortiz@atlas.com
multi_domain,91,If {natural_language_metric} was {more_or_less} than {threshold} at any time since {natural_language_date} send an email to {sender} titled 'Update on {natural_language_metric}' saying 'I noticed {natural_language_metric} was {more_or_less} than {threshold} - can you update me?',"can you check if {natural_language_metric} was {more_or_less} than {threshold} at any time since {natural_language_date}? If so, send an email to {sender} titled 'Update on {natural_language_metric}' saying 'I noticed {natural_language_metric} was {more_or_less} than {threshold} - can you update me?'",natural_language_metric,average session duration
multi_domain,91,If {natural_language_metric} was {more_or_less} than {threshold} at any time since {natural_language_date} send an email to {sender} titled 'Update on {natural_language_metric}' saying 'I noticed {natural_language_metric} was {more_or_less} than {threshold} - can you update me?',"can you check if {natural_language_metric} was {more_or_less} than {threshold} at any time since {natural_language_date}? If so, send an email to {sender} titled 'Update on {natural_language_metric}' saying 'I noticed {natural_language_metric} was {more_or_less} than {threshold} - can you update me?'",more_or_less,less
multi_domain,91,If {natural_language_metric} was {more_or_less} than {threshold} at any time since {natural_language_date} send an email to {sender} titled 'Update on {natural_language_metric}' saying 'I noticed {natural_language_metric} was {more_or_less} than {threshold} - can you update me?',"can you check if {natural_language_metric} was {more_or_less} than {threshold} at any time since {natural_language_date}? If so, send an email to {sender} titled 'Update on {natural_language_metric}' saying 'I noticed {natural_language_metric} was {more_or_less} than {threshold} - can you update me?'",threshold,41
multi_domain,91,If {natural_language_metric} was {more_or_less} than {threshold} at any time since {natural_language_date} send an email to {sender} titled 'Update on {natural_language_metric}' saying 'I noticed {natural_language_metric} was {more_or_less} than {threshold} - can you update me?',"can you check if {natural_language_metric} was {more_or_less} than {threshold} at any time since {natural_language_date}? If so, send an email to {sender} titled 'Update on {natural_language_metric}' saying 'I noticed {natural_language_metric} was {more_or_less} than {threshold} - can you update me?'",natural_language_date,September 20
multi_domain,91,If {natural_language_metric} was {more_or_less} than {threshold} at any time since {natural_language_date} send an email to {sender} titled 'Update on {natural_language_metric}' saying 'I noticed {natural_language_metric} was {more_or_less} than {threshold} - can you update me?',"can you check if {natural_language_metric} was {more_or_less} than {threshold} at any time since {natural_language_date}? If so, send an email to {sender} titled 'Update on {natural_language_metric}' saying 'I noticed {natural_language_metric} was {more_or_less} than {threshold} - can you update me?'",sender,carlos.rodriguez@atlas.com
multi_domain,92,If {natural_language_metric} was {more_or_less} than {threshold} at any time since {natural_language_date} send an email to {sender} titled 'Update on {natural_language_metric}' saying 'I noticed {natural_language_metric} was {more_or_less} than {threshold} - can you update me?',"can you check if {natural_language_metric} was {more_or_less} than {threshold} at any time since {natural_language_date}? If so, send an email to {sender} titled 'Update on {natural_language_metric}' saying 'I noticed {natural_language_metric} was {more_or_less} than {threshold} - can you update me?'",natural_language_metric,engaged users
multi_domain,92,If {natural_language_metric} was {more_or_less} than {threshold} at any time since {natural_language_date} send an email to {sender} titled 'Update on {natural_language_metric}' saying 'I noticed {natural_language_metric} was {more_or_less} than {threshold} - can you update me?',"can you check if {natural_language_metric} was {more_or_less} than {threshold} at any time since {natural_language_date}? If so, send an email to {sender} titled 'Update on {natural_language_metric}' saying 'I noticed {natural_language_metric} was {more_or_less} than {threshold} - can you update me?'",more_or_less,more
multi_domain,92,If {natural_language_metric} was {more_or_less} than {threshold} at any time since {natural_language_date} send an email to {sender} titled 'Update on {natural_language_metric}' saying 'I noticed {natural_language_metric} was {more_or_less} than {threshold} - can you update me?',"can you check if {natural_language_metric} was {more_or_less} than {threshold} at any time since {natural_language_date}? If so, send an email to {sender} titled 'Update on {natural_language_metric}' saying 'I noticed {natural_language_metric} was {more_or_less} than {threshold} - can you update me?'",threshold,11
multi_domain,92,If {natural_language_metric} was {more_or_less} than {threshold} at any time since {natural_language_date} send an email to {sender} titled 'Update on {natural_language_metric}' saying 'I noticed {natural_language_metric} was {more_or_less} than {threshold} - can you update me?',"can you check if {natural_language_metric} was {more_or_less} than {threshold} at any time since {natural_language_date}? If so, send an email to {sender} titled 'Update on {natural_language_metric}' saying 'I noticed {natural_language_metric} was {more_or_less} than {threshold} - can you update me?'",natural_language_date,September 15
multi_domain,92,If {natural_language_metric} was {more_or_less} than {threshold} at any time since {natural_language_date} send an email to {sender} titled 'Update on {natural_language_metric}' saying 'I noticed {natural_language_metric} was {more_or_less} than {threshold} - can you update me?',"can you check if {natural_language_metric} was {more_or_less} than {threshold} at any time since {natural_language_date}? If so, send an email to {sender} titled 'Update on {natural_language_metric}' saying 'I noticed {natural_language_metric} was {more_or_less} than {threshold} - can you update me?'",sender,yuki.tanaka@atlas.com
multi_domain,93,If {natural_language_metric} was {more_or_less} than {threshold} at any time since {natural_language_date} send an email to {sender} titled 'Update on {natural_language_metric}' saying 'I noticed {natural_language_metric} was {more_or_less} than {threshold} - can you update me?',"can you check if {natural_language_metric} was {more_or_less} than {threshold} at any time since {natural_language_date}? If so, send an email to {sender} titled 'Update on {natural_language_metric}' saying 'I noticed {natural_language_metric} was {more_or_less} than {threshold} - can you update me?'",natural_language_metric,average session duration
multi_domain,93,If {natural_language_metric} was {more_or_less} than {threshold} at any time since {natural_language_date} send an email to {sender} titled 'Update on {natural_language_metric}' saying 'I noticed {natural_language_metric} was {more_or_less} than {threshold} - can you update me?',"can you check if {natural_language_metric} was {more_or_less} than {threshold} at any time since {natural_language_date}? If so, send an email to {sender} titled 'Update on {natural_language_metric}' saying 'I noticed {natural_language_metric} was {more_or_less} than {threshold} - can you update me?'",more_or_less,more
multi_domain,93,If {natural_language_metric} was {more_or_less} than {threshold} at any time since {natural_language_date} send an email to {sender} titled 'Update on {natural_language_metric}' saying 'I noticed {natural_language_metric} was {more_or_less} than {threshold} - can you update me?',"can you check if {natural_language_metric} was {more_or_less} than {threshold} at any time since {natural_language_date}? If so, send an email to {sender} titled 'Update on {natural_language_metric}' saying 'I noticed {natural_language_metric} was {more_or_less} than {threshold} - can you update me?'",threshold,19
multi_domain,93,If {natural_language_metric} was {more_or_less} than {threshold} at any time since {natural_language_date} send an email to {sender} titled 'Update on {natural_language_metric}' saying 'I noticed {natural_language_metric} was {more_or_less} than {threshold} - can you update me?',"can you check if {natural_language_metric} was {more_or_less} than {threshold} at any time since {natural_language_date}? If so, send an email to {sender} titled 'Update on {natural_language_metric}' saying 'I noticed {natural_language_metric} was {more_or_less} than {threshold} - can you update me?'",natural_language_date,November 7
multi_domain,93,If {natural_language_metric} was {more_or_less} than {threshold} at any time since {natural_language_date} send an email to {sender} titled 'Update on {natural_language_metric}' saying 'I noticed {natural_language_metric} was {more_or_less} than {threshold} - can you update me?',"can you check if {natural_language_metric} was {more_or_less} than {threshold} at any time since {natural_language_date}? If so, send an email to {sender} titled 'Update on {natural_language_metric}' saying 'I noticed {natural_language_metric} was {more_or_less} than {threshold} - can you update me?'",sender,amir.ali@atlas.com
multi_domain,94,If {natural_language_metric} was {more_or_less} than {threshold} at any time since {natural_language_date} send an email to {sender} titled 'Update on {natural_language_metric}' saying 'I noticed {natural_language_metric} was {more_or_less} than {threshold} - can you update me?',"can you check if {natural_language_metric} was {more_or_less} than {threshold} at any time since {natural_language_date}? If so, send an email to {sender} titled 'Update on {natural_language_metric}' saying 'I noticed {natural_language_metric} was {more_or_less} than {threshold} - can you update me?'",natural_language_metric,engaged users
multi_domain,94,If {natural_language_metric} was {more_or_less} than {threshold} at any time since {natural_language_date} send an email to {sender} titled 'Update on {natural_language_metric}' saying 'I noticed {natural_language_metric} was {more_or_less} than {threshold} - can you update me?',"can you check if {natural_language_metric} was {more_or_less} than {threshold} at any time since {natural_language_date}? If so, send an email to {sender} titled 'Update on {natural_language_metric}' saying 'I noticed {natural_language_metric} was {more_or_less} than {threshold} - can you update me?'",more_or_less,more
multi_domain,94,If {natural_language_metric} was {more_or_less} than {threshold} at any time since {natural_language_date} send an email to {sender} titled 'Update on {natural_language_metric}' saying 'I noticed {natural_language_metric} was {more_or_less} than {threshold} - can you update me?',"can you check if {natural_language_metric} was {more_or_less} than {threshold} at any time since {natural_language_date}? If so, send an email to {sender} titled 'Update on {natural_language_metric}' saying 'I noticed {natural_language_metric} was {more_or_less} than {threshold} - can you update me?'",threshold,5
multi_domain,94,If {natural_language_metric} was {more_or_less} than {threshold} at any time since {natural_language_date} send an email to {sender} titled 'Update on {natural_language_metric}' saying 'I noticed {natural_language_metric} was {more_or_less} than {threshold} - can you update me?',"can you check if {natural_language_metric} was {more_or_less} than {threshold} at any time since {natural_language_date}? If so, send an email to {sender} titled 'Update on {natural_language_metric}' saying 'I noticed {natural_language_metric} was {more_or_less} than {threshold} - can you update me?'",natural_language_date,November 1
multi_domain,94,If {natural_language_metric} was {more_or_less} than {threshold} at any time since {natural_language_date} send an email to {sender} titled 'Update on {natural_language_metric}' saying 'I noticed {natural_language_metric} was {more_or_less} than {threshold} - can you update me?',"can you check if {natural_language_metric} was {more_or_less} than {threshold} at any time since {natural_language_date}? If so, send an email to {sender} titled 'Update on {natural_language_metric}' saying 'I noticed {natural_language_metric} was {more_or_less} than {threshold} - can you update me?'",sender,leila.azizi@atlas.com
multi_domain,95,If {natural_language_metric} was {more_or_less} than {threshold} at any time since {natural_language_date} send an email to {sender} titled 'Update on {natural_language_metric}' saying 'I noticed {natural_language_metric} was {more_or_less} than {threshold} - can you update me?',If {natural_language_metric} was {more_or_less} than {threshold} at any time since {natural_language_date} send an email to {sender} titled 'Update on {natural_language_metric}' saying 'I noticed {natural_language_metric} was {more_or_less} than {threshold} - can you update me?',natural_language_metric,total visits
multi_domain,95,If {natural_language_metric} was {more_or_less} than {threshold} at any time since {natural_language_date} send an email to {sender} titled 'Update on {natural_language_metric}' saying 'I noticed {natural_language_metric} was {more_or_less} than {threshold} - can you update me?',If {natural_language_metric} was {more_or_less} than {threshold} at any time since {natural_language_date} send an email to {sender} titled 'Update on {natural_language_metric}' saying 'I noticed {natural_language_metric} was {more_or_less} than {threshold} - can you update me?',more_or_less,less
multi_domain,95,If {natural_language_metric} was {more_or_less} than {threshold} at any time since {natural_language_date} send an email to {sender} titled 'Update on {natural_language_metric}' saying 'I noticed {natural_language_metric} was {more_or_less} than {threshold} - can you update me?',If {natural_language_metric} was {more_or_less} than {threshold} at any time since {natural_language_date} send an email to {sender} titled 'Update on {natural_language_metric}' saying 'I noticed {natural_language_metric} was {more_or_less} than {threshold} - can you update me?',threshold,3
multi_domain,95,If {natural_language_metric} was {more_or_less} than {threshold} at any time since {natural_language_date} send an email to {sender} titled 'Update on {natural_language_metric}' saying 'I noticed {natural_language_metric} was {more_or_less} than {threshold} - can you update me?',If {natural_language_metric} was {more_or_less} than {threshold} at any time since {natural_language_date} send an email to {sender} titled 'Update on {natural_language_metric}' saying 'I noticed {natural_language_metric} was {more_or_less} than {threshold} - can you update me?',natural_language_date,September 16
multi_domain,95,If {natural_language_metric} was {more_or_less} than {threshold} at any time since {natural_language_date} send an email to {sender} titled 'Update on {natural_language_metric}' saying 'I noticed {natural_language_metric} was {more_or_less} than {threshold} - can you update me?',If {natural_language_metric} was {more_or_less} than {threshold} at any time since {natural_language_date} send an email to {sender} titled 'Update on {natural_language_metric}' saying 'I noticed {natural_language_metric} was {more_or_less} than {threshold} - can you update me?',sender,nadia.moreau@atlas.com
multi_domain,96,If {natural_language_metric} was {more_or_less} than {threshold} at any time since {natural_language_date} send an email to {sender} titled 'Update on {natural_language_metric}' saying 'I noticed {natural_language_metric} was {more_or_less} than {threshold} - can you update me?',If {natural_language_metric} was {more_or_less} than {threshold} at any time since {natural_language_date} send an email to {sender} titled 'Update on {natural_language_metric}' saying 'I noticed {natural_language_metric} was {more_or_less} than {threshold} - can you update me?',natural_language_metric,average session duration
multi_domain,96,If {natural_language_metric} was {more_or_less} than {threshold} at any time since {natural_language_date} send an email to {sender} titled 'Update on {natural_language_metric}' saying 'I noticed {natural_language_metric} was {more_or_less} than {threshold} - can you update me?',If {natural_language_metric} was {more_or_less} than {threshold} at any time since {natural_language_date} send an email to {sender} titled 'Update on {natural_language_metric}' saying 'I noticed {natural_language_metric} was {more_or_less} than {threshold} - can you update me?',more_or_less,less
multi_domain,96,If {natural_language_metric} was {more_or_less} than {threshold} at any time since {natural_language_date} send an email to {sender} titled 'Update on {natural_language_metric}' saying 'I noticed {natural_language_metric} was {more_or_less} than {threshold} - can you update me?',If {natural_language_metric} was {more_or_less} than {threshold} at any time since {natural_language_date} send an email to {sender} titled 'Update on {natural_language_metric}' saying 'I noticed {natural_language_metric} was {more_or_less} than {threshold} - can you update me?',threshold,41
multi_domain,96,If {natural_language_metric} was {more_or_less} than {threshold} at any time since {natural_language_date} send an email to {sender} titled 'Update on {natural_language_metric}' saying 'I noticed {natural_language_metric} was {more_or_less} than {threshold} - can you update me?',If {natural_language_metric} was {more_or_less} than {threshold} at any time since {natural_language_date} send an email to {sender} titled 'Update on {natural_language_metric}' saying 'I noticed {natural_language_metric} was {more_or_less} than {threshold} - can you update me?',natural_language_date,October 17
multi_domain,96,If {natural_language_metric} was {more_or_less} than {threshold} at any time since {natural_language_date} send an email to {sender} titled 'Update on {natural_language_metric}' saying 'I noticed {natural_language_metric} was {more_or_less} than {threshold} - can you update me?',If {natural_language_metric} was {more_or_less} than {threshold} at any time since {natural_language_date} send an email to {sender} titled 'Update on {natural_language_metric}' saying 'I noticed {natural_language_metric} was {more_or_less} than {threshold} - can you update me?',sender,jinsoo.kim@atlas.com
multi_domain,97,If {natural_language_metric} was {more_or_less} than {threshold} at any time since {natural_language_date} send an email to {sender} titled 'Update on {natural_language_metric}' saying 'I noticed {natural_language_metric} was {more_or_less} than {threshold} - can you update me?',"I think {natural_language_metric} might have been {more_or_less} than {threshold}. If it has been at any time since {natural_language_date}, can yousend an email to {sender} titled 'Update on {natural_language_metric}' saying 'I noticed {natural_language_metric} was {more_or_less} than {threshold} - can you update me?'",natural_language_metric,engaged users
multi_domain,97,If {natural_language_metric} was {more_or_less} than {threshold} at any time since {natural_language_date} send an email to {sender} titled 'Update on {natural_language_metric}' saying 'I noticed {natural_language_metric} was {more_or_less} than {threshold} - can you update me?',"I think {natural_language_metric} might have been {more_or_less} than {threshold}. If it has been at any time since {natural_language_date}, can yousend an email to {sender} titled 'Update on {natural_language_metric}' saying 'I noticed {natural_language_metric} was {more_or_less} than {threshold} - can you update me?'",more_or_less,more
multi_domain,97,If {natural_language_metric} was {more_or_less} than {threshold} at any time since {natural_language_date} send an email to {sender} titled 'Update on {natural_language_metric}' saying 'I noticed {natural_language_metric} was {more_or_less} than {threshold} - can you update me?',"I think {natural_language_metric} might have been {more_or_less} than {threshold}. If it has been at any time since {natural_language_date}, can yousend an email to {sender} titled 'Update on {natural_language_metric}' saying 'I noticed {natural_language_metric} was {more_or_less} than {threshold} - can you update me?'",threshold,1
multi_domain,97,If {natural_language_metric} was {more_or_less} than {threshold} at any time since {natural_language_date} send an email to {sender} titled 'Update on {natural_language_metric}' saying 'I noticed {natural_language_metric} was {more_or_less} than {threshold} - can you update me?',"I think {natural_language_metric} might have been {more_or_less} than {threshold}. If it has been at any time since {natural_language_date}, can yousend an email to {sender} titled 'Update on {natural_language_metric}' saying 'I noticed {natural_language_metric} was {more_or_less} than {threshold} - can you update me?'",natural_language_date,September 7
multi_domain,97,If {natural_language_metric} was {more_or_less} than {threshold} at any time since {natural_language_date} send an email to {sender} titled 'Update on {natural_language_metric}' saying 'I noticed {natural_language_metric} was {more_or_less} than {threshold} - can you update me?',"I think {natural_language_metric} might have been {more_or_less} than {threshold}. If it has been at any time since {natural_language_date}, can yousend an email to {sender} titled 'Update on {natural_language_metric}' saying 'I noticed {natural_language_metric} was {more_or_less} than {threshold} - can you update me?'",sender,amir.ali@atlas.com
multi_domain,98,If {natural_language_metric} was {more_or_less} than {threshold} at any time since {natural_language_date} send an email to {sender} titled 'Update on {natural_language_metric}' saying 'I noticed {natural_language_metric} was {more_or_less} than {threshold} - can you update me?',"can you check if {natural_language_metric} was {more_or_less} than {threshold} at any time since {natural_language_date}? If so, send an email to {sender} titled 'Update on {natural_language_metric}' saying 'I noticed {natural_language_metric} was {more_or_less} than {threshold} - can you update me?'",natural_language_metric,average session duration
multi_domain,98,If {natural_language_metric} was {more_or_less} than {threshold} at any time since {natural_language_date} send an email to {sender} titled 'Update on {natural_language_metric}' saying 'I noticed {natural_language_metric} was {more_or_less} than {threshold} - can you update me?',"can you check if {natural_language_metric} was {more_or_less} than {threshold} at any time since {natural_language_date}? If so, send an email to {sender} titled 'Update on {natural_language_metric}' saying 'I noticed {natural_language_metric} was {more_or_less} than {threshold} - can you update me?'",more_or_less,less
multi_domain,98,If {natural_language_metric} was {more_or_less} than {threshold} at any time since {natural_language_date} send an email to {sender} titled 'Update on {natural_language_metric}' saying 'I noticed {natural_language_metric} was {more_or_less} than {threshold} - can you update me?',"can you check if {natural_language_metric} was {more_or_less} than {threshold} at any time since {natural_language_date}? If so, send an email to {sender} titled 'Update on {natural_language_metric}' saying 'I noticed {natural_language_metric} was {more_or_less} than {threshold} - can you update me?'",threshold,41
multi_domain,98,If {natural_language_metric} was {more_or_less} than {threshold} at any time since {natural_language_date} send an email to {sender} titled 'Update on {natural_language_metric}' saying 'I noticed {natural_language_metric} was {more_or_less} than {threshold} - can you update me?',"can you check if {natural_language_metric} was {more_or_less} than {threshold} at any time since {natural_language_date}? If so, send an email to {sender} titled 'Update on {natural_language_metric}' saying 'I noticed {natural_language_metric} was {more_or_less} than {threshold} - can you update me?'",natural_language_date,October 4
multi_domain,98,If {natural_language_metric} was {more_or_less} than {threshold} at any time since {natural_language_date} send an email to {sender} titled 'Update on {natural_language_metric}' saying 'I noticed {natural_language_metric} was {more_or_less} than {threshold} - can you update me?',"can you check if {natural_language_metric} was {more_or_less} than {threshold} at any time since {natural_language_date}? If so, send an email to {sender} titled 'Update on {natural_language_metric}' saying 'I noticed {natural_language_metric} was {more_or_less} than {threshold} - can you update me?'",sender,lena.schmidt@atlas.com
multi_domain,99,If {natural_language_metric} was {more_or_less} than {threshold} at any time since {natural_language_date} send an email to {sender} titled 'Update on {natural_language_metric}' saying 'I noticed {natural_language_metric} was {more_or_less} than {threshold} - can you update me?',"can you check if {natural_language_metric} was {more_or_less} than {threshold} at any time since {natural_language_date}? If so, send an email to {sender} titled 'Update on {natural_language_metric}' saying 'I noticed {natural_language_metric} was {more_or_less} than {threshold} - can you update me?'",natural_language_metric,engaged users
multi_domain,99,If {natural_language_metric} was {more_or_less} than {threshold} at any time since {natural_language_date} send an email to {sender} titled 'Update on {natural_language_metric}' saying 'I noticed {natural_language_metric} was {more_or_less} than {threshold} - can you update me?',"can you check if {natural_language_metric} was {more_or_less} than {threshold} at any time since {natural_language_date}? If so, send an email to {sender} titled 'Update on {natural_language_metric}' saying 'I noticed {natural_language_metric} was {more_or_less} than {threshold} - can you update me?'",more_or_less,more
multi_domain,99,If {natural_language_metric} was {more_or_less} than {threshold} at any time since {natural_language_date} send an email to {sender} titled 'Update on {natural_language_metric}' saying 'I noticed {natural_language_metric} was {more_or_less} than {threshold} - can you update me?',"can you check if {natural_language_metric} was {more_or_less} than {threshold} at any time since {natural_language_date}? If so, send an email to {sender} titled 'Update on {natural_language_metric}' saying 'I noticed {natural_language_metric} was {more_or_less} than {threshold} - can you update me?'",threshold,5
multi_domain,99,If {natural_language_metric} was {more_or_less} than {threshold} at any time since {natural_language_date} send an email to {sender} titled 'Update on {natural_language_metric}' saying 'I noticed {natural_language_metric} was {more_or_less} than {threshold} - can you update me?',"can you check if {natural_language_metric} was {more_or_less} than {threshold} at any time since {natural_language_date}? If so, send an email to {sender} titled 'Update on {natural_language_metric}' saying 'I noticed {natural_language_metric} was {more_or_less} than {threshold} - can you update me?'",natural_language_date,October 23
multi_domain,99,If {natural_language_metric} was {more_or_less} than {threshold} at any time since {natural_language_date} send an email to {sender} titled 'Update on {natural_language_metric}' saying 'I noticed {natural_language_metric} was {more_or_less} than {threshold} - can you update me?',"can you check if {natural_language_metric} was {more_or_less} than {threshold} at any time since {natural_language_date}? If so, send an email to {sender} titled 'Update on {natural_language_metric}' saying 'I noticed {natural_language_metric} was {more_or_less} than {threshold} - can you update me?'",sender,nia.johnson@atlas.com
multi_domain,100,If {natural_language_metric} was {more_or_less} than {threshold} at any time since {natural_language_date} schedule a half-hour meeting called 'Discuss {natural_language_metric}' with {sender_name} at the earliest time I'm free tomorrow,If {natural_language_metric} was {more_or_less} than {threshold} at any time since {natural_language_date} schedule a half-hour meeting called 'Discuss {natural_language_metric}' with {sender_name} at the earliest time I'm free tomorrow,natural_language_metric,average session duration
multi_domain,100,If {natural_language_metric} was {more_or_less} than {threshold} at any time since {natural_language_date} schedule a half-hour meeting called 'Discuss {natural_language_metric}' with {sender_name} at the earliest time I'm free tomorrow,If {natural_language_metric} was {more_or_less} than {threshold} at any time since {natural_language_date} schedule a half-hour meeting called 'Discuss {natural_language_metric}' with {sender_name} at the earliest time I'm free tomorrow,more_or_less,more
multi_domain,100,If {natural_language_metric} was {more_or_less} than {threshold} at any time since {natural_language_date} schedule a half-hour meeting called 'Discuss {natural_language_metric}' with {sender_name} at the earliest time I'm free tomorrow,If {natural_language_metric} was {more_or_less} than {threshold} at any time since {natural_language_date} schedule a half-hour meeting called 'Discuss {natural_language_metric}' with {sender_name} at the earliest time I'm free tomorrow,threshold,41
multi_domain,100,If {natural_language_metric} was {more_or_less} than {threshold} at any time since {natural_language_date} schedule a half-hour meeting called 'Discuss {natural_language_metric}' with {sender_name} at the earliest time I'm free tomorrow,If {natural_language_metric} was {more_or_less} than {threshold} at any time since {natural_language_date} schedule a half-hour meeting called 'Discuss {natural_language_metric}' with {sender_name} at the earliest time I'm free tomorrow,natural_language_date,October 8
multi_domain,100,If {natural_language_metric} was {more_or_less} than {threshold} at any time since {natural_language_date} schedule a half-hour meeting called 'Discuss {natural_language_metric}' with {sender_name} at the earliest time I'm free tomorrow,If {natural_language_metric} was {more_or_less} than {threshold} at any time since {natural_language_date} schedule a half-hour meeting called 'Discuss {natural_language_metric}' with {sender_name} at the earliest time I'm free tomorrow,sender_name,luis
multi_domain,101,If {natural_language_metric} was {more_or_less} than {threshold} at any time since {natural_language_date} schedule a half-hour meeting called 'Discuss {natural_language_metric}' with {sender_name} at the earliest time I'm free tomorrow,"I think {natural_language_metric} might have been {more_or_less} than {threshold} at any time since {natural_language_date}. Can you check and if so, schedule a half-hour meeting called 'Discuss {natural_language_metric}' with {sender_name} at the earliest time I'm free tomorrow",natural_language_metric,average session duration
multi_domain,101,If {natural_language_metric} was {more_or_less} than {threshold} at any time since {natural_language_date} schedule a half-hour meeting called 'Discuss {natural_language_metric}' with {sender_name} at the earliest time I'm free tomorrow,"I think {natural_language_metric} might have been {more_or_less} than {threshold} at any time since {natural_language_date}. Can you check and if so, schedule a half-hour meeting called 'Discuss {natural_language_metric}' with {sender_name} at the earliest time I'm free tomorrow",more_or_less,more
multi_domain,101,If {natural_language_metric} was {more_or_less} than {threshold} at any time since {natural_language_date} schedule a half-hour meeting called 'Discuss {natural_language_metric}' with {sender_name} at the earliest time I'm free tomorrow,"I think {natural_language_metric} might have been {more_or_less} than {threshold} at any time since {natural_language_date}. Can you check and if so, schedule a half-hour meeting called 'Discuss {natural_language_metric}' with {sender_name} at the earliest time I'm free tomorrow",threshold,41
multi_domain,101,If {natural_language_metric} was {more_or_less} than {threshold} at any time since {natural_language_date} schedule a half-hour meeting called 'Discuss {natural_language_metric}' with {sender_name} at the earliest time I'm free tomorrow,"I think {natural_language_metric} might have been {more_or_less} than {threshold} at any time since {natural_language_date}. Can you check and if so, schedule a half-hour meeting called 'Discuss {natural_language_metric}' with {sender_name} at the earliest time I'm free tomorrow",natural_language_date,September 8
multi_domain,101,If {natural_language_metric} was {more_or_less} than {threshold} at any time since {natural_language_date} schedule a half-hour meeting called 'Discuss {natural_language_metric}' with {sender_name} at the earliest time I'm free tomorrow,"I think {natural_language_metric} might have been {more_or_less} than {threshold} at any time since {natural_language_date}. Can you check and if so, schedule a half-hour meeting called 'Discuss {natural_language_metric}' with {sender_name} at the earliest time I'm free tomorrow",sender_name,luis
multi_domain,102,If {natural_language_metric} was {more_or_less} than {threshold} at any time since {natural_language_date} schedule a half-hour meeting called 'Discuss {natural_language_metric}' with {sender_name} at the earliest time I'm free tomorrow,"I think {natural_language_metric} might have been {more_or_less} than {threshold} at any time since {natural_language_date}. Can you check and if so, schedule a half-hour meeting called 'Discuss {natural_language_metric}' with {sender_name} at the earliest time I'm free tomorrow",natural_language_metric,total visits
multi_domain,102,If {natural_language_metric} was {more_or_less} than {threshold} at any time since {natural_language_date} schedule a half-hour meeting called 'Discuss {natural_language_metric}' with {sender_name} at the earliest time I'm free tomorrow,"I think {natural_language_metric} might have been {more_or_less} than {threshold} at any time since {natural_language_date}. Can you check and if so, schedule a half-hour meeting called 'Discuss {natural_language_metric}' with {sender_name} at the earliest time I'm free tomorrow",more_or_less,less
multi_domain,102,If {natural_language_metric} was {more_or_less} than {threshold} at any time since {natural_language_date} schedule a half-hour meeting called 'Discuss {natural_language_metric}' with {sender_name} at the earliest time I'm free tomorrow,"I think {natural_language_metric} might have been {more_or_less} than {threshold} at any time since {natural_language_date}. Can you check and if so, schedule a half-hour meeting called 'Discuss {natural_language_metric}' with {sender_name} at the earliest time I'm free tomorrow",threshold,10
multi_domain,102,If {natural_language_metric} was {more_or_less} than {threshold} at any time since {natural_language_date} schedule a half-hour meeting called 'Discuss {natural_language_metric}' with {sender_name} at the earliest time I'm free tomorrow,"I think {natural_language_metric} might have been {more_or_less} than {threshold} at any time since {natural_language_date}. Can you check and if so, schedule a half-hour meeting called 'Discuss {natural_language_metric}' with {sender_name} at the earliest time I'm free tomorrow",natural_language_date,September 24
multi_domain,102,If {natural_language_metric} was {more_or_less} than {threshold} at any time since {natural_language_date} schedule a half-hour meeting called 'Discuss {natural_language_metric}' with {sender_name} at the earliest time I'm free tomorrow,"I think {natural_language_metric} might have been {more_or_less} than {threshold} at any time since {natural_language_date}. Can you check and if so, schedule a half-hour meeting called 'Discuss {natural_language_metric}' with {sender_name} at the earliest time I'm free tomorrow",sender_name,lena
multi_domain,103,If {natural_language_metric} was {more_or_less} than {threshold} at any time since {natural_language_date} schedule a half-hour meeting called 'Discuss {natural_language_metric}' with {sender_name} at the earliest time I'm free tomorrow,"can you check if {natural_language_metric} was {more_or_less} than {threshold} at any time since {natural_language_date}? If so, schedule a 30 minute meeting called 'Discuss {natural_language_metric}' with {sender_name} at the earliest time I'm free tomorrow",natural_language_metric,engaged users
multi_domain,103,If {natural_language_metric} was {more_or_less} than {threshold} at any time since {natural_language_date} schedule a half-hour meeting called 'Discuss {natural_language_metric}' with {sender_name} at the earliest time I'm free tomorrow,"can you check if {natural_language_metric} was {more_or_less} than {threshold} at any time since {natural_language_date}? If so, schedule a 30 minute meeting called 'Discuss {natural_language_metric}' with {sender_name} at the earliest time I'm free tomorrow",more_or_less,less
multi_domain,103,If {natural_language_metric} was {more_or_less} than {threshold} at any time since {natural_language_date} schedule a half-hour meeting called 'Discuss {natural_language_metric}' with {sender_name} at the earliest time I'm free tomorrow,"can you check if {natural_language_metric} was {more_or_less} than {threshold} at any time since {natural_language_date}? If so, schedule a 30 minute meeting called 'Discuss {natural_language_metric}' with {sender_name} at the earliest time I'm free tomorrow",threshold,5
multi_domain,103,If {natural_language_metric} was {more_or_less} than {threshold} at any time since {natural_language_date} schedule a half-hour meeting called 'Discuss {natural_language_metric}' with {sender_name} at the earliest time I'm free tomorrow,"can you check if {natural_language_metric} was {more_or_less} than {threshold} at any time since {natural_language_date}? If so, schedule a 30 minute meeting called 'Discuss {natural_language_metric}' with {sender_name} at the earliest time I'm free tomorrow",natural_language_date,September 3
multi_domain,103,If {natural_language_metric} was {more_or_less} than {threshold} at any time since {natural_language_date} schedule a half-hour meeting called 'Discuss {natural_language_metric}' with {sender_name} at the earliest time I'm free tomorrow,"can you check if {natural_language_metric} was {more_or_less} than {threshold} at any time since {natural_language_date}? If so, schedule a 30 minute meeting called 'Discuss {natural_language_metric}' with {sender_name} at the earliest time I'm free tomorrow",sender_name,leila
multi_domain,104,If {natural_language_metric} was {more_or_less} than {threshold} at any time since {natural_language_date} schedule a half-hour meeting called 'Discuss {natural_language_metric}' with {sender_name} at the earliest time I'm free tomorrow,"can you check if {natural_language_metric} was {more_or_less} than {threshold} at any time since {natural_language_date}? If so, schedule a 30 minute meeting called 'Discuss {natural_language_metric}' with {sender_name} at the earliest time I'm free tomorrow",natural_language_metric,engaged users
multi_domain,104,If {natural_language_metric} was {more_or_less} than {threshold} at any time since {natural_language_date} schedule a half-hour meeting called 'Discuss {natural_language_metric}' with {sender_name} at the earliest time I'm free tomorrow,"can you check if {natural_language_metric} was {more_or_less} than {threshold} at any time since {natural_language_date}? If so, schedule a 30 minute meeting called 'Discuss {natural_language_metric}' with {sender_name} at the earliest time I'm free tomorrow",more_or_less,less
multi_domain,104,If {natural_language_metric} was {more_or_less} than {threshold} at any time since {natural_language_date} schedule a half-hour meeting called 'Discuss {natural_language_metric}' with {sender_name} at the earliest time I'm free tomorrow,"can you check if {natural_language_metric} was {more_or_less} than {threshold} at any time since {natural_language_date}? If so, schedule a 30 minute meeting called 'Discuss {natural_language_metric}' with {sender_name} at the earliest time I'm free tomorrow",threshold,5
multi_domain,104,If {natural_language_metric} was {more_or_less} than {threshold} at any time since {natural_language_date} schedule a half-hour meeting called 'Discuss {natural_language_metric}' with {sender_name} at the earliest time I'm free tomorrow,"can you check if {natural_language_metric} was {more_or_less} than {threshold} at any time since {natural_language_date}? If so, schedule a 30 minute meeting called 'Discuss {natural_language_metric}' with {sender_name} at the earliest time I'm free tomorrow",natural_language_date,November 9
multi_domain,104,If {natural_language_metric} was {more_or_less} than {threshold} at any time since {natural_language_date} schedule a half-hour meeting called 'Discuss {natural_language_metric}' with {sender_name} at the earliest time I'm free tomorrow,"can you check if {natural_language_metric} was {more_or_less} than {threshold} at any time since {natural_language_date}? If so, schedule a 30 minute meeting called 'Discuss {natural_language_metric}' with {sender_name} at the earliest time I'm free tomorrow",sender_name,santiago
multi_domain,105,If {natural_language_metric} was {more_or_less} than {threshold} at any time since {natural_language_date} schedule a half-hour meeting called 'Discuss {natural_language_metric}' with {sender_name} at the earliest time I'm free tomorrow,"can you check if {natural_language_metric} was {more_or_less} than {threshold} at any time since {natural_language_date}? If so, schedule a 30 minute meeting called 'Discuss {natural_language_metric}' with {sender_name} at the earliest time I'm free tomorrow",natural_language_metric,average session duration
multi_domain,105,If {natural_language_metric} was {more_or_less} than {threshold} at any time since {natural_language_date} schedule a half-hour meeting called 'Discuss {natural_language_metric}' with {sender_name} at the earliest time I'm free tomorrow,"can you check if {natural_language_metric} was {more_or_less} than {threshold} at any time since {natural_language_date}? If so, schedule a 30 minute meeting called 'Discuss {natural_language_metric}' with {sender_name} at the earliest time I'm free tomorrow",more_or_less,more
multi_domain,105,If {natural_language_metric} was {more_or_less} than {threshold} at any time since {natural_language_date} schedule a half-hour meeting called 'Discuss {natural_language_metric}' with {sender_name} at the earliest time I'm free tomorrow,"can you check if {natural_language_metric} was {more_or_less} than {threshold} at any time since {natural_language_date}? If so, schedule a 30 minute meeting called 'Discuss {natural_language_metric}' with {sender_name} at the earliest time I'm free tomorrow",threshold,41
multi_domain,105,If {natural_language_metric} was {more_or_less} than {threshold} at any time since {natural_language_date} schedule a half-hour meeting called 'Discuss {natural_language_metric}' with {sender_name} at the earliest time I'm free tomorrow,"can you check if {natural_language_metric} was {more_or_less} than {threshold} at any time since {natural_language_date}? If so, schedule a 30 minute meeting called 'Discuss {natural_language_metric}' with {sender_name} at the earliest time I'm free tomorrow",natural_language_date,November 1
multi_domain,105,If {natural_language_metric} was {more_or_less} than {threshold} at any time since {natural_language_date} schedule a half-hour meeting called 'Discuss {natural_language_metric}' with {sender_name} at the earliest time I'm free tomorrow,"can you check if {natural_language_metric} was {more_or_less} than {threshold} at any time since {natural_language_date}? If so, schedule a 30 minute meeting called 'Discuss {natural_language_metric}' with {sender_name} at the earliest time I'm free tomorrow",sender_name,aisha
multi_domain,106,If {natural_language_metric} was {more_or_less} than {threshold} at any time since {natural_language_date} schedule a half-hour meeting called 'Discuss {natural_language_metric}' with {sender_name} at the earliest time I'm free tomorrow,"I think {natural_language_metric} might have been {more_or_less} than {threshold} at any time since {natural_language_date}. Can you check and if so, schedule a half-hour meeting called 'Discuss {natural_language_metric}' with {sender_name} at the earliest time I'm free tomorrow",natural_language_metric,average session duration
multi_domain,106,If {natural_language_metric} was {more_or_less} than {threshold} at any time since {natural_language_date} schedule a half-hour meeting called 'Discuss {natural_language_metric}' with {sender_name} at the earliest time I'm free tomorrow,"I think {natural_language_metric} might have been {more_or_less} than {threshold} at any time since {natural_language_date}. Can you check and if so, schedule a half-hour meeting called 'Discuss {natural_language_metric}' with {sender_name} at the earliest time I'm free tomorrow",more_or_less,more
multi_domain,106,If {natural_language_metric} was {more_or_less} than {threshold} at any time since {natural_language_date} schedule a half-hour meeting called 'Discuss {natural_language_metric}' with {sender_name} at the earliest time I'm free tomorrow,"I think {natural_language_metric} might have been {more_or_less} than {threshold} at any time since {natural_language_date}. Can you check and if so, schedule a half-hour meeting called 'Discuss {natural_language_metric}' with {sender_name} at the earliest time I'm free tomorrow",threshold,2
multi_domain,106,If {natural_language_metric} was {more_or_less} than {threshold} at any time since {natural_language_date} schedule a half-hour meeting called 'Discuss {natural_language_metric}' with {sender_name} at the earliest time I'm free tomorrow,"I think {natural_language_metric} might have been {more_or_less} than {threshold} at any time since {natural_language_date}. Can you check and if so, schedule a half-hour meeting called 'Discuss {natural_language_metric}' with {sender_name} at the earliest time I'm free tomorrow",natural_language_date,November 25
multi_domain,106,If {natural_language_metric} was {more_or_less} than {threshold} at any time since {natural_language_date} schedule a half-hour meeting called 'Discuss {natural_language_metric}' with {sender_name} at the earliest time I'm free tomorrow,"I think {natural_language_metric} might have been {more_or_less} than {threshold} at any time since {natural_language_date}. Can you check and if so, schedule a half-hour meeting called 'Discuss {natural_language_metric}' with {sender_name} at the earliest time I'm free tomorrow",sender_name,anaya
multi_domain,107,If {natural_language_metric} was {more_or_less} than {threshold} at any time since {natural_language_date} schedule a half-hour meeting called 'Discuss {natural_language_metric}' with {sender_name} at the earliest time I'm free tomorrow,"I think {natural_language_metric} might have been {more_or_less} than {threshold} at any time since {natural_language_date}. Can you check and if so, schedule a half-hour meeting called 'Discuss {natural_language_metric}' with {sender_name} at the earliest time I'm free tomorrow",natural_language_metric,total visits
multi_domain,107,If {natural_language_metric} was {more_or_less} than {threshold} at any time since {natural_language_date} schedule a half-hour meeting called 'Discuss {natural_language_metric}' with {sender_name} at the earliest time I'm free tomorrow,"I think {natural_language_metric} might have been {more_or_less} than {threshold} at any time since {natural_language_date}. Can you check and if so, schedule a half-hour meeting called 'Discuss {natural_language_metric}' with {sender_name} at the earliest time I'm free tomorrow",more_or_less,more
multi_domain,107,If {natural_language_metric} was {more_or_less} than {threshold} at any time since {natural_language_date} schedule a half-hour meeting called 'Discuss {natural_language_metric}' with {sender_name} at the earliest time I'm free tomorrow,"I think {natural_language_metric} might have been {more_or_less} than {threshold} at any time since {natural_language_date}. Can you check and if so, schedule a half-hour meeting called 'Discuss {natural_language_metric}' with {sender_name} at the earliest time I'm free tomorrow",threshold,3
multi_domain,107,If {natural_language_metric} was {more_or_less} than {threshold} at any time since {natural_language_date} schedule a half-hour meeting called 'Discuss {natural_language_metric}' with {sender_name} at the earliest time I'm free tomorrow,"I think {natural_language_metric} might have been {more_or_less} than {threshold} at any time since {natural_language_date}. Can you check and if so, schedule a half-hour meeting called 'Discuss {natural_language_metric}' with {sender_name} at the earliest time I'm free tomorrow",natural_language_date,November 19
multi_domain,107,If {natural_language_metric} was {more_or_less} than {threshold} at any time since {natural_language_date} schedule a half-hour meeting called 'Discuss {natural_language_metric}' with {sender_name} at the earliest time I'm free tomorrow,"I think {natural_language_metric} might have been {more_or_less} than {threshold} at any time since {natural_language_date}. Can you check and if so, schedule a half-hour meeting called 'Discuss {natural_language_metric}' with {sender_name} at the earliest time I'm free tomorrow",sender_name,raj
multi_domain,108,If {natural_language_metric} was {more_or_less} than {threshold} at any time since {natural_language_date} schedule a half-hour meeting called 'Discuss {natural_language_metric}' with {sender_name} at the earliest time I'm free tomorrow,"can you check if {natural_language_metric} was {more_or_less} than {threshold} at any time since {natural_language_date}? If so, schedule a 30 minute meeting called 'Discuss {natural_language_metric}' with {sender_name} at the earliest time I'm free tomorrow",natural_language_metric,average session duration
multi_domain,108,If {natural_language_metric} was {more_or_less} than {threshold} at any time since {natural_language_date} schedule a half-hour meeting called 'Discuss {natural_language_metric}' with {sender_name} at the earliest time I'm free tomorrow,"can you check if {natural_language_metric} was {more_or_less} than {threshold} at any time since {natural_language_date}? If so, schedule a 30 minute meeting called 'Discuss {natural_language_metric}' with {sender_name} at the earliest time I'm free tomorrow",more_or_less,more
multi_domain,108,If {natural_language_metric} was {more_or_less} than {threshold} at any time since {natural_language_date} schedule a half-hour meeting called 'Discuss {natural_language_metric}' with {sender_name} at the earliest time I'm free tomorrow,"can you check if {natural_language_metric} was {more_or_less} than {threshold} at any time since {natural_language_date}? If so, schedule a 30 minute meeting called 'Discuss {natural_language_metric}' with {sender_name} at the earliest time I'm free tomorrow",threshold,19
multi_domain,108,If {natural_language_metric} was {more_or_less} than {threshold} at any time since {natural_language_date} schedule a half-hour meeting called 'Discuss {natural_language_metric}' with {sender_name} at the earliest time I'm free tomorrow,"can you check if {natural_language_metric} was {more_or_less} than {threshold} at any time since {natural_language_date}? If so, schedule a 30 minute meeting called 'Discuss {natural_language_metric}' with {sender_name} at the earliest time I'm free tomorrow",natural_language_date,September 24
multi_domain,108,If {natural_language_metric} was {more_or_less} than {threshold} at any time since {natural_language_date} schedule a half-hour meeting called 'Discuss {natural_language_metric}' with {sender_name} at the earliest time I'm free tomorrow,"can you check if {natural_language_metric} was {more_or_less} than {threshold} at any time since {natural_language_date}? If so, schedule a 30 minute meeting called 'Discuss {natural_language_metric}' with {sender_name} at the earliest time I'm free tomorrow",sender_name,chenwei
multi_domain,109,If {natural_language_metric} was {more_or_less} than {threshold} at any time since {natural_language_date} schedule a half-hour meeting called 'Discuss {natural_language_metric}' with {sender_name} at the earliest time I'm free tomorrow,If {natural_language_metric} was {more_or_less} than {threshold} at any time since {natural_language_date} schedule a half-hour meeting called 'Discuss {natural_language_metric}' with {sender_name} at the earliest time I'm free tomorrow,natural_language_metric,engaged users
multi_domain,109,If {natural_language_metric} was {more_or_less} than {threshold} at any time since {natural_language_date} schedule a half-hour meeting called 'Discuss {natural_language_metric}' with {sender_name} at the earliest time I'm free tomorrow,If {natural_language_metric} was {more_or_less} than {threshold} at any time since {natural_language_date} schedule a half-hour meeting called 'Discuss {natural_language_metric}' with {sender_name} at the earliest time I'm free tomorrow,more_or_less,less
multi_domain,109,If {natural_language_metric} was {more_or_less} than {threshold} at any time since {natural_language_date} schedule a half-hour meeting called 'Discuss {natural_language_metric}' with {sender_name} at the earliest time I'm free tomorrow,If {natural_language_metric} was {more_or_less} than {threshold} at any time since {natural_language_date} schedule a half-hour meeting called 'Discuss {natural_language_metric}' with {sender_name} at the earliest time I'm free tomorrow,threshold,1
multi_domain,109,If {natural_language_metric} was {more_or_less} than {threshold} at any time since {natural_language_date} schedule a half-hour meeting called 'Discuss {natural_language_metric}' with {sender_name} at the earliest time I'm free tomorrow,If {natural_language_metric} was {more_or_less} than {threshold} at any time since {natural_language_date} schedule a half-hour meeting called 'Discuss {natural_language_metric}' with {sender_name} at the earliest time I'm free tomorrow,natural_language_date,September 10
multi_domain,109,If {natural_language_metric} was {more_or_less} than {threshold} at any time since {natural_language_date} schedule a half-hour meeting called 'Discuss {natural_language_metric}' with {sender_name} at the earliest time I'm free tomorrow,If {natural_language_metric} was {more_or_less} than {threshold} at any time since {natural_language_date} schedule a half-hour meeting called 'Discuss {natural_language_metric}' with {sender_name} at the earliest time I'm free tomorrow,sender_name,nadia
multi_domain,110,If {natural_language_metric} was {more_or_less} than {threshold} at any time since {natural_language_date} make a backlog task called 'Improve {natural_language_metric}' for {name} on the front-end board with a deadline of next Friday,"can you check if {natural_language_metric} was {more_or_less} than {threshold} at any time since {natural_language_date}? If so, make a backlog task called 'Improve {natural_language_metric}' for {name} on the front-end board with a deadline of next Friday",natural_language_metric,total visits
multi_domain,110,If {natural_language_metric} was {more_or_less} than {threshold} at any time since {natural_language_date} make a backlog task called 'Improve {natural_language_metric}' for {name} on the front-end board with a deadline of next Friday,"can you check if {natural_language_metric} was {more_or_less} than {threshold} at any time since {natural_language_date}? If so, make a backlog task called 'Improve {natural_language_metric}' for {name} on the front-end board with a deadline of next Friday",more_or_less,more
multi_domain,110,If {natural_language_metric} was {more_or_less} than {threshold} at any time since {natural_language_date} make a backlog task called 'Improve {natural_language_metric}' for {name} on the front-end board with a deadline of next Friday,"can you check if {natural_language_metric} was {more_or_less} than {threshold} at any time since {natural_language_date}? If so, make a backlog task called 'Improve {natural_language_metric}' for {name} on the front-end board with a deadline of next Friday",threshold,21
multi_domain,110,If {natural_language_metric} was {more_or_less} than {threshold} at any time since {natural_language_date} make a backlog task called 'Improve {natural_language_metric}' for {name} on the front-end board with a deadline of next Friday,"can you check if {natural_language_metric} was {more_or_less} than {threshold} at any time since {natural_language_date}? If so, make a backlog task called 'Improve {natural_language_metric}' for {name} on the front-end board with a deadline of next Friday",natural_language_date,October 12
multi_domain,110,If {natural_language_metric} was {more_or_less} than {threshold} at any time since {natural_language_date} make a backlog task called 'Improve {natural_language_metric}' for {name} on the front-end board with a deadline of next Friday,"can you check if {natural_language_metric} was {more_or_less} than {threshold} at any time since {natural_language_date}? If so, make a backlog task called 'Improve {natural_language_metric}' for {name} on the front-end board with a deadline of next Friday",name,dmitri
multi_domain,111,If {natural_language_metric} was {more_or_less} than {threshold} at any time since {natural_language_date} make a backlog task called 'Improve {natural_language_metric}' for {name} on the front-end board with a deadline of next Friday,"can you check if {natural_language_metric} was {more_or_less} than {threshold} at any time since {natural_language_date}? If so, make a backlog task called 'Improve {natural_language_metric}' for {name} on the front-end board with a deadline of next Friday",natural_language_metric,total visits
multi_domain,111,If {natural_language_metric} was {more_or_less} than {threshold} at any time since {natural_language_date} make a backlog task called 'Improve {natural_language_metric}' for {name} on the front-end board with a deadline of next Friday,"can you check if {natural_language_metric} was {more_or_less} than {threshold} at any time since {natural_language_date}? If so, make a backlog task called 'Improve {natural_language_metric}' for {name} on the front-end board with a deadline of next Friday",more_or_less,less
multi_domain,111,If {natural_language_metric} was {more_or_less} than {threshold} at any time since {natural_language_date} make a backlog task called 'Improve {natural_language_metric}' for {name} on the front-end board with a deadline of next Friday,"can you check if {natural_language_metric} was {more_or_less} than {threshold} at any time since {natural_language_date}? If so, make a backlog task called 'Improve {natural_language_metric}' for {name} on the front-end board with a deadline of next Friday",threshold,10
multi_domain,111,If {natural_language_metric} was {more_or_less} than {threshold} at any time since {natural_language_date} make a backlog task called 'Improve {natural_language_metric}' for {name} on the front-end board with a deadline of next Friday,"can you check if {natural_language_metric} was {more_or_less} than {threshold} at any time since {natural_language_date}? If so, make a backlog task called 'Improve {natural_language_metric}' for {name} on the front-end board with a deadline of next Friday",natural_language_date,October 11
multi_domain,111,If {natural_language_metric} was {more_or_less} than {threshold} at any time since {natural_language_date} make a backlog task called 'Improve {natural_language_metric}' for {name} on the front-end board with a deadline of next Friday,"can you check if {natural_language_metric} was {more_or_less} than {threshold} at any time since {natural_language_date}? If so, make a backlog task called 'Improve {natural_language_metric}' for {name} on the front-end board with a deadline of next Friday",name,anaya
multi_domain,112,If {natural_language_metric} was {more_or_less} than {threshold} at any time since {natural_language_date} make a backlog task called 'Improve {natural_language_metric}' for {name} on the front-end board with a deadline of next Friday,"can you check if {natural_language_metric} was {more_or_less} than {threshold} at any time since {natural_language_date}? If so, make a backlog task called 'Improve {natural_language_metric}' for {name} on the front-end board with a deadline of next Friday",natural_language_metric,engaged users
multi_domain,112,If {natural_language_metric} was {more_or_less} than {threshold} at any time since {natural_language_date} make a backlog task called 'Improve {natural_language_metric}' for {name} on the front-end board with a deadline of next Friday,"can you check if {natural_language_metric} was {more_or_less} than {threshold} at any time since {natural_language_date}? If so, make a backlog task called 'Improve {natural_language_metric}' for {name} on the front-end board with a deadline of next Friday",more_or_less,less
multi_domain,112,If {natural_language_metric} was {more_or_less} than {threshold} at any time since {natural_language_date} make a backlog task called 'Improve {natural_language_metric}' for {name} on the front-end board with a deadline of next Friday,"can you check if {natural_language_metric} was {more_or_less} than {threshold} at any time since {natural_language_date}? If so, make a backlog task called 'Improve {natural_language_metric}' for {name} on the front-end board with a deadline of next Friday",threshold,5
multi_domain,112,If {natural_language_metric} was {more_or_less} than {threshold} at any time since {natural_language_date} make a backlog task called 'Improve {natural_language_metric}' for {name} on the front-end board with a deadline of next Friday,"can you check if {natural_language_metric} was {more_or_less} than {threshold} at any time since {natural_language_date}? If so, make a backlog task called 'Improve {natural_language_metric}' for {name} on the front-end board with a deadline of next Friday",natural_language_date,November 20
multi_domain,112,If {natural_language_metric} was {more_or_less} than {threshold} at any time since {natural_language_date} make a backlog task called 'Improve {natural_language_metric}' for {name} on the front-end board with a deadline of next Friday,"can you check if {natural_language_metric} was {more_or_less} than {threshold} at any time since {natural_language_date}? If so, make a backlog task called 'Improve {natural_language_metric}' for {name} on the front-end board with a deadline of next Friday",name,kofi
multi_domain,113,If {natural_language_metric} was {more_or_less} than {threshold} at any time since {natural_language_date} make a backlog task called 'Improve {natural_language_metric}' for {name} on the front-end board with a deadline of next Friday,"can you check if {natural_language_metric} was {more_or_less} than {threshold} at any time since {natural_language_date}? If so, make a backlog task called 'Improve {natural_language_metric}' for {name} on the front-end board with a deadline of next Friday",natural_language_metric,average session duration
multi_domain,113,If {natural_language_metric} was {more_or_less} than {threshold} at any time since {natural_language_date} make a backlog task called 'Improve {natural_language_metric}' for {name} on the front-end board with a deadline of next Friday,"can you check if {natural_language_metric} was {more_or_less} than {threshold} at any time since {natural_language_date}? If so, make a backlog task called 'Improve {natural_language_metric}' for {name} on the front-end board with a deadline of next Friday",more_or_less,less
multi_domain,113,If {natural_language_metric} was {more_or_less} than {threshold} at any time since {natural_language_date} make a backlog task called 'Improve {natural_language_metric}' for {name} on the front-end board with a deadline of next Friday,"can you check if {natural_language_metric} was {more_or_less} than {threshold} at any time since {natural_language_date}? If so, make a backlog task called 'Improve {natural_language_metric}' for {name} on the front-end board with a deadline of next Friday",threshold,19
multi_domain,113,If {natural_language_metric} was {more_or_less} than {threshold} at any time since {natural_language_date} make a backlog task called 'Improve {natural_language_metric}' for {name} on the front-end board with a deadline of next Friday,"can you check if {natural_language_metric} was {more_or_less} than {threshold} at any time since {natural_language_date}? If so, make a backlog task called 'Improve {natural_language_metric}' for {name} on the front-end board with a deadline of next Friday",natural_language_date,October 20
multi_domain,113,If {natural_language_metric} was {more_or_less} than {threshold} at any time since {natural_language_date} make a backlog task called 'Improve {natural_language_metric}' for {name} on the front-end board with a deadline of next Friday,"can you check if {natural_language_metric} was {more_or_less} than {threshold} at any time since {natural_language_date}? If so, make a backlog task called 'Improve {natural_language_metric}' for {name} on the front-end board with a deadline of next Friday",name,luis
multi_domain,114,If {natural_language_metric} was {more_or_less} than {threshold} at any time since {natural_language_date} make a backlog task called 'Improve {natural_language_metric}' for {name} on the front-end board with a deadline of next Friday,"Was {natural_language_metric} {more_or_less} than {threshold} at any time since {natural_language_date}? If so, make a backlog task called 'Improve {natural_language_metric}' on the front-end board and assign it to for {name} with next Friday as the deadline",natural_language_metric,average session duration
multi_domain,114,If {natural_language_metric} was {more_or_less} than {threshold} at any time since {natural_language_date} make a backlog task called 'Improve {natural_language_metric}' for {name} on the front-end board with a deadline of next Friday,"Was {natural_language_metric} {more_or_less} than {threshold} at any time since {natural_language_date}? If so, make a backlog task called 'Improve {natural_language_metric}' on the front-end board and assign it to for {name} with next Friday as the deadline",more_or_less,more
multi_domain,114,If {natural_language_metric} was {more_or_less} than {threshold} at any time since {natural_language_date} make a backlog task called 'Improve {natural_language_metric}' for {name} on the front-end board with a deadline of next Friday,"Was {natural_language_metric} {more_or_less} than {threshold} at any time since {natural_language_date}? If so, make a backlog task called 'Improve {natural_language_metric}' on the front-end board and assign it to for {name} with next Friday as the deadline",threshold,41
multi_domain,114,If {natural_language_metric} was {more_or_less} than {threshold} at any time since {natural_language_date} make a backlog task called 'Improve {natural_language_metric}' for {name} on the front-end board with a deadline of next Friday,"Was {natural_language_metric} {more_or_less} than {threshold} at any time since {natural_language_date}? If so, make a backlog task called 'Improve {natural_language_metric}' on the front-end board and assign it to for {name} with next Friday as the deadline",natural_language_date,October 28
multi_domain,114,If {natural_language_metric} was {more_or_less} than {threshold} at any time since {natural_language_date} make a backlog task called 'Improve {natural_language_metric}' for {name} on the front-end board with a deadline of next Friday,"Was {natural_language_metric} {more_or_less} than {threshold} at any time since {natural_language_date}? If so, make a backlog task called 'Improve {natural_language_metric}' on the front-end board and assign it to for {name} with next Friday as the deadline",name,anaya
multi_domain,115,If {natural_language_metric} was {more_or_less} than {threshold} at any time since {natural_language_date} make a backlog task called 'Improve {natural_language_metric}' for {name} on the front-end board with a deadline of next Friday,"Was {natural_language_metric} {more_or_less} than {threshold} at any time since {natural_language_date}? If so, make a backlog task called 'Improve {natural_language_metric}' on the front-end board and assign it to for {name} with next Friday as the deadline",natural_language_metric,engaged users
multi_domain,115,If {natural_language_metric} was {more_or_less} than {threshold} at any time since {natural_language_date} make a backlog task called 'Improve {natural_language_metric}' for {name} on the front-end board with a deadline of next Friday,"Was {natural_language_metric} {more_or_less} than {threshold} at any time since {natural_language_date}? If so, make a backlog task called 'Improve {natural_language_metric}' on the front-end board and assign it to for {name} with next Friday as the deadline",more_or_less,more
multi_domain,115,If {natural_language_metric} was {more_or_less} than {threshold} at any time since {natural_language_date} make a backlog task called 'Improve {natural_language_metric}' for {name} on the front-end board with a deadline of next Friday,"Was {natural_language_metric} {more_or_less} than {threshold} at any time since {natural_language_date}? If so, make a backlog task called 'Improve {natural_language_metric}' on the front-end board and assign it to for {name} with next Friday as the deadline",threshold,11
multi_domain,115,If {natural_language_metric} was {more_or_less} than {threshold} at any time since {natural_language_date} make a backlog task called 'Improve {natural_language_metric}' for {name} on the front-end board with a deadline of next Friday,"Was {natural_language_metric} {more_or_less} than {threshold} at any time since {natural_language_date}? If so, make a backlog task called 'Improve {natural_language_metric}' on the front-end board and assign it to for {name} with next Friday as the deadline",natural_language_date,October 9
multi_domain,115,If {natural_language_metric} was {more_or_less} than {threshold} at any time since {natural_language_date} make a backlog task called 'Improve {natural_language_metric}' for {name} on the front-end board with a deadline of next Friday,"Was {natural_language_metric} {more_or_less} than {threshold} at any time since {natural_language_date}? If so, make a backlog task called 'Improve {natural_language_metric}' on the front-end board and assign it to for {name} with next Friday as the deadline",name,nia
multi_domain,116,If {natural_language_metric} was {more_or_less} than {threshold} at any time since {natural_language_date} make a backlog task called 'Improve {natural_language_metric}' for {name} on the front-end board with a deadline of next Friday,"can you check if {natural_language_metric} was {more_or_less} than {threshold} at any time since {natural_language_date}? If so, make a backlog task called 'Improve {natural_language_metric}' for {name} on the front-end board with a deadline of next Friday",natural_language_metric,average session duration
multi_domain,116,If {natural_language_metric} was {more_or_less} than {threshold} at any time since {natural_language_date} make a backlog task called 'Improve {natural_language_metric}' for {name} on the front-end board with a deadline of next Friday,"can you check if {natural_language_metric} was {more_or_less} than {threshold} at any time since {natural_language_date}? If so, make a backlog task called 'Improve {natural_language_metric}' for {name} on the front-end board with a deadline of next Friday",more_or_less,less
multi_domain,116,If {natural_language_metric} was {more_or_less} than {threshold} at any time since {natural_language_date} make a backlog task called 'Improve {natural_language_metric}' for {name} on the front-end board with a deadline of next Friday,"can you check if {natural_language_metric} was {more_or_less} than {threshold} at any time since {natural_language_date}? If so, make a backlog task called 'Improve {natural_language_metric}' for {name} on the front-end board with a deadline of next Friday",threshold,19
multi_domain,116,If {natural_language_metric} was {more_or_less} than {threshold} at any time since {natural_language_date} make a backlog task called 'Improve {natural_language_metric}' for {name} on the front-end board with a deadline of next Friday,"can you check if {natural_language_metric} was {more_or_less} than {threshold} at any time since {natural_language_date}? If so, make a backlog task called 'Improve {natural_language_metric}' for {name} on the front-end board with a deadline of next Friday",natural_language_date,October 20
multi_domain,116,If {natural_language_metric} was {more_or_less} than {threshold} at any time since {natural_language_date} make a backlog task called 'Improve {natural_language_metric}' for {name} on the front-end board with a deadline of next Friday,"can you check if {natural_language_metric} was {more_or_less} than {threshold} at any time since {natural_language_date}? If so, make a backlog task called 'Improve {natural_language_metric}' for {name} on the front-end board with a deadline of next Friday",name,anaya
multi_domain,117,If {natural_language_metric} was {more_or_less} than {threshold} at any time since {natural_language_date} make a backlog task called 'Improve {natural_language_metric}' for {name} on the front-end board with a deadline of next Friday,If {natural_language_metric} was {more_or_less} than {threshold} at any time since {natural_language_date} make a backlog task called 'Improve {natural_language_metric}' for {name} on the front-end board with a deadline of next Friday,natural_language_metric,total visits
multi_domain,117,If {natural_language_metric} was {more_or_less} than {threshold} at any time since {natural_language_date} make a backlog task called 'Improve {natural_language_metric}' for {name} on the front-end board with a deadline of next Friday,If {natural_language_metric} was {more_or_less} than {threshold} at any time since {natural_language_date} make a backlog task called 'Improve {natural_language_metric}' for {name} on the front-end board with a deadline of next Friday,more_or_less,more
multi_domain,117,If {natural_language_metric} was {more_or_less} than {threshold} at any time since {natural_language_date} make a backlog task called 'Improve {natural_language_metric}' for {name} on the front-end board with a deadline of next Friday,If {natural_language_metric} was {more_or_less} than {threshold} at any time since {natural_language_date} make a backlog task called 'Improve {natural_language_metric}' for {name} on the front-end board with a deadline of next Friday,threshold,21
multi_domain,117,If {natural_language_metric} was {more_or_less} than {threshold} at any time since {natural_language_date} make a backlog task called 'Improve {natural_language_metric}' for {name} on the front-end board with a deadline of next Friday,If {natural_language_metric} was {more_or_less} than {threshold} at any time since {natural_language_date} make a backlog task called 'Improve {natural_language_metric}' for {name} on the front-end board with a deadline of next Friday,natural_language_date,November 29
multi_domain,117,If {natural_language_metric} was {more_or_less} than {threshold} at any time since {natural_language_date} make a backlog task called 'Improve {natural_language_metric}' for {name} on the front-end board with a deadline of next Friday,If {natural_language_metric} was {more_or_less} than {threshold} at any time since {natural_language_date} make a backlog task called 'Improve {natural_language_metric}' for {name} on the front-end board with a deadline of next Friday,name,santiago
multi_domain,118,If {natural_language_metric} was {more_or_less} than {threshold} at any time since {natural_language_date} make a backlog task called 'Improve {natural_language_metric}' for {name} on the front-end board with a deadline of next Friday,"can you check if {natural_language_metric} was {more_or_less} than {threshold} at any time since {natural_language_date}? If so, make a backlog task called 'Improve {natural_language_metric}' for {name} on the front-end board with a deadline of next Friday",natural_language_metric,engaged users
multi_domain,118,If {natural_language_metric} was {more_or_less} than {threshold} at any time since {natural_language_date} make a backlog task called 'Improve {natural_language_metric}' for {name} on the front-end board with a deadline of next Friday,"can you check if {natural_language_metric} was {more_or_less} than {threshold} at any time since {natural_language_date}? If so, make a backlog task called 'Improve {natural_language_metric}' for {name} on the front-end board with a deadline of next Friday",more_or_less,more
multi_domain,118,If {natural_language_metric} was {more_or_less} than {threshold} at any time since {natural_language_date} make a backlog task called 'Improve {natural_language_metric}' for {name} on the front-end board with a deadline of next Friday,"can you check if {natural_language_metric} was {more_or_less} than {threshold} at any time since {natural_language_date}? If so, make a backlog task called 'Improve {natural_language_metric}' for {name} on the front-end board with a deadline of next Friday",threshold,5
multi_domain,118,If {natural_language_metric} was {more_or_less} than {threshold} at any time since {natural_language_date} make a backlog task called 'Improve {natural_language_metric}' for {name} on the front-end board with a deadline of next Friday,"can you check if {natural_language_metric} was {more_or_less} than {threshold} at any time since {natural_language_date}? If so, make a backlog task called 'Improve {natural_language_metric}' for {name} on the front-end board with a deadline of next Friday",natural_language_date,September 24
multi_domain,118,If {natural_language_metric} was {more_or_less} than {threshold} at any time since {natural_language_date} make a backlog task called 'Improve {natural_language_metric}' for {name} on the front-end board with a deadline of next Friday,"can you check if {natural_language_metric} was {more_or_less} than {threshold} at any time since {natural_language_date}? If so, make a backlog task called 'Improve {natural_language_metric}' for {name} on the front-end board with a deadline of next Friday",name,fatima
multi_domain,119,If {natural_language_metric} was {more_or_less} than {threshold} at any time since {natural_language_date} make a backlog task called 'Improve {natural_language_metric}' for {name} on the front-end board with a deadline of next Friday,If {natural_language_metric} was {more_or_less} than {threshold} at any time since {natural_language_date} make a backlog task called 'Improve {natural_language_metric}' for {name} on the front-end board with a deadline of next Friday,natural_language_metric,engaged users
multi_domain,119,If {natural_language_metric} was {more_or_less} than {threshold} at any time since {natural_language_date} make a backlog task called 'Improve {natural_language_metric}' for {name} on the front-end board with a deadline of next Friday,If {natural_language_metric} was {more_or_less} than {threshold} at any time since {natural_language_date} make a backlog task called 'Improve {natural_language_metric}' for {name} on the front-end board with a deadline of next Friday,more_or_less,less
multi_domain,119,If {natural_language_metric} was {more_or_less} than {threshold} at any time since {natural_language_date} make a backlog task called 'Improve {natural_language_metric}' for {name} on the front-end board with a deadline of next Friday,If {natural_language_metric} was {more_or_less} than {threshold} at any time since {natural_language_date} make a backlog task called 'Improve {natural_language_metric}' for {name} on the front-end board with a deadline of next Friday,threshold,5
multi_domain,119,If {natural_language_metric} was {more_or_less} than {threshold} at any time since {natural_language_date} make a backlog task called 'Improve {natural_language_metric}' for {name} on the front-end board with a deadline of next Friday,If {natural_language_metric} was {more_or_less} than {threshold} at any time since {natural_language_date} make a backlog task called 'Improve {natural_language_metric}' for {name} on the front-end board with a deadline of next Friday,natural_language_date,November 22
multi_domain,119,If {natural_language_metric} was {more_or_less} than {threshold} at any time since {natural_language_date} make a backlog task called 'Improve {natural_language_metric}' for {name} on the front-end board with a deadline of next Friday,If {natural_language_metric} was {more_or_less} than {threshold} at any time since {natural_language_date} make a backlog task called 'Improve {natural_language_metric}' for {name} on the front-end board with a deadline of next Friday,name,dmitri
multi_domain,120,If {natural_language_metric} was {more_or_less} than {threshold} at any time since {natural_language_date} make a backlog task called 'Improve {natural_language_metric}' on the front-end board with a deadline of next Friday for the person with the most completed front end tasks,If {natural_language_metric} was {more_or_less} than {threshold} at any time since {natural_language_date} make a backlog task called 'Improve {natural_language_metric}' on the front-end board with a deadline of next Friday for the person with the most completed front end tasks,natural_language_metric,average session duration
multi_domain,120,If {natural_language_metric} was {more_or_less} than {threshold} at any time since {natural_language_date} make a backlog task called 'Improve {natural_language_metric}' on the front-end board with a deadline of next Friday for the person with the most completed front end tasks,If {natural_language_metric} was {more_or_less} than {threshold} at any time since {natural_language_date} make a backlog task called 'Improve {natural_language_metric}' on the front-end board with a deadline of next Friday for the person with the most completed front end tasks,more_or_less,more
multi_domain,120,If {natural_language_metric} was {more_or_less} than {threshold} at any time since {natural_language_date} make a backlog task called 'Improve {natural_language_metric}' on the front-end board with a deadline of next Friday for the person with the most completed front end tasks,If {natural_language_metric} was {more_or_less} than {threshold} at any time since {natural_language_date} make a backlog task called 'Improve {natural_language_metric}' on the front-end board with a deadline of next Friday for the person with the most completed front end tasks,threshold,19
multi_domain,120,If {natural_language_metric} was {more_or_less} than {threshold} at any time since {natural_language_date} make a backlog task called 'Improve {natural_language_metric}' on the front-end board with a deadline of next Friday for the person with the most completed front end tasks,If {natural_language_metric} was {more_or_less} than {threshold} at any time since {natural_language_date} make a backlog task called 'Improve {natural_language_metric}' on the front-end board with a deadline of next Friday for the person with the most completed front end tasks,natural_language_date,November 27
multi_domain,121,If {natural_language_metric} was {more_or_less} than {threshold} at any time since {natural_language_date} make a backlog task called 'Improve {natural_language_metric}' on the front-end board with a deadline of next Friday for the person with the most completed front end tasks,If {natural_language_metric} was {more_or_less} than {threshold} at any time since {natural_language_date} make a backlog task called 'Improve {natural_language_metric}' on the front-end board with a deadline of next Friday for the person with the most completed front end tasks,natural_language_metric,average session duration
multi_domain,121,If {natural_language_metric} was {more_or_less} than {threshold} at any time since {natural_language_date} make a backlog task called 'Improve {natural_language_metric}' on the front-end board with a deadline of next Friday for the person with the most completed front end tasks,If {natural_language_metric} was {more_or_less} than {threshold} at any time since {natural_language_date} make a backlog task called 'Improve {natural_language_metric}' on the front-end board with a deadline of next Friday for the person with the most completed front end tasks,more_or_less,more
multi_domain,121,If {natural_language_metric} was {more_or_less} than {threshold} at any time since {natural_language_date} make a backlog task called 'Improve {natural_language_metric}' on the front-end board with a deadline of next Friday for the person with the most completed front end tasks,If {natural_language_metric} was {more_or_less} than {threshold} at any time since {natural_language_date} make a backlog task called 'Improve {natural_language_metric}' on the front-end board with a deadline of next Friday for the person with the most completed front end tasks,threshold,41
multi_domain,121,If {natural_language_metric} was {more_or_less} than {threshold} at any time since {natural_language_date} make a backlog task called 'Improve {natural_language_metric}' on the front-end board with a deadline of next Friday for the person with the most completed front end tasks,If {natural_language_metric} was {more_or_less} than {threshold} at any time since {natural_language_date} make a backlog task called 'Improve {natural_language_metric}' on the front-end board with a deadline of next Friday for the person with the most completed front end tasks,natural_language_date,October 3
multi_domain,122,If {natural_language_metric} was {more_or_less} than {threshold} at any time since {natural_language_date} make a backlog task called 'Improve {natural_language_metric}' on the front-end board with a deadline of next Friday for the person with the most completed front end tasks,"can you check if {natural_language_metric} was {more_or_less} than {threshold} at any time since {natural_language_date}? If so, make a backlog task called 'Improve {natural_language_metric}' due next Friday on the front-end board and assign it to the person with the most completed front end tasks",natural_language_metric,average session duration
multi_domain,122,If {natural_language_metric} was {more_or_less} than {threshold} at any time since {natural_language_date} make a backlog task called 'Improve {natural_language_metric}' on the front-end board with a deadline of next Friday for the person with the most completed front end tasks,"can you check if {natural_language_metric} was {more_or_less} than {threshold} at any time since {natural_language_date}? If so, make a backlog task called 'Improve {natural_language_metric}' due next Friday on the front-end board and assign it to the person with the most completed front end tasks",more_or_less,less
multi_domain,122,If {natural_language_metric} was {more_or_less} than {threshold} at any time since {natural_language_date} make a backlog task called 'Improve {natural_language_metric}' on the front-end board with a deadline of next Friday for the person with the most completed front end tasks,"can you check if {natural_language_metric} was {more_or_less} than {threshold} at any time since {natural_language_date}? If so, make a backlog task called 'Improve {natural_language_metric}' due next Friday on the front-end board and assign it to the person with the most completed front end tasks",threshold,41
multi_domain,122,If {natural_language_metric} was {more_or_less} than {threshold} at any time since {natural_language_date} make a backlog task called 'Improve {natural_language_metric}' on the front-end board with a deadline of next Friday for the person with the most completed front end tasks,"can you check if {natural_language_metric} was {more_or_less} than {threshold} at any time since {natural_language_date}? If so, make a backlog task called 'Improve {natural_language_metric}' due next Friday on the front-end board and assign it to the person with the most completed front end tasks",natural_language_date,October 7
multi_domain,123,If {natural_language_metric} was {more_or_less} than {threshold} at any time since {natural_language_date} make a backlog task called 'Improve {natural_language_metric}' on the front-end board with a deadline of next Friday for the person with the most completed front end tasks,If {natural_language_metric} was {more_or_less} than {threshold} at any time since {natural_language_date} make a backlog task called 'Improve {natural_language_metric}' on the front-end board with a deadline of next Friday for the person with the most completed front end tasks,natural_language_metric,engaged users
multi_domain,123,If {natural_language_metric} was {more_or_less} than {threshold} at any time since {natural_language_date} make a backlog task called 'Improve {natural_language_metric}' on the front-end board with a deadline of next Friday for the person with the most completed front end tasks,If {natural_language_metric} was {more_or_less} than {threshold} at any time since {natural_language_date} make a backlog task called 'Improve {natural_language_metric}' on the front-end board with a deadline of next Friday for the person with the most completed front end tasks,more_or_less,more
multi_domain,123,If {natural_language_metric} was {more_or_less} than {threshold} at any time since {natural_language_date} make a backlog task called 'Improve {natural_language_metric}' on the front-end board with a deadline of next Friday for the person with the most completed front end tasks,If {natural_language_metric} was {more_or_less} than {threshold} at any time since {natural_language_date} make a backlog task called 'Improve {natural_language_metric}' on the front-end board with a deadline of next Friday for the person with the most completed front end tasks,threshold,11
multi_domain,123,If {natural_language_metric} was {more_or_less} than {threshold} at any time since {natural_language_date} make a backlog task called 'Improve {natural_language_metric}' on the front-end board with a deadline of next Friday for the person with the most completed front end tasks,If {natural_language_metric} was {more_or_less} than {threshold} at any time since {natural_language_date} make a backlog task called 'Improve {natural_language_metric}' on the front-end board with a deadline of next Friday for the person with the most completed front end tasks,natural_language_date,October 12
multi_domain,124,If {natural_language_metric} was {more_or_less} than {threshold} at any time since {natural_language_date} make a backlog task called 'Improve {natural_language_metric}' on the front-end board with a deadline of next Friday for the person with the most completed front end tasks,If {natural_language_metric} was {more_or_less} than {threshold} at any time since {natural_language_date} make a backlog task called 'Improve {natural_language_metric}' on the front-end board with a deadline of next Friday for the person with the most completed front end tasks,natural_language_metric,engaged users
multi_domain,124,If {natural_language_metric} was {more_or_less} than {threshold} at any time since {natural_language_date} make a backlog task called 'Improve {natural_language_metric}' on the front-end board with a deadline of next Friday for the person with the most completed front end tasks,If {natural_language_metric} was {more_or_less} than {threshold} at any time since {natural_language_date} make a backlog task called 'Improve {natural_language_metric}' on the front-end board with a deadline of next Friday for the person with the most completed front end tasks,more_or_less,less
multi_domain,124,If {natural_language_metric} was {more_or_less} than {threshold} at any time since {natural_language_date} make a backlog task called 'Improve {natural_language_metric}' on the front-end board with a deadline of next Friday for the person with the most completed front end tasks,If {natural_language_metric} was {more_or_less} than {threshold} at any time since {natural_language_date} make a backlog task called 'Improve {natural_language_metric}' on the front-end board with a deadline of next Friday for the person with the most completed front end tasks,threshold,1
multi_domain,124,If {natural_language_metric} was {more_or_less} than {threshold} at any time since {natural_language_date} make a backlog task called 'Improve {natural_language_metric}' on the front-end board with a deadline of next Friday for the person with the most completed front end tasks,If {natural_language_metric} was {more_or_less} than {threshold} at any time since {natural_language_date} make a backlog task called 'Improve {natural_language_metric}' on the front-end board with a deadline of next Friday for the person with the most completed front end tasks,natural_language_date,November 16
multi_domain,125,If {natural_language_metric} was {more_or_less} than {threshold} at any time since {natural_language_date} make a backlog task called 'Improve {natural_language_metric}' on the front-end board with a deadline of next Friday for the person with the most completed front end tasks,Was {natural_language_metric} {more_or_less} than {threshold} at any time since {natural_language_date}? We need to fix this by next Friday if so - make a backlog task called 'Improve {natural_language_metric}' on the front-end board and assign it to the person with the most completed front end tasks,natural_language_metric,engaged users
multi_domain,125,If {natural_language_metric} was {more_or_less} than {threshold} at any time since {natural_language_date} make a backlog task called 'Improve {natural_language_metric}' on the front-end board with a deadline of next Friday for the person with the most completed front end tasks,Was {natural_language_metric} {more_or_less} than {threshold} at any time since {natural_language_date}? We need to fix this by next Friday if so - make a backlog task called 'Improve {natural_language_metric}' on the front-end board and assign it to the person with the most completed front end tasks,more_or_less,more
multi_domain,125,If {natural_language_metric} was {more_or_less} than {threshold} at any time since {natural_language_date} make a backlog task called 'Improve {natural_language_metric}' on the front-end board with a deadline of next Friday for the person with the most completed front end tasks,Was {natural_language_metric} {more_or_less} than {threshold} at any time since {natural_language_date}? We need to fix this by next Friday if so - make a backlog task called 'Improve {natural_language_metric}' on the front-end board and assign it to the person with the most completed front end tasks,threshold,11
multi_domain,125,If {natural_language_metric} was {more_or_less} than {threshold} at any time since {natural_language_date} make a backlog task called 'Improve {natural_language_metric}' on the front-end board with a deadline of next Friday for the person with the most completed front end tasks,Was {natural_language_metric} {more_or_less} than {threshold} at any time since {natural_language_date}? We need to fix this by next Friday if so - make a backlog task called 'Improve {natural_language_metric}' on the front-end board and assign it to the person with the most completed front end tasks,natural_language_date,September 28
multi_domain,126,If {natural_language_metric} was {more_or_less} than {threshold} at any time since {natural_language_date} make a backlog task called 'Improve {natural_language_metric}' on the front-end board with a deadline of next Friday for the person with the most completed front end tasks,"can you check if {natural_language_metric} was {more_or_less} than {threshold} at any time since {natural_language_date}? If so, make a backlog task called 'Improve {natural_language_metric}' due next Friday on the front-end board and assign it to the person with the most completed front end tasks",natural_language_metric,average session duration
multi_domain,126,If {natural_language_metric} was {more_or_less} than {threshold} at any time since {natural_language_date} make a backlog task called 'Improve {natural_language_metric}' on the front-end board with a deadline of next Friday for the person with the most completed front end tasks,"can you check if {natural_language_metric} was {more_or_less} than {threshold} at any time since {natural_language_date}? If so, make a backlog task called 'Improve {natural_language_metric}' due next Friday on the front-end board and assign it to the person with the most completed front end tasks",more_or_less,less
multi_domain,126,If {natural_language_metric} was {more_or_less} than {threshold} at any time since {natural_language_date} make a backlog task called 'Improve {natural_language_metric}' on the front-end board with a deadline of next Friday for the person with the most completed front end tasks,"can you check if {natural_language_metric} was {more_or_less} than {threshold} at any time since {natural_language_date}? If so, make a backlog task called 'Improve {natural_language_metric}' due next Friday on the front-end board and assign it to the person with the most completed front end tasks",threshold,41
multi_domain,126,If {natural_language_metric} was {more_or_less} than {threshold} at any time since {natural_language_date} make a backlog task called 'Improve {natural_language_metric}' on the front-end board with a deadline of next Friday for the person with the most completed front end tasks,"can you check if {natural_language_metric} was {more_or_less} than {threshold} at any time since {natural_language_date}? If so, make a backlog task called 'Improve {natural_language_metric}' due next Friday on the front-end board and assign it to the person with the most completed front end tasks",natural_language_date,September 1
multi_domain,127,If {natural_language_metric} was {more_or_less} than {threshold} at any time since {natural_language_date} make a backlog task called 'Improve {natural_language_metric}' on the front-end board with a deadline of next Friday for the person with the most completed front end tasks,"can you check if {natural_language_metric} was {more_or_less} than {threshold} at any time since {natural_language_date}? If so, make a backlog task called 'Improve {natural_language_metric}' due next Friday on the front-end board and assign it to the person with the most completed front end tasks",natural_language_metric,engaged users
multi_domain,127,If {natural_language_metric} was {more_or_less} than {threshold} at any time since {natural_language_date} make a backlog task called 'Improve {natural_language_metric}' on the front-end board with a deadline of next Friday for the person with the most completed front end tasks,"can you check if {natural_language_metric} was {more_or_less} than {threshold} at any time since {natural_language_date}? If so, make a backlog task called 'Improve {natural_language_metric}' due next Friday on the front-end board and assign it to the person with the most completed front end tasks",more_or_less,less
multi_domain,127,If {natural_language_metric} was {more_or_less} than {threshold} at any time since {natural_language_date} make a backlog task called 'Improve {natural_language_metric}' on the front-end board with a deadline of next Friday for the person with the most completed front end tasks,"can you check if {natural_language_metric} was {more_or_less} than {threshold} at any time since {natural_language_date}? If so, make a backlog task called 'Improve {natural_language_metric}' due next Friday on the front-end board and assign it to the person with the most completed front end tasks",threshold,5
multi_domain,127,If {natural_language_metric} was {more_or_less} than {threshold} at any time since {natural_language_date} make a backlog task called 'Improve {natural_language_metric}' on the front-end board with a deadline of next Friday for the person with the most completed front end tasks,"can you check if {natural_language_metric} was {more_or_less} than {threshold} at any time since {natural_language_date}? If so, make a backlog task called 'Improve {natural_language_metric}' due next Friday on the front-end board and assign it to the person with the most completed front end tasks",natural_language_date,September 17
multi_domain,128,If {natural_language_metric} was {more_or_less} than {threshold} at any time since {natural_language_date} make a backlog task called 'Improve {natural_language_metric}' on the front-end board with a deadline of next Friday for the person with the most completed front end tasks,Was {natural_language_metric} {more_or_less} than {threshold} at any time since {natural_language_date}? We need to fix this by next Friday if so - make a backlog task called 'Improve {natural_language_metric}' on the front-end board and assign it to the person with the most completed front end tasks,natural_language_metric,total visits
multi_domain,128,If {natural_language_metric} was {more_or_less} than {threshold} at any time since {natural_language_date} make a backlog task called 'Improve {natural_language_metric}' on the front-end board with a deadline of next Friday for the person with the most completed front end tasks,Was {natural_language_metric} {more_or_less} than {threshold} at any time since {natural_language_date}? We need to fix this by next Friday if so - make a backlog task called 'Improve {natural_language_metric}' on the front-end board and assign it to the person with the most completed front end tasks,more_or_less,more
multi_domain,128,If {natural_language_metric} was {more_or_less} than {threshold} at any time since {natural_language_date} make a backlog task called 'Improve {natural_language_metric}' on the front-end board with a deadline of next Friday for the person with the most completed front end tasks,Was {natural_language_metric} {more_or_less} than {threshold} at any time since {natural_language_date}? We need to fix this by next Friday if so - make a backlog task called 'Improve {natural_language_metric}' on the front-end board and assign it to the person with the most completed front end tasks,threshold,10
multi_domain,128,If {natural_language_metric} was {more_or_less} than {threshold} at any time since {natural_language_date} make a backlog task called 'Improve {natural_language_metric}' on the front-end board with a deadline of next Friday for the person with the most completed front end tasks,Was {natural_language_metric} {more_or_less} than {threshold} at any time since {natural_language_date}? We need to fix this by next Friday if so - make a backlog task called 'Improve {natural_language_metric}' on the front-end board and assign it to the person with the most completed front end tasks,natural_language_date,October 15
multi_domain,129,If {natural_language_metric} was {more_or_less} than {threshold} at any time since {natural_language_date} make a backlog task called 'Improve {natural_language_metric}' on the front-end board with a deadline of next Friday for the person with the most completed front end tasks,If {natural_language_metric} was {more_or_less} than {threshold} at any time since {natural_language_date} make a backlog task called 'Improve {natural_language_metric}' on the front-end board with a deadline of next Friday for the person with the most completed front end tasks,natural_language_metric,total visits
multi_domain,129,If {natural_language_metric} was {more_or_less} than {threshold} at any time since {natural_language_date} make a backlog task called 'Improve {natural_language_metric}' on the front-end board with a deadline of next Friday for the person with the most completed front end tasks,If {natural_language_metric} was {more_or_less} than {threshold} at any time since {natural_language_date} make a backlog task called 'Improve {natural_language_metric}' on the front-end board with a deadline of next Friday for the person with the most completed front end tasks,more_or_less,less
multi_domain,129,If {natural_language_metric} was {more_or_less} than {threshold} at any time since {natural_language_date} make a backlog task called 'Improve {natural_language_metric}' on the front-end board with a deadline of next Friday for the person with the most completed front end tasks,If {natural_language_metric} was {more_or_less} than {threshold} at any time since {natural_language_date} make a backlog task called 'Improve {natural_language_metric}' on the front-end board with a deadline of next Friday for the person with the most completed front end tasks,threshold,21
multi_domain,129,If {natural_language_metric} was {more_or_less} than {threshold} at any time since {natural_language_date} make a backlog task called 'Improve {natural_language_metric}' on the front-end board with a deadline of next Friday for the person with the most completed front end tasks,If {natural_language_metric} was {more_or_less} than {threshold} at any time since {natural_language_date} make a backlog task called 'Improve {natural_language_metric}' on the front-end board with a deadline of next Friday for the person with the most completed front end tasks,natural_language_date,October 27
multi_domain,130,Check the percent growth of {natural_language_metric} since {day_of_week} and if was more than {natural_language_metric_2} make a backlog task called 'Improve {natural_language_metric_2}' for {name} on the front-end board with a deadline of next Friday,Check the percent growth of {natural_language_metric} since {day_of_week} and if was more than {natural_language_metric_2} make a backlog task called 'Improve {natural_language_metric_2}' for {name} on the front-end board with a deadline of next Friday,natural_language_metric,average session duration
multi_domain,130,Check the percent growth of {natural_language_metric} since {day_of_week} and if was more than {natural_language_metric_2} make a backlog task called 'Improve {natural_language_metric_2}' for {name} on the front-end board with a deadline of next Friday,Check the percent growth of {natural_language_metric} since {day_of_week} and if was more than {natural_language_metric_2} make a backlog task called 'Improve {natural_language_metric_2}' for {name} on the front-end board with a deadline of next Friday,day_of_week,Sunday
multi_domain,130,Check the percent growth of {natural_language_metric} since {day_of_week} and if was more than {natural_language_metric_2} make a backlog task called 'Improve {natural_language_metric_2}' for {name} on the front-end board with a deadline of next Friday,Check the percent growth of {natural_language_metric} since {day_of_week} and if was more than {natural_language_metric_2} make a backlog task called 'Improve {natural_language_metric_2}' for {name} on the front-end board with a deadline of next Friday,natural_language_metric_2,engaged users
multi_domain,130,Check the percent growth of {natural_language_metric} since {day_of_week} and if was more than {natural_language_metric_2} make a backlog task called 'Improve {natural_language_metric_2}' for {name} on the front-end board with a deadline of next Friday,Check the percent growth of {natural_language_metric} since {day_of_week} and if was more than {natural_language_metric_2} make a backlog task called 'Improve {natural_language_metric_2}' for {name} on the front-end board with a deadline of next Friday,name,chenwei
multi_domain,131,Check the percent growth of {natural_language_metric} since {day_of_week} and if was more than {natural_language_metric_2} make a backlog task called 'Improve {natural_language_metric_2}' for {name} on the front-end board with a deadline of next Friday,can you check the percent growth of {natural_language_metric} since {day_of_week}? If it grew by more than {natural_language_metric_2} make a task called 'Improve {natural_language_metric_2}' on the front-end backlog for {name} that's due next Friday,natural_language_metric,engaged users
multi_domain,131,Check the percent growth of {natural_language_metric} since {day_of_week} and if was more than {natural_language_metric_2} make a backlog task called 'Improve {natural_language_metric_2}' for {name} on the front-end board with a deadline of next Friday,can you check the percent growth of {natural_language_metric} since {day_of_week}? If it grew by more than {natural_language_metric_2} make a task called 'Improve {natural_language_metric_2}' on the front-end backlog for {name} that's due next Friday,day_of_week,Wednesday
multi_domain,131,Check the percent growth of {natural_language_metric} since {day_of_week} and if was more than {natural_language_metric_2} make a backlog task called 'Improve {natural_language_metric_2}' for {name} on the front-end board with a deadline of next Friday,can you check the percent growth of {natural_language_metric} since {day_of_week}? If it grew by more than {natural_language_metric_2} make a task called 'Improve {natural_language_metric_2}' on the front-end backlog for {name} that's due next Friday,natural_language_metric_2,total visits
multi_domain,131,Check the percent growth of {natural_language_metric} since {day_of_week} and if was more than {natural_language_metric_2} make a backlog task called 'Improve {natural_language_metric_2}' for {name} on the front-end board with a deadline of next Friday,can you check the percent growth of {natural_language_metric} since {day_of_week}? If it grew by more than {natural_language_metric_2} make a task called 'Improve {natural_language_metric_2}' on the front-end backlog for {name} that's due next Friday,name,olga
multi_domain,132,Check the percent growth of {natural_language_metric} since {day_of_week} and if was more than {natural_language_metric_2} make a backlog task called 'Improve {natural_language_metric_2}' for {name} on the front-end board with a deadline of next Friday,Check the percent growth of {natural_language_metric} since {day_of_week} and if was more than {natural_language_metric_2} make a backlog task called 'Improve {natural_language_metric_2}' for {name} on the front-end board with a deadline of next Friday,natural_language_metric,average session duration
multi_domain,132,Check the percent growth of {natural_language_metric} since {day_of_week} and if was more than {natural_language_metric_2} make a backlog task called 'Improve {natural_language_metric_2}' for {name} on the front-end board with a deadline of next Friday,Check the percent growth of {natural_language_metric} since {day_of_week} and if was more than {natural_language_metric_2} make a backlog task called 'Improve {natural_language_metric_2}' for {name} on the front-end board with a deadline of next Friday,day_of_week,Monday
multi_domain,132,Check the percent growth of {natural_language_metric} since {day_of_week} and if was more than {natural_language_metric_2} make a backlog task called 'Improve {natural_language_metric_2}' for {name} on the front-end board with a deadline of next Friday,Check the percent growth of {natural_language_metric} since {day_of_week} and if was more than {natural_language_metric_2} make a backlog task called 'Improve {natural_language_metric_2}' for {name} on the front-end board with a deadline of next Friday,natural_language_metric_2,total visits
multi_domain,132,Check the percent growth of {natural_language_metric} since {day_of_week} and if was more than {natural_language_metric_2} make a backlog task called 'Improve {natural_language_metric_2}' for {name} on the front-end board with a deadline of next Friday,Check the percent growth of {natural_language_metric} since {day_of_week} and if was more than {natural_language_metric_2} make a backlog task called 'Improve {natural_language_metric_2}' for {name} on the front-end board with a deadline of next Friday,name,amir
multi_domain,133,Check the percent growth of {natural_language_metric} since {day_of_week} and if was more than {natural_language_metric_2} make a backlog task called 'Improve {natural_language_metric_2}' for {name} on the front-end board with a deadline of next Friday,Check the percent growth of {natural_language_metric} since {day_of_week} and if was more than {natural_language_metric_2} make a backlog task called 'Improve {natural_language_metric_2}' for {name} on the front-end board with a deadline of next Friday,natural_language_metric,engaged users
multi_domain,133,Check the percent growth of {natural_language_metric} since {day_of_week} and if was more than {natural_language_metric_2} make a backlog task called 'Improve {natural_language_metric_2}' for {name} on the front-end board with a deadline of next Friday,Check the percent growth of {natural_language_metric} since {day_of_week} and if was more than {natural_language_metric_2} make a backlog task called 'Improve {natural_language_metric_2}' for {name} on the front-end board with a deadline of next Friday,day_of_week,Saturday
multi_domain,133,Check the percent growth of {natural_language_metric} since {day_of_week} and if was more than {natural_language_metric_2} make a backlog task called 'Improve {natural_language_metric_2}' for {name} on the front-end board with a deadline of next Friday,Check the percent growth of {natural_language_metric} since {day_of_week} and if was more than {natural_language_metric_2} make a backlog task called 'Improve {natural_language_metric_2}' for {name} on the front-end board with a deadline of next Friday,natural_language_metric_2,total visits
multi_domain,133,Check the percent growth of {natural_language_metric} since {day_of_week} and if was more than {natural_language_metric_2} make a backlog task called 'Improve {natural_language_metric_2}' for {name} on the front-end board with a deadline of next Friday,Check the percent growth of {natural_language_metric} since {day_of_week} and if was more than {natural_language_metric_2} make a backlog task called 'Improve {natural_language_metric_2}' for {name} on the front-end board with a deadline of next Friday,name,olga
multi_domain,134,Check the percent growth of {natural_language_metric} since {day_of_week} and if was more than {natural_language_metric_2} make a backlog task called 'Improve {natural_language_metric_2}' for {name} on the front-end board with a deadline of next Friday,can you check the percent growth of {natural_language_metric} since {day_of_week}? If it grew by more than {natural_language_metric_2} make a task called 'Improve {natural_language_metric_2}' on the front-end backlog for {name} that's due next Friday,natural_language_metric,average session duration
multi_domain,134,Check the percent growth of {natural_language_metric} since {day_of_week} and if was more than {natural_language_metric_2} make a backlog task called 'Improve {natural_language_metric_2}' for {name} on the front-end board with a deadline of next Friday,can you check the percent growth of {natural_language_metric} since {day_of_week}? If it grew by more than {natural_language_metric_2} make a task called 'Improve {natural_language_metric_2}' on the front-end backlog for {name} that's due next Friday,day_of_week,Friday
multi_domain,134,Check the percent growth of {natural_language_metric} since {day_of_week} and if was more than {natural_language_metric_2} make a backlog task called 'Improve {natural_language_metric_2}' for {name} on the front-end board with a deadline of next Friday,can you check the percent growth of {natural_language_metric} since {day_of_week}? If it grew by more than {natural_language_metric_2} make a task called 'Improve {natural_language_metric_2}' on the front-end backlog for {name} that's due next Friday,natural_language_metric_2,total visits
multi_domain,134,Check the percent growth of {natural_language_metric} since {day_of_week} and if was more than {natural_language_metric_2} make a backlog task called 'Improve {natural_language_metric_2}' for {name} on the front-end board with a deadline of next Friday,can you check the percent growth of {natural_language_metric} since {day_of_week}? If it grew by more than {natural_language_metric_2} make a task called 'Improve {natural_language_metric_2}' on the front-end backlog for {name} that's due next Friday,name,olga
multi_domain,135,Check the percent growth of {natural_language_metric} since {day_of_week} and if was more than {natural_language_metric_2} make a backlog task called 'Improve {natural_language_metric_2}' for {name} on the front-end board with a deadline of next Friday,Check the percent growth of {natural_language_metric} since {day_of_week} and if was more than {natural_language_metric_2} make a backlog task called 'Improve {natural_language_metric_2}' for {name} on the front-end board with a deadline of next Friday,natural_language_metric,average session duration
multi_domain,135,Check the percent growth of {natural_language_metric} since {day_of_week} and if was more than {natural_language_metric_2} make a backlog task called 'Improve {natural_language_metric_2}' for {name} on the front-end board with a deadline of next Friday,Check the percent growth of {natural_language_metric} since {day_of_week} and if was more than {natural_language_metric_2} make a backlog task called 'Improve {natural_language_metric_2}' for {name} on the front-end board with a deadline of next Friday,day_of_week,Tuesday
multi_domain,135,Check the percent growth of {natural_language_metric} since {day_of_week} and if was more than {natural_language_metric_2} make a backlog task called 'Improve {natural_language_metric_2}' for {name} on the front-end board with a deadline of next Friday,Check the percent growth of {natural_language_metric} since {day_of_week} and if was more than {natural_language_metric_2} make a backlog task called 'Improve {natural_language_metric_2}' for {name} on the front-end board with a deadline of next Friday,natural_language_metric_2,total visits
multi_domain,135,Check the percent growth of {natural_language_metric} since {day_of_week} and if was more than {natural_language_metric_2} make a backlog task called 'Improve {natural_language_metric_2}' for {name} on the front-end board with a deadline of next Friday,Check the percent growth of {natural_language_metric} since {day_of_week} and if was more than {natural_language_metric_2} make a backlog task called 'Improve {natural_language_metric_2}' for {name} on the front-end board with a deadline of next Friday,name,olga
multi_domain,136,Check the percent growth of {natural_language_metric} since {day_of_week} and if was more than {natural_language_metric_2} make a backlog task called 'Improve {natural_language_metric_2}' for {name} on the front-end board with a deadline of next Friday,I need to check the percent growth of {natural_language_metric} since {day_of_week}. If it grew by more than {natural_language_metric_2} make a backlog task called 'Improve {natural_language_metric_2}' for {name} on the front-end board with a deadline of next Friday,natural_language_metric,average session duration
multi_domain,136,Check the percent growth of {natural_language_metric} since {day_of_week} and if was more than {natural_language_metric_2} make a backlog task called 'Improve {natural_language_metric_2}' for {name} on the front-end board with a deadline of next Friday,I need to check the percent growth of {natural_language_metric} since {day_of_week}. If it grew by more than {natural_language_metric_2} make a backlog task called 'Improve {natural_language_metric_2}' for {name} on the front-end board with a deadline of next Friday,day_of_week,Monday
multi_domain,136,Check the percent growth of {natural_language_metric} since {day_of_week} and if was more than {natural_language_metric_2} make a backlog task called 'Improve {natural_language_metric_2}' for {name} on the front-end board with a deadline of next Friday,I need to check the percent growth of {natural_language_metric} since {day_of_week}. If it grew by more than {natural_language_metric_2} make a backlog task called 'Improve {natural_language_metric_2}' for {name} on the front-end board with a deadline of next Friday,natural_language_metric_2,engaged users
multi_domain,136,Check the percent growth of {natural_language_metric} since {day_of_week} and if was more than {natural_language_metric_2} make a backlog task called 'Improve {natural_language_metric_2}' for {name} on the front-end board with a deadline of next Friday,I need to check the percent growth of {natural_language_metric} since {day_of_week}. If it grew by more than {natural_language_metric_2} make a backlog task called 'Improve {natural_language_metric_2}' for {name} on the front-end board with a deadline of next Friday,name,kofi
multi_domain,137,Check the percent growth of {natural_language_metric} since {day_of_week} and if was more than {natural_language_metric_2} make a backlog task called 'Improve {natural_language_metric_2}' for {name} on the front-end board with a deadline of next Friday,can you check the percent growth of {natural_language_metric} since {day_of_week}? If it grew by more than {natural_language_metric_2} make a task called 'Improve {natural_language_metric_2}' on the front-end backlog for {name} that's due next Friday,natural_language_metric,total visits
multi_domain,137,Check the percent growth of {natural_language_metric} since {day_of_week} and if was more than {natural_language_metric_2} make a backlog task called 'Improve {natural_language_metric_2}' for {name} on the front-end board with a deadline of next Friday,can you check the percent growth of {natural_language_metric} since {day_of_week}? If it grew by more than {natural_language_metric_2} make a task called 'Improve {natural_language_metric_2}' on the front-end backlog for {name} that's due next Friday,day_of_week,Monday
multi_domain,137,Check the percent growth of {natural_language_metric} since {day_of_week} and if was more than {natural_language_metric_2} make a backlog task called 'Improve {natural_language_metric_2}' for {name} on the front-end board with a deadline of next Friday,can you check the percent growth of {natural_language_metric} since {day_of_week}? If it grew by more than {natural_language_metric_2} make a task called 'Improve {natural_language_metric_2}' on the front-end backlog for {name} that's due next Friday,natural_language_metric_2,engaged users
multi_domain,137,Check the percent growth of {natural_language_metric} since {day_of_week} and if was more than {natural_language_metric_2} make a backlog task called 'Improve {natural_language_metric_2}' for {name} on the front-end board with a deadline of next Friday,can you check the percent growth of {natural_language_metric} since {day_of_week}? If it grew by more than {natural_language_metric_2} make a task called 'Improve {natural_language_metric_2}' on the front-end backlog for {name} that's due next Friday,name,santiago
multi_domain,138,Check the percent growth of {natural_language_metric} since {day_of_week} and if was more than {natural_language_metric_2} make a backlog task called 'Improve {natural_language_metric_2}' for {name} on the front-end board with a deadline of next Friday,I need to check the percent growth of {natural_language_metric} since {day_of_week}. If it grew by more than {natural_language_metric_2} make a backlog task called 'Improve {natural_language_metric_2}' for {name} on the front-end board with a deadline of next Friday,natural_language_metric,total visits
multi_domain,138,Check the percent growth of {natural_language_metric} since {day_of_week} and if was more than {natural_language_metric_2} make a backlog task called 'Improve {natural_language_metric_2}' for {name} on the front-end board with a deadline of next Friday,I need to check the percent growth of {natural_language_metric} since {day_of_week}. If it grew by more than {natural_language_metric_2} make a backlog task called 'Improve {natural_language_metric_2}' for {name} on the front-end board with a deadline of next Friday,day_of_week,Sunday
multi_domain,138,Check the percent growth of {natural_language_metric} since {day_of_week} and if was more than {natural_language_metric_2} make a backlog task called 'Improve {natural_language_metric_2}' for {name} on the front-end board with a deadline of next Friday,I need to check the percent growth of {natural_language_metric} since {day_of_week}. If it grew by more than {natural_language_metric_2} make a backlog task called 'Improve {natural_language_metric_2}' for {name} on the front-end board with a deadline of next Friday,natural_language_metric_2,average session duration
multi_domain,138,Check the percent growth of {natural_language_metric} since {day_of_week} and if was more than {natural_language_metric_2} make a backlog task called 'Improve {natural_language_metric_2}' for {name} on the front-end board with a deadline of next Friday,I need to check the percent growth of {natural_language_metric} since {day_of_week}. If it grew by more than {natural_language_metric_2} make a backlog task called 'Improve {natural_language_metric_2}' for {name} on the front-end board with a deadline of next Friday,name,chenwei
multi_domain,139,Check the percent growth of {natural_language_metric} since {day_of_week} and if was more than {natural_language_metric_2} make a backlog task called 'Improve {natural_language_metric_2}' for {name} on the front-end board with a deadline of next Friday,can you check the percent growth of {natural_language_metric} since {day_of_week}? If it grew by more than {natural_language_metric_2} make a task called 'Improve {natural_language_metric_2}' on the front-end backlog for {name} that's due next Friday,natural_language_metric,average session duration
multi_domain,139,Check the percent growth of {natural_language_metric} since {day_of_week} and if was more than {natural_language_metric_2} make a backlog task called 'Improve {natural_language_metric_2}' for {name} on the front-end board with a deadline of next Friday,can you check the percent growth of {natural_language_metric} since {day_of_week}? If it grew by more than {natural_language_metric_2} make a task called 'Improve {natural_language_metric_2}' on the front-end backlog for {name} that's due next Friday,day_of_week,Saturday
multi_domain,139,Check the percent growth of {natural_language_metric} since {day_of_week} and if was more than {natural_language_metric_2} make a backlog task called 'Improve {natural_language_metric_2}' for {name} on the front-end board with a deadline of next Friday,can you check the percent growth of {natural_language_metric} since {day_of_week}? If it grew by more than {natural_language_metric_2} make a task called 'Improve {natural_language_metric_2}' on the front-end backlog for {name} that's due next Friday,natural_language_metric_2,total visits
multi_domain,139,Check the percent growth of {natural_language_metric} since {day_of_week} and if was more than {natural_language_metric_2} make a backlog task called 'Improve {natural_language_metric_2}' for {name} on the front-end board with a deadline of next Friday,can you check the percent growth of {natural_language_metric} since {day_of_week}? If it grew by more than {natural_language_metric_2} make a task called 'Improve {natural_language_metric_2}' on the front-end backlog for {name} that's due next Friday,name,chenwei
multi_domain,140,If {natural_language_metric} was {more_or_less} than {threshold} at any time since {natural_language_date} delete all {assigned_to_first_name}'s leads in the CRM,"I think {natural_language_metric} might have been {more_or_less} than {threshold} at any time since {natural_language_date}. Can you check and if so, delete all {assigned_to_first_name}'s leads in the CRM",natural_language_metric,engaged users
multi_domain,140,If {natural_language_metric} was {more_or_less} than {threshold} at any time since {natural_language_date} delete all {assigned_to_first_name}'s leads in the CRM,"I think {natural_language_metric} might have been {more_or_less} than {threshold} at any time since {natural_language_date}. Can you check and if so, delete all {assigned_to_first_name}'s leads in the CRM",more_or_less,more
multi_domain,140,If {natural_language_metric} was {more_or_less} than {threshold} at any time since {natural_language_date} delete all {assigned_to_first_name}'s leads in the CRM,"I think {natural_language_metric} might have been {more_or_less} than {threshold} at any time since {natural_language_date}. Can you check and if so, delete all {assigned_to_first_name}'s leads in the CRM",threshold,1
multi_domain,140,If {natural_language_metric} was {more_or_less} than {threshold} at any time since {natural_language_date} delete all {assigned_to_first_name}'s leads in the CRM,"I think {natural_language_metric} might have been {more_or_less} than {threshold} at any time since {natural_language_date}. Can you check and if so, delete all {assigned_to_first_name}'s leads in the CRM",natural_language_date,October 18
multi_domain,140,If {natural_language_metric} was {more_or_less} than {threshold} at any time since {natural_language_date} delete all {assigned_to_first_name}'s leads in the CRM,"I think {natural_language_metric} might have been {more_or_less} than {threshold} at any time since {natural_language_date}. Can you check and if so, delete all {assigned_to_first_name}'s leads in the CRM",assigned_to_first_name,Nadia
multi_domain,141,If {natural_language_metric} was {more_or_less} than {threshold} at any time since {natural_language_date} delete all {assigned_to_first_name}'s leads in the CRM,If {natural_language_metric} was {more_or_less} than {threshold} at any time since {natural_language_date} delete all {assigned_to_first_name}'s leads in the CRM,natural_language_metric,average session duration
multi_domain,141,If {natural_language_metric} was {more_or_less} than {threshold} at any time since {natural_language_date} delete all {assigned_to_first_name}'s leads in the CRM,If {natural_language_metric} was {more_or_less} than {threshold} at any time since {natural_language_date} delete all {assigned_to_first_name}'s leads in the CRM,more_or_less,more
multi_domain,141,If {natural_language_metric} was {more_or_less} than {threshold} at any time since {natural_language_date} delete all {assigned_to_first_name}'s leads in the CRM,If {natural_language_metric} was {more_or_less} than {threshold} at any time since {natural_language_date} delete all {assigned_to_first_name}'s leads in the CRM,threshold,41
multi_domain,141,If {natural_language_metric} was {more_or_less} than {threshold} at any time since {natural_language_date} delete all {assigned_to_first_name}'s leads in the CRM,If {natural_language_metric} was {more_or_less} than {threshold} at any time since {natural_language_date} delete all {assigned_to_first_name}'s leads in the CRM,natural_language_date,November 9
multi_domain,141,If {natural_language_metric} was {more_or_less} than {threshold} at any time since {natural_language_date} delete all {assigned_to_first_name}'s leads in the CRM,If {natural_language_metric} was {more_or_less} than {threshold} at any time since {natural_language_date} delete all {assigned_to_first_name}'s leads in the CRM,assigned_to_first_name,Sofia
multi_domain,142,If {natural_language_metric} was {more_or_less} than {threshold} at any time since {natural_language_date} delete all {assigned_to_first_name}'s leads in the CRM,If {natural_language_metric} was {more_or_less} than {threshold} at any time since {natural_language_date} delete all {assigned_to_first_name}'s leads in the CRM,natural_language_metric,engaged users
multi_domain,142,If {natural_language_metric} was {more_or_less} than {threshold} at any time since {natural_language_date} delete all {assigned_to_first_name}'s leads in the CRM,If {natural_language_metric} was {more_or_less} than {threshold} at any time since {natural_language_date} delete all {assigned_to_first_name}'s leads in the CRM,more_or_less,more
multi_domain,142,If {natural_language_metric} was {more_or_less} than {threshold} at any time since {natural_language_date} delete all {assigned_to_first_name}'s leads in the CRM,If {natural_language_metric} was {more_or_less} than {threshold} at any time since {natural_language_date} delete all {assigned_to_first_name}'s leads in the CRM,threshold,5
multi_domain,142,If {natural_language_metric} was {more_or_less} than {threshold} at any time since {natural_language_date} delete all {assigned_to_first_name}'s leads in the CRM,If {natural_language_metric} was {more_or_less} than {threshold} at any time since {natural_language_date} delete all {assigned_to_first_name}'s leads in the CRM,natural_language_date,November 21
multi_domain,142,If {natural_language_metric} was {more_or_less} than {threshold} at any time since {natural_language_date} delete all {assigned_to_first_name}'s leads in the CRM,If {natural_language_metric} was {more_or_less} than {threshold} at any time since {natural_language_date} delete all {assigned_to_first_name}'s leads in the CRM,assigned_to_first_name,Raj
multi_domain,143,If {natural_language_metric} was {more_or_less} than {threshold} at any time since {natural_language_date} delete all {assigned_to_first_name}'s leads in the CRM,If {natural_language_metric} was {more_or_less} than {threshold} at any time since {natural_language_date} delete all {assigned_to_first_name}'s leads in the CRM,natural_language_metric,average session duration
multi_domain,143,If {natural_language_metric} was {more_or_less} than {threshold} at any time since {natural_language_date} delete all {assigned_to_first_name}'s leads in the CRM,If {natural_language_metric} was {more_or_less} than {threshold} at any time since {natural_language_date} delete all {assigned_to_first_name}'s leads in the CRM,more_or_less,less
multi_domain,143,If {natural_language_metric} was {more_or_less} than {threshold} at any time since {natural_language_date} delete all {assigned_to_first_name}'s leads in the CRM,If {natural_language_metric} was {more_or_less} than {threshold} at any time since {natural_language_date} delete all {assigned_to_first_name}'s leads in the CRM,threshold,2
multi_domain,143,If {natural_language_metric} was {more_or_less} than {threshold} at any time since {natural_language_date} delete all {assigned_to_first_name}'s leads in the CRM,If {natural_language_metric} was {more_or_less} than {threshold} at any time since {natural_language_date} delete all {assigned_to_first_name}'s leads in the CRM,natural_language_date,September 14
multi_domain,143,If {natural_language_metric} was {more_or_less} than {threshold} at any time since {natural_language_date} delete all {assigned_to_first_name}'s leads in the CRM,If {natural_language_metric} was {more_or_less} than {threshold} at any time since {natural_language_date} delete all {assigned_to_first_name}'s leads in the CRM,assigned_to_first_name,Nadia
multi_domain,144,If {natural_language_metric} was {more_or_less} than {threshold} at any time since {natural_language_date} delete all {assigned_to_first_name}'s leads in the CRM,"I think {natural_language_metric} might have been {more_or_less} than {threshold} at any time since {natural_language_date}. Can you check and if so, delete all {assigned_to_first_name}'s leads in the CRM",natural_language_metric,engaged users
multi_domain,144,If {natural_language_metric} was {more_or_less} than {threshold} at any time since {natural_language_date} delete all {assigned_to_first_name}'s leads in the CRM,"I think {natural_language_metric} might have been {more_or_less} than {threshold} at any time since {natural_language_date}. Can you check and if so, delete all {assigned_to_first_name}'s leads in the CRM",more_or_less,less
multi_domain,144,If {natural_language_metric} was {more_or_less} than {threshold} at any time since {natural_language_date} delete all {assigned_to_first_name}'s leads in the CRM,"I think {natural_language_metric} might have been {more_or_less} than {threshold} at any time since {natural_language_date}. Can you check and if so, delete all {assigned_to_first_name}'s leads in the CRM",threshold,5
multi_domain,144,If {natural_language_metric} was {more_or_less} than {threshold} at any time since {natural_language_date} delete all {assigned_to_first_name}'s leads in the CRM,"I think {natural_language_metric} might have been {more_or_less} than {threshold} at any time since {natural_language_date}. Can you check and if so, delete all {assigned_to_first_name}'s leads in the CRM",natural_language_date,October 24
multi_domain,144,If {natural_language_metric} was {more_or_less} than {threshold} at any time since {natural_language_date} delete all {assigned_to_first_name}'s leads in the CRM,"I think {natural_language_metric} might have been {more_or_less} than {threshold} at any time since {natural_language_date}. Can you check and if so, delete all {assigned_to_first_name}'s leads in the CRM",assigned_to_first_name,Lena
multi_domain,145,If {natural_language_metric} was {more_or_less} than {threshold} at any time since {natural_language_date} delete all {assigned_to_first_name}'s leads in the CRM,"I think {natural_language_metric} might have been {more_or_less} than {threshold} at any time since {natural_language_date}. Can you check and if so, delete all {assigned_to_first_name}'s leads in the CRM",natural_language_metric,engaged users
multi_domain,145,If {natural_language_metric} was {more_or_less} than {threshold} at any time since {natural_language_date} delete all {assigned_to_first_name}'s leads in the CRM,"I think {natural_language_metric} might have been {more_or_less} than {threshold} at any time since {natural_language_date}. Can you check and if so, delete all {assigned_to_first_name}'s leads in the CRM",more_or_less,less
multi_domain,145,If {natural_language_metric} was {more_or_less} than {threshold} at any time since {natural_language_date} delete all {assigned_to_first_name}'s leads in the CRM,"I think {natural_language_metric} might have been {more_or_less} than {threshold} at any time since {natural_language_date}. Can you check and if so, delete all {assigned_to_first_name}'s leads in the CRM",threshold,11
multi_domain,145,If {natural_language_metric} was {more_or_less} than {threshold} at any time since {natural_language_date} delete all {assigned_to_first_name}'s leads in the CRM,"I think {natural_language_metric} might have been {more_or_less} than {threshold} at any time since {natural_language_date}. Can you check and if so, delete all {assigned_to_first_name}'s leads in the CRM",natural_language_date,September 18
multi_domain,145,If {natural_language_metric} was {more_or_less} than {threshold} at any time since {natural_language_date} delete all {assigned_to_first_name}'s leads in the CRM,"I think {natural_language_metric} might have been {more_or_less} than {threshold} at any time since {natural_language_date}. Can you check and if so, delete all {assigned_to_first_name}'s leads in the CRM",assigned_to_first_name,Lena
multi_domain,146,If {natural_language_metric} was {more_or_less} than {threshold} at any time since {natural_language_date} delete all {assigned_to_first_name}'s leads in the CRM,"can you check if {natural_language_metric} was {more_or_less} than {threshold} at any time since {natural_language_date}? If so, delete all the leads assigned to {assigned_to_first_name} in the CRM",natural_language_metric,engaged users
multi_domain,146,If {natural_language_metric} was {more_or_less} than {threshold} at any time since {natural_language_date} delete all {assigned_to_first_name}'s leads in the CRM,"can you check if {natural_language_metric} was {more_or_less} than {threshold} at any time since {natural_language_date}? If so, delete all the leads assigned to {assigned_to_first_name} in the CRM",more_or_less,less
multi_domain,146,If {natural_language_metric} was {more_or_less} than {threshold} at any time since {natural_language_date} delete all {assigned_to_first_name}'s leads in the CRM,"can you check if {natural_language_metric} was {more_or_less} than {threshold} at any time since {natural_language_date}? If so, delete all the leads assigned to {assigned_to_first_name} in the CRM",threshold,11
multi_domain,146,If {natural_language_metric} was {more_or_less} than {threshold} at any time since {natural_language_date} delete all {assigned_to_first_name}'s leads in the CRM,"can you check if {natural_language_metric} was {more_or_less} than {threshold} at any time since {natural_language_date}? If so, delete all the leads assigned to {assigned_to_first_name} in the CRM",natural_language_date,October 10
multi_domain,146,If {natural_language_metric} was {more_or_less} than {threshold} at any time since {natural_language_date} delete all {assigned_to_first_name}'s leads in the CRM,"can you check if {natural_language_metric} was {more_or_less} than {threshold} at any time since {natural_language_date}? If so, delete all the leads assigned to {assigned_to_first_name} in the CRM",assigned_to_first_name,Lena
multi_domain,147,If {natural_language_metric} was {more_or_less} than {threshold} at any time since {natural_language_date} delete all {assigned_to_first_name}'s leads in the CRM,"I think {natural_language_metric} might have been {more_or_less} than {threshold} at any time since {natural_language_date}. Can you check and if so, delete all {assigned_to_first_name}'s leads in the CRM",natural_language_metric,engaged users
multi_domain,147,If {natural_language_metric} was {more_or_less} than {threshold} at any time since {natural_language_date} delete all {assigned_to_first_name}'s leads in the CRM,"I think {natural_language_metric} might have been {more_or_less} than {threshold} at any time since {natural_language_date}. Can you check and if so, delete all {assigned_to_first_name}'s leads in the CRM",more_or_less,more
multi_domain,147,If {natural_language_metric} was {more_or_less} than {threshold} at any time since {natural_language_date} delete all {assigned_to_first_name}'s leads in the CRM,"I think {natural_language_metric} might have been {more_or_less} than {threshold} at any time since {natural_language_date}. Can you check and if so, delete all {assigned_to_first_name}'s leads in the CRM",threshold,1
multi_domain,147,If {natural_language_metric} was {more_or_less} than {threshold} at any time since {natural_language_date} delete all {assigned_to_first_name}'s leads in the CRM,"I think {natural_language_metric} might have been {more_or_less} than {threshold} at any time since {natural_language_date}. Can you check and if so, delete all {assigned_to_first_name}'s leads in the CRM",natural_language_date,September 19
multi_domain,147,If {natural_language_metric} was {more_or_less} than {threshold} at any time since {natural_language_date} delete all {assigned_to_first_name}'s leads in the CRM,"I think {natural_language_metric} might have been {more_or_less} than {threshold} at any time since {natural_language_date}. Can you check and if so, delete all {assigned_to_first_name}'s leads in the CRM",assigned_to_first_name,Raj
multi_domain,148,If {natural_language_metric} was {more_or_less} than {threshold} at any time since {natural_language_date} delete all {assigned_to_first_name}'s leads in the CRM,"I think {natural_language_metric} might have been {more_or_less} than {threshold} at any time since {natural_language_date}. Can you check and if so, delete all {assigned_to_first_name}'s leads in the CRM",natural_language_metric,engaged users
multi_domain,148,If {natural_language_metric} was {more_or_less} than {threshold} at any time since {natural_language_date} delete all {assigned_to_first_name}'s leads in the CRM,"I think {natural_language_metric} might have been {more_or_less} than {threshold} at any time since {natural_language_date}. Can you check and if so, delete all {assigned_to_first_name}'s leads in the CRM",more_or_less,less
multi_domain,148,If {natural_language_metric} was {more_or_less} than {threshold} at any time since {natural_language_date} delete all {assigned_to_first_name}'s leads in the CRM,"I think {natural_language_metric} might have been {more_or_less} than {threshold} at any time since {natural_language_date}. Can you check and if so, delete all {assigned_to_first_name}'s leads in the CRM",threshold,1
multi_domain,148,If {natural_language_metric} was {more_or_less} than {threshold} at any time since {natural_language_date} delete all {assigned_to_first_name}'s leads in the CRM,"I think {natural_language_metric} might have been {more_or_less} than {threshold} at any time since {natural_language_date}. Can you check and if so, delete all {assigned_to_first_name}'s leads in the CRM",natural_language_date,September 12
multi_domain,148,If {natural_language_metric} was {more_or_less} than {threshold} at any time since {natural_language_date} delete all {assigned_to_first_name}'s leads in the CRM,"I think {natural_language_metric} might have been {more_or_less} than {threshold} at any time since {natural_language_date}. Can you check and if so, delete all {assigned_to_first_name}'s leads in the CRM",assigned_to_first_name,Akira
multi_domain,149,If {natural_language_metric} was {more_or_less} than {threshold} at any time since {natural_language_date} delete all {assigned_to_first_name}'s leads in the CRM,"can you check if {natural_language_metric} was {more_or_less} than {threshold} at any time since {natural_language_date}? If so, delete all the leads assigned to {assigned_to_first_name} in the CRM",natural_language_metric,total visits
multi_domain,149,If {natural_language_metric} was {more_or_less} than {threshold} at any time since {natural_language_date} delete all {assigned_to_first_name}'s leads in the CRM,"can you check if {natural_language_metric} was {more_or_less} than {threshold} at any time since {natural_language_date}? If so, delete all the leads assigned to {assigned_to_first_name} in the CRM",more_or_less,more
multi_domain,149,If {natural_language_metric} was {more_or_less} than {threshold} at any time since {natural_language_date} delete all {assigned_to_first_name}'s leads in the CRM,"can you check if {natural_language_metric} was {more_or_less} than {threshold} at any time since {natural_language_date}? If so, delete all the leads assigned to {assigned_to_first_name} in the CRM",threshold,10
multi_domain,149,If {natural_language_metric} was {more_or_less} than {threshold} at any time since {natural_language_date} delete all {assigned_to_first_name}'s leads in the CRM,"can you check if {natural_language_metric} was {more_or_less} than {threshold} at any time since {natural_language_date}? If so, delete all the leads assigned to {assigned_to_first_name} in the CRM",natural_language_date,September 8
multi_domain,149,If {natural_language_metric} was {more_or_less} than {threshold} at any time since {natural_language_date} delete all {assigned_to_first_name}'s leads in the CRM,"can you check if {natural_language_metric} was {more_or_less} than {threshold} at any time since {natural_language_date}? If so, delete all the leads assigned to {assigned_to_first_name} in the CRM",assigned_to_first_name,Sofia
multi_domain,150,"If {name} has any overdue tasks, book a half hour meeting with them called 'Catch up on overdue tasks' at the earliest time I'm free tomorrow and send them an email titled 'Discuss overdue tasks' saying 'I noticed you have a few overdue tasks - let's catch up tomorrow.' Otherwise email them with 'Nice work keeping on top of your tasks this sprint!' titled 'Good work this sprint'","can you check if {name} has any overdue tasks? If so, book a 30 minute meeting with them called 'Catch up on overdue tasks' at the earliest time I'm free tomorrow and send them an email titled 'Discuss overdue tasks' saying 'I noticed you have a few overdue tasks - let's catch up tomorrow.' Otherwise send them an email saying 'Nice work keeping on top of your tasks this sprint!' titled 'Good work this sprint'",name,carlos
multi_domain,151,"If {name} has any overdue tasks, book a half hour meeting with them called 'Catch up on overdue tasks' at the earliest time I'm free tomorrow and send them an email titled 'Discuss overdue tasks' saying 'I noticed you have a few overdue tasks - let's catch up tomorrow.' Otherwise email them with 'Nice work keeping on top of your tasks this sprint!' titled 'Good work this sprint'","can you check if {name} has any overdue tasks? If so, book a 30 minute meeting with them called 'Catch up on overdue tasks' at the earliest time I'm free tomorrow and send them an email titled 'Discuss overdue tasks' saying 'I noticed you have a few overdue tasks - let's catch up tomorrow.' Otherwise send them an email saying 'Nice work keeping on top of your tasks this sprint!' titled 'Good work this sprint'",name,leila
multi_domain,152,"If {name} has any overdue tasks, book a half hour meeting with them called 'Catch up on overdue tasks' at the earliest time I'm free tomorrow and send them an email titled 'Discuss overdue tasks' saying 'I noticed you have a few overdue tasks - let's catch up tomorrow.' Otherwise email them with 'Nice work keeping on top of your tasks this sprint!' titled 'Good work this sprint'","If {name} has any overdue tasks, book a half hour meeting with them called 'Catch up on overdue tasks' at the earliest time I'm free tomorrow and send them an email titled 'Discuss overdue tasks' saying 'I noticed you have a few overdue tasks - let's catch up tomorrow.' Otherwise email them with 'Nice work keeping on top of your tasks this sprint!' titled 'Good work this sprint'",name,olga
multi_domain,153,"If {name} has any overdue tasks, book a half hour meeting with them called 'Catch up on overdue tasks' at the earliest time I'm free tomorrow and send them an email titled 'Discuss overdue tasks' saying 'I noticed you have a few overdue tasks - let's catch up tomorrow.' Otherwise email them with 'Nice work keeping on top of your tasks this sprint!' titled 'Good work this sprint'","can you check if {name} has any overdue tasks? If so, book a 30 minute meeting with them called 'Catch up on overdue tasks' at the earliest time I'm free tomorrow and send them an email titled 'Discuss overdue tasks' saying 'I noticed you have a few overdue tasks - let's catch up tomorrow.' Otherwise send them an email saying 'Nice work keeping on top of your tasks this sprint!' titled 'Good work this sprint'",name,luis
multi_domain,154,"If {name} has any overdue tasks, book a half hour meeting with them called 'Catch up on overdue tasks' at the earliest time I'm free tomorrow and send them an email titled 'Discuss overdue tasks' saying 'I noticed you have a few overdue tasks - let's catch up tomorrow.' Otherwise email them with 'Nice work keeping on top of your tasks this sprint!' titled 'Good work this sprint'","I think {name} might have some overdue tasks. Can you check and if so, book a half hour meeting with them called 'Catch up on overdue tasks' at the earliest time I'm free tomorrow and send them an email titled 'Discuss overdue tasks' saying 'I noticed you have a few overdue tasks - let's catch up tomorrow.' Otherwise email them with 'Nice work keeping on top of your tasks this sprint!' titled 'Good work this sprint'",name,dmitri
multi_domain,155,"If {name} has any overdue tasks, book a half hour meeting with them called 'Catch up on overdue tasks' at the earliest time I'm free tomorrow and send them an email titled 'Discuss overdue tasks' saying 'I noticed you have a few overdue tasks - let's catch up tomorrow.' Otherwise email them with 'Nice work keeping on top of your tasks this sprint!' titled 'Good work this sprint'","can you check if {name} has any overdue tasks? If so, book a 30 minute meeting with them called 'Catch up on overdue tasks' at the earliest time I'm free tomorrow and send them an email titled 'Discuss overdue tasks' saying 'I noticed you have a few overdue tasks - let's catch up tomorrow.' Otherwise send them an email saying 'Nice work keeping on top of your tasks this sprint!' titled 'Good work this sprint'",name,dmitri
multi_domain,156,"If {name} has any overdue tasks, book a half hour meeting with them called 'Catch up on overdue tasks' at the earliest time I'm free tomorrow and send them an email titled 'Discuss overdue tasks' saying 'I noticed you have a few overdue tasks - let's catch up tomorrow.' Otherwise email them with 'Nice work keeping on top of your tasks this sprint!' titled 'Good work this sprint'","can you check if {name} has any overdue tasks? If so, book a 30 minute meeting with them called 'Catch up on overdue tasks' at the earliest time I'm free tomorrow and send them an email titled 'Discuss overdue tasks' saying 'I noticed you have a few overdue tasks - let's catch up tomorrow.' Otherwise send them an email saying 'Nice work keeping on top of your tasks this sprint!' titled 'Good work this sprint'",name,yuki
multi_domain,157,"If {name} has any overdue tasks, book a half hour meeting with them called 'Catch up on overdue tasks' at the earliest time I'm free tomorrow and send them an email titled 'Discuss overdue tasks' saying 'I noticed you have a few overdue tasks - let's catch up tomorrow.' Otherwise email them with 'Nice work keeping on top of your tasks this sprint!' titled 'Good work this sprint'","I think {name} might have some overdue tasks. Can you check and if so, book a half hour meeting with them called 'Catch up on overdue tasks' at the earliest time I'm free tomorrow and send them an email titled 'Discuss overdue tasks' saying 'I noticed you have a few overdue tasks - let's catch up tomorrow.' Otherwise email them with 'Nice work keeping on top of your tasks this sprint!' titled 'Good work this sprint'",name,kofi
multi_domain,158,"If {name} has any overdue tasks, book a half hour meeting with them called 'Catch up on overdue tasks' at the earliest time I'm free tomorrow and send them an email titled 'Discuss overdue tasks' saying 'I noticed you have a few overdue tasks - let's catch up tomorrow.' Otherwise email them with 'Nice work keeping on top of your tasks this sprint!' titled 'Good work this sprint'","If {name} has any overdue tasks, book a half hour meeting with them called 'Catch up on overdue tasks' at the earliest time I'm free tomorrow and send them an email titled 'Discuss overdue tasks' saying 'I noticed you have a few overdue tasks - let's catch up tomorrow.' Otherwise email them with 'Nice work keeping on top of your tasks this sprint!' titled 'Good work this sprint'",name,chenwei
multi_domain,159,"If {name} has any overdue tasks, book a half hour meeting with them called 'Catch up on overdue tasks' at the earliest time I'm free tomorrow and send them an email titled 'Discuss overdue tasks' saying 'I noticed you have a few overdue tasks - let's catch up tomorrow.' Otherwise email them with 'Nice work keeping on top of your tasks this sprint!' titled 'Good work this sprint'","If {name} has any overdue tasks, book a half hour meeting with them called 'Catch up on overdue tasks' at the earliest time I'm free tomorrow and send them an email titled 'Discuss overdue tasks' saying 'I noticed you have a few overdue tasks - let's catch up tomorrow.' Otherwise email them with 'Nice work keeping on top of your tasks this sprint!' titled 'Good work this sprint'",name,dmitri
multi_domain,160,"If {natural_language_metric} was {more_or_less} than {threshold} at any time since {natural_language_date} make a backlog task 'Improve {natural_language_metric}' for {name} on the front-end board with a deadline of next Friday otherwise send them an email titled 'Recent {natural_language_metric}' saying 'I noticed {natural_language_metric} has been stable, nice work!' ","If {natural_language_metric} was {more_or_less} than {threshold} at any time since {natural_language_date} make a backlog task 'Improve {natural_language_metric}' for {name} on the front-end board with a deadline of next Friday otherwise send them an email titled 'Recent {natural_language_metric}' saying 'I noticed {natural_language_metric} has been stable, nice work!' ",natural_language_metric,total visits
multi_domain,160,"If {natural_language_metric} was {more_or_less} than {threshold} at any time since {natural_language_date} make a backlog task 'Improve {natural_language_metric}' for {name} on the front-end board with a deadline of next Friday otherwise send them an email titled 'Recent {natural_language_metric}' saying 'I noticed {natural_language_metric} has been stable, nice work!' ","If {natural_language_metric} was {more_or_less} than {threshold} at any time since {natural_language_date} make a backlog task 'Improve {natural_language_metric}' for {name} on the front-end board with a deadline of next Friday otherwise send them an email titled 'Recent {natural_language_metric}' saying 'I noticed {natural_language_metric} has been stable, nice work!' ",more_or_less,less
multi_domain,160,"If {natural_language_metric} was {more_or_less} than {threshold} at any time since {natural_language_date} make a backlog task 'Improve {natural_language_metric}' for {name} on the front-end board with a deadline of next Friday otherwise send them an email titled 'Recent {natural_language_metric}' saying 'I noticed {natural_language_metric} has been stable, nice work!' ","If {natural_language_metric} was {more_or_less} than {threshold} at any time since {natural_language_date} make a backlog task 'Improve {natural_language_metric}' for {name} on the front-end board with a deadline of next Friday otherwise send them an email titled 'Recent {natural_language_metric}' saying 'I noticed {natural_language_metric} has been stable, nice work!' ",threshold,21
multi_domain,160,"If {natural_language_metric} was {more_or_less} than {threshold} at any time since {natural_language_date} make a backlog task 'Improve {natural_language_metric}' for {name} on the front-end board with a deadline of next Friday otherwise send them an email titled 'Recent {natural_language_metric}' saying 'I noticed {natural_language_metric} has been stable, nice work!' ","If {natural_language_metric} was {more_or_less} than {threshold} at any time since {natural_language_date} make a backlog task 'Improve {natural_language_metric}' for {name} on the front-end board with a deadline of next Friday otherwise send them an email titled 'Recent {natural_language_metric}' saying 'I noticed {natural_language_metric} has been stable, nice work!' ",natural_language_date,November 13
multi_domain,160,"If {natural_language_metric} was {more_or_less} than {threshold} at any time since {natural_language_date} make a backlog task 'Improve {natural_language_metric}' for {name} on the front-end board with a deadline of next Friday otherwise send them an email titled 'Recent {natural_language_metric}' saying 'I noticed {natural_language_metric} has been stable, nice work!' ","If {natural_language_metric} was {more_or_less} than {threshold} at any time since {natural_language_date} make a backlog task 'Improve {natural_language_metric}' for {name} on the front-end board with a deadline of next Friday otherwise send them an email titled 'Recent {natural_language_metric}' saying 'I noticed {natural_language_metric} has been stable, nice work!' ",name,dmitri
multi_domain,161,"If {natural_language_metric} was {more_or_less} than {threshold} at any time since {natural_language_date} make a backlog task 'Improve {natural_language_metric}' for {name} on the front-end board with a deadline of next Friday otherwise send them an email titled 'Recent {natural_language_metric}' saying 'I noticed {natural_language_metric} has been stable, nice work!' ","can you check if {natural_language_metric} was {more_or_less} than {threshold} at any time since {natural_language_date}? If so, make a task 'Improve {natural_language_metric}' for {name} on the front-end backlog with a deadline of next Friday otherwise send them an email titled 'Recent {natural_language_metric}' saying 'I noticed {natural_language_metric} has been stable, nice work!'",natural_language_metric,total visits
multi_domain,161,"If {natural_language_metric} was {more_or_less} than {threshold} at any time since {natural_language_date} make a backlog task 'Improve {natural_language_metric}' for {name} on the front-end board with a deadline of next Friday otherwise send them an email titled 'Recent {natural_language_metric}' saying 'I noticed {natural_language_metric} has been stable, nice work!' ","can you check if {natural_language_metric} was {more_or_less} than {threshold} at any time since {natural_language_date}? If so, make a task 'Improve {natural_language_metric}' for {name} on the front-end backlog with a deadline of next Friday otherwise send them an email titled 'Recent {natural_language_metric}' saying 'I noticed {natural_language_metric} has been stable, nice work!'",more_or_less,more
multi_domain,161,"If {natural_language_metric} was {more_or_less} than {threshold} at any time since {natural_language_date} make a backlog task 'Improve {natural_language_metric}' for {name} on the front-end board with a deadline of next Friday otherwise send them an email titled 'Recent {natural_language_metric}' saying 'I noticed {natural_language_metric} has been stable, nice work!' ","can you check if {natural_language_metric} was {more_or_less} than {threshold} at any time since {natural_language_date}? If so, make a task 'Improve {natural_language_metric}' for {name} on the front-end backlog with a deadline of next Friday otherwise send them an email titled 'Recent {natural_language_metric}' saying 'I noticed {natural_language_metric} has been stable, nice work!'",threshold,10
multi_domain,161,"If {natural_language_metric} was {more_or_less} than {threshold} at any time since {natural_language_date} make a backlog task 'Improve {natural_language_metric}' for {name} on the front-end board with a deadline of next Friday otherwise send them an email titled 'Recent {natural_language_metric}' saying 'I noticed {natural_language_metric} has been stable, nice work!' ","can you check if {natural_language_metric} was {more_or_less} than {threshold} at any time since {natural_language_date}? If so, make a task 'Improve {natural_language_metric}' for {name} on the front-end backlog with a deadline of next Friday otherwise send them an email titled 'Recent {natural_language_metric}' saying 'I noticed {natural_language_metric} has been stable, nice work!'",natural_language_date,November 19
multi_domain,161,"If {natural_language_metric} was {more_or_less} than {threshold} at any time since {natural_language_date} make a backlog task 'Improve {natural_language_metric}' for {name} on the front-end board with a deadline of next Friday otherwise send them an email titled 'Recent {natural_language_metric}' saying 'I noticed {natural_language_metric} has been stable, nice work!' ","can you check if {natural_language_metric} was {more_or_less} than {threshold} at any time since {natural_language_date}? If so, make a task 'Improve {natural_language_metric}' for {name} on the front-end backlog with a deadline of next Friday otherwise send them an email titled 'Recent {natural_language_metric}' saying 'I noticed {natural_language_metric} has been stable, nice work!'",name,aisha
multi_domain,162,"If {natural_language_metric} was {more_or_less} than {threshold} at any time since {natural_language_date} make a backlog task 'Improve {natural_language_metric}' for {name} on the front-end board with a deadline of next Friday otherwise send them an email titled 'Recent {natural_language_metric}' saying 'I noticed {natural_language_metric} has been stable, nice work!' ","If {natural_language_metric} was {more_or_less} than {threshold} at any time since {natural_language_date} make a backlog task 'Improve {natural_language_metric}' for {name} on the front-end board with a deadline of next Friday otherwise send them an email titled 'Recent {natural_language_metric}' saying 'I noticed {natural_language_metric} has been stable, nice work!' ",natural_language_metric,engaged users
multi_domain,162,"If {natural_language_metric} was {more_or_less} than {threshold} at any time since {natural_language_date} make a backlog task 'Improve {natural_language_metric}' for {name} on the front-end board with a deadline of next Friday otherwise send them an email titled 'Recent {natural_language_metric}' saying 'I noticed {natural_language_metric} has been stable, nice work!' ","If {natural_language_metric} was {more_or_less} than {threshold} at any time since {natural_language_date} make a backlog task 'Improve {natural_language_metric}' for {name} on the front-end board with a deadline of next Friday otherwise send them an email titled 'Recent {natural_language_metric}' saying 'I noticed {natural_language_metric} has been stable, nice work!' ",more_or_less,more
multi_domain,162,"If {natural_language_metric} was {more_or_less} than {threshold} at any time since {natural_language_date} make a backlog task 'Improve {natural_language_metric}' for {name} on the front-end board with a deadline of next Friday otherwise send them an email titled 'Recent {natural_language_metric}' saying 'I noticed {natural_language_metric} has been stable, nice work!' ","If {natural_language_metric} was {more_or_less} than {threshold} at any time since {natural_language_date} make a backlog task 'Improve {natural_language_metric}' for {name} on the front-end board with a deadline of next Friday otherwise send them an email titled 'Recent {natural_language_metric}' saying 'I noticed {natural_language_metric} has been stable, nice work!' ",threshold,11
multi_domain,162,"If {natural_language_metric} was {more_or_less} than {threshold} at any time since {natural_language_date} make a backlog task 'Improve {natural_language_metric}' for {name} on the front-end board with a deadline of next Friday otherwise send them an email titled 'Recent {natural_language_metric}' saying 'I noticed {natural_language_metric} has been stable, nice work!' ","If {natural_language_metric} was {more_or_less} than {threshold} at any time since {natural_language_date} make a backlog task 'Improve {natural_language_metric}' for {name} on the front-end board with a deadline of next Friday otherwise send them an email titled 'Recent {natural_language_metric}' saying 'I noticed {natural_language_metric} has been stable, nice work!' ",natural_language_date,October 23
multi_domain,162,"If {natural_language_metric} was {more_or_less} than {threshold} at any time since {natural_language_date} make a backlog task 'Improve {natural_language_metric}' for {name} on the front-end board with a deadline of next Friday otherwise send them an email titled 'Recent {natural_language_metric}' saying 'I noticed {natural_language_metric} has been stable, nice work!' ","If {natural_language_metric} was {more_or_less} than {threshold} at any time since {natural_language_date} make a backlog task 'Improve {natural_language_metric}' for {name} on the front-end board with a deadline of next Friday otherwise send them an email titled 'Recent {natural_language_metric}' saying 'I noticed {natural_language_metric} has been stable, nice work!' ",name,yuki
multi_domain,163,"If {natural_language_metric} was {more_or_less} than {threshold} at any time since {natural_language_date} make a backlog task 'Improve {natural_language_metric}' for {name} on the front-end board with a deadline of next Friday otherwise send them an email titled 'Recent {natural_language_metric}' saying 'I noticed {natural_language_metric} has been stable, nice work!' ","Was {natural_language_metric} {more_or_less} than {threshold} at any time since {natural_language_date}? If so, make a backlog task called 'Improve {natural_language_metric}' for {name} on the front-end board with a deadline of next Friday otherwise send them an email titled 'Recent {natural_language_metric}' saying 'I noticed {natural_language_metric} has been stable, nice work!'",natural_language_metric,average session duration
multi_domain,163,"If {natural_language_metric} was {more_or_less} than {threshold} at any time since {natural_language_date} make a backlog task 'Improve {natural_language_metric}' for {name} on the front-end board with a deadline of next Friday otherwise send them an email titled 'Recent {natural_language_metric}' saying 'I noticed {natural_language_metric} has been stable, nice work!' ","Was {natural_language_metric} {more_or_less} than {threshold} at any time since {natural_language_date}? If so, make a backlog task called 'Improve {natural_language_metric}' for {name} on the front-end board with a deadline of next Friday otherwise send them an email titled 'Recent {natural_language_metric}' saying 'I noticed {natural_language_metric} has been stable, nice work!'",more_or_less,less
multi_domain,163,"If {natural_language_metric} was {more_or_less} than {threshold} at any time since {natural_language_date} make a backlog task 'Improve {natural_language_metric}' for {name} on the front-end board with a deadline of next Friday otherwise send them an email titled 'Recent {natural_language_metric}' saying 'I noticed {natural_language_metric} has been stable, nice work!' ","Was {natural_language_metric} {more_or_less} than {threshold} at any time since {natural_language_date}? If so, make a backlog task called 'Improve {natural_language_metric}' for {name} on the front-end board with a deadline of next Friday otherwise send them an email titled 'Recent {natural_language_metric}' saying 'I noticed {natural_language_metric} has been stable, nice work!'",threshold,19
multi_domain,163,"If {natural_language_metric} was {more_or_less} than {threshold} at any time since {natural_language_date} make a backlog task 'Improve {natural_language_metric}' for {name} on the front-end board with a deadline of next Friday otherwise send them an email titled 'Recent {natural_language_metric}' saying 'I noticed {natural_language_metric} has been stable, nice work!' ","Was {natural_language_metric} {more_or_less} than {threshold} at any time since {natural_language_date}? If so, make a backlog task called 'Improve {natural_language_metric}' for {name} on the front-end board with a deadline of next Friday otherwise send them an email titled 'Recent {natural_language_metric}' saying 'I noticed {natural_language_metric} has been stable, nice work!'",natural_language_date,October 13
multi_domain,163,"If {natural_language_metric} was {more_or_less} than {threshold} at any time since {natural_language_date} make a backlog task 'Improve {natural_language_metric}' for {name} on the front-end board with a deadline of next Friday otherwise send them an email titled 'Recent {natural_language_metric}' saying 'I noticed {natural_language_metric} has been stable, nice work!' ","Was {natural_language_metric} {more_or_less} than {threshold} at any time since {natural_language_date}? If so, make a backlog task called 'Improve {natural_language_metric}' for {name} on the front-end board with a deadline of next Friday otherwise send them an email titled 'Recent {natural_language_metric}' saying 'I noticed {natural_language_metric} has been stable, nice work!'",name,dmitri
multi_domain,164,"If {natural_language_metric} was {more_or_less} than {threshold} at any time since {natural_language_date} make a backlog task 'Improve {natural_language_metric}' for {name} on the front-end board with a deadline of next Friday otherwise send them an email titled 'Recent {natural_language_metric}' saying 'I noticed {natural_language_metric} has been stable, nice work!' ","Was {natural_language_metric} {more_or_less} than {threshold} at any time since {natural_language_date}? If so, make a backlog task called 'Improve {natural_language_metric}' for {name} on the front-end board with a deadline of next Friday otherwise send them an email titled 'Recent {natural_language_metric}' saying 'I noticed {natural_language_metric} has been stable, nice work!'",natural_language_metric,total visits
multi_domain,164,"If {natural_language_metric} was {more_or_less} than {threshold} at any time since {natural_language_date} make a backlog task 'Improve {natural_language_metric}' for {name} on the front-end board with a deadline of next Friday otherwise send them an email titled 'Recent {natural_language_metric}' saying 'I noticed {natural_language_metric} has been stable, nice work!' ","Was {natural_language_metric} {more_or_less} than {threshold} at any time since {natural_language_date}? If so, make a backlog task called 'Improve {natural_language_metric}' for {name} on the front-end board with a deadline of next Friday otherwise send them an email titled 'Recent {natural_language_metric}' saying 'I noticed {natural_language_metric} has been stable, nice work!'",more_or_less,less
multi_domain,164,"If {natural_language_metric} was {more_or_less} than {threshold} at any time since {natural_language_date} make a backlog task 'Improve {natural_language_metric}' for {name} on the front-end board with a deadline of next Friday otherwise send them an email titled 'Recent {natural_language_metric}' saying 'I noticed {natural_language_metric} has been stable, nice work!' ","Was {natural_language_metric} {more_or_less} than {threshold} at any time since {natural_language_date}? If so, make a backlog task called 'Improve {natural_language_metric}' for {name} on the front-end board with a deadline of next Friday otherwise send them an email titled 'Recent {natural_language_metric}' saying 'I noticed {natural_language_metric} has been stable, nice work!'",threshold,10
multi_domain,164,"If {natural_language_metric} was {more_or_less} than {threshold} at any time since {natural_language_date} make a backlog task 'Improve {natural_language_metric}' for {name} on the front-end board with a deadline of next Friday otherwise send them an email titled 'Recent {natural_language_metric}' saying 'I noticed {natural_language_metric} has been stable, nice work!' ","Was {natural_language_metric} {more_or_less} than {threshold} at any time since {natural_language_date}? If so, make a backlog task called 'Improve {natural_language_metric}' for {name} on the front-end board with a deadline of next Friday otherwise send them an email titled 'Recent {natural_language_metric}' saying 'I noticed {natural_language_metric} has been stable, nice work!'",natural_language_date,October 10
multi_domain,164,"If {natural_language_metric} was {more_or_less} than {threshold} at any time since {natural_language_date} make a backlog task 'Improve {natural_language_metric}' for {name} on the front-end board with a deadline of next Friday otherwise send them an email titled 'Recent {natural_language_metric}' saying 'I noticed {natural_language_metric} has been stable, nice work!' ","Was {natural_language_metric} {more_or_less} than {threshold} at any time since {natural_language_date}? If so, make a backlog task called 'Improve {natural_language_metric}' for {name} on the front-end board with a deadline of next Friday otherwise send them an email titled 'Recent {natural_language_metric}' saying 'I noticed {natural_language_metric} has been stable, nice work!'",name,dmitri
multi_domain,165,"If {natural_language_metric} was {more_or_less} than {threshold} at any time since {natural_language_date} make a backlog task 'Improve {natural_language_metric}' for {name} on the front-end board with a deadline of next Friday otherwise send them an email titled 'Recent {natural_language_metric}' saying 'I noticed {natural_language_metric} has been stable, nice work!' ","Was {natural_language_metric} {more_or_less} than {threshold} at any time since {natural_language_date}? If so, make a backlog task called 'Improve {natural_language_metric}' for {name} on the front-end board with a deadline of next Friday otherwise send them an email titled 'Recent {natural_language_metric}' saying 'I noticed {natural_language_metric} has been stable, nice work!'",natural_language_metric,total visits
multi_domain,165,"If {natural_language_metric} was {more_or_less} than {threshold} at any time since {natural_language_date} make a backlog task 'Improve {natural_language_metric}' for {name} on the front-end board with a deadline of next Friday otherwise send them an email titled 'Recent {natural_language_metric}' saying 'I noticed {natural_language_metric} has been stable, nice work!' ","Was {natural_language_metric} {more_or_less} than {threshold} at any time since {natural_language_date}? If so, make a backlog task called 'Improve {natural_language_metric}' for {name} on the front-end board with a deadline of next Friday otherwise send them an email titled 'Recent {natural_language_metric}' saying 'I noticed {natural_language_metric} has been stable, nice work!'",more_or_less,more
multi_domain,165,"If {natural_language_metric} was {more_or_less} than {threshold} at any time since {natural_language_date} make a backlog task 'Improve {natural_language_metric}' for {name} on the front-end board with a deadline of next Friday otherwise send them an email titled 'Recent {natural_language_metric}' saying 'I noticed {natural_language_metric} has been stable, nice work!' ","Was {natural_language_metric} {more_or_less} than {threshold} at any time since {natural_language_date}? If so, make a backlog task called 'Improve {natural_language_metric}' for {name} on the front-end board with a deadline of next Friday otherwise send them an email titled 'Recent {natural_language_metric}' saying 'I noticed {natural_language_metric} has been stable, nice work!'",threshold,10
multi_domain,165,"If {natural_language_metric} was {more_or_less} than {threshold} at any time since {natural_language_date} make a backlog task 'Improve {natural_language_metric}' for {name} on the front-end board with a deadline of next Friday otherwise send them an email titled 'Recent {natural_language_metric}' saying 'I noticed {natural_language_metric} has been stable, nice work!' ","Was {natural_language_metric} {more_or_less} than {threshold} at any time since {natural_language_date}? If so, make a backlog task called 'Improve {natural_language_metric}' for {name} on the front-end board with a deadline of next Friday otherwise send them an email titled 'Recent {natural_language_metric}' saying 'I noticed {natural_language_metric} has been stable, nice work!'",natural_language_date,September 17
multi_domain,165,"If {natural_language_metric} was {more_or_less} than {threshold} at any time since {natural_language_date} make a backlog task 'Improve {natural_language_metric}' for {name} on the front-end board with a deadline of next Friday otherwise send them an email titled 'Recent {natural_language_metric}' saying 'I noticed {natural_language_metric} has been stable, nice work!' ","Was {natural_language_metric} {more_or_less} than {threshold} at any time since {natural_language_date}? If so, make a backlog task called 'Improve {natural_language_metric}' for {name} on the front-end board with a deadline of next Friday otherwise send them an email titled 'Recent {natural_language_metric}' saying 'I noticed {natural_language_metric} has been stable, nice work!'",name,kofi
multi_domain,166,"If {natural_language_metric} was {more_or_less} than {threshold} at any time since {natural_language_date} make a backlog task 'Improve {natural_language_metric}' for {name} on the front-end board with a deadline of next Friday otherwise send them an email titled 'Recent {natural_language_metric}' saying 'I noticed {natural_language_metric} has been stable, nice work!' ","If {natural_language_metric} was {more_or_less} than {threshold} at any time since {natural_language_date} make a backlog task 'Improve {natural_language_metric}' for {name} on the front-end board with a deadline of next Friday otherwise send them an email titled 'Recent {natural_language_metric}' saying 'I noticed {natural_language_metric} has been stable, nice work!' ",natural_language_metric,total visits
multi_domain,166,"If {natural_language_metric} was {more_or_less} than {threshold} at any time since {natural_language_date} make a backlog task 'Improve {natural_language_metric}' for {name} on the front-end board with a deadline of next Friday otherwise send them an email titled 'Recent {natural_language_metric}' saying 'I noticed {natural_language_metric} has been stable, nice work!' ","If {natural_language_metric} was {more_or_less} than {threshold} at any time since {natural_language_date} make a backlog task 'Improve {natural_language_metric}' for {name} on the front-end board with a deadline of next Friday otherwise send them an email titled 'Recent {natural_language_metric}' saying 'I noticed {natural_language_metric} has been stable, nice work!' ",more_or_less,more
multi_domain,166,"If {natural_language_metric} was {more_or_less} than {threshold} at any time since {natural_language_date} make a backlog task 'Improve {natural_language_metric}' for {name} on the front-end board with a deadline of next Friday otherwise send them an email titled 'Recent {natural_language_metric}' saying 'I noticed {natural_language_metric} has been stable, nice work!' ","If {natural_language_metric} was {more_or_less} than {threshold} at any time since {natural_language_date} make a backlog task 'Improve {natural_language_metric}' for {name} on the front-end board with a deadline of next Friday otherwise send them an email titled 'Recent {natural_language_metric}' saying 'I noticed {natural_language_metric} has been stable, nice work!' ",threshold,3
multi_domain,166,"If {natural_language_metric} was {more_or_less} than {threshold} at any time since {natural_language_date} make a backlog task 'Improve {natural_language_metric}' for {name} on the front-end board with a deadline of next Friday otherwise send them an email titled 'Recent {natural_language_metric}' saying 'I noticed {natural_language_metric} has been stable, nice work!' ","If {natural_language_metric} was {more_or_less} than {threshold} at any time since {natural_language_date} make a backlog task 'Improve {natural_language_metric}' for {name} on the front-end board with a deadline of next Friday otherwise send them an email titled 'Recent {natural_language_metric}' saying 'I noticed {natural_language_metric} has been stable, nice work!' ",natural_language_date,September 24
multi_domain,166,"If {natural_language_metric} was {more_or_less} than {threshold} at any time since {natural_language_date} make a backlog task 'Improve {natural_language_metric}' for {name} on the front-end board with a deadline of next Friday otherwise send them an email titled 'Recent {natural_language_metric}' saying 'I noticed {natural_language_metric} has been stable, nice work!' ","If {natural_language_metric} was {more_or_less} than {threshold} at any time since {natural_language_date} make a backlog task 'Improve {natural_language_metric}' for {name} on the front-end board with a deadline of next Friday otherwise send them an email titled 'Recent {natural_language_metric}' saying 'I noticed {natural_language_metric} has been stable, nice work!' ",name,olga
multi_domain,167,"If {natural_language_metric} was {more_or_less} than {threshold} at any time since {natural_language_date} make a backlog task 'Improve {natural_language_metric}' for {name} on the front-end board with a deadline of next Friday otherwise send them an email titled 'Recent {natural_language_metric}' saying 'I noticed {natural_language_metric} has been stable, nice work!' ","can you check if {natural_language_metric} was {more_or_less} than {threshold} at any time since {natural_language_date}? If so, make a task 'Improve {natural_language_metric}' for {name} on the front-end backlog with a deadline of next Friday otherwise send them an email titled 'Recent {natural_language_metric}' saying 'I noticed {natural_language_metric} has been stable, nice work!'",natural_language_metric,engaged users
multi_domain,167,"If {natural_language_metric} was {more_or_less} than {threshold} at any time since {natural_language_date} make a backlog task 'Improve {natural_language_metric}' for {name} on the front-end board with a deadline of next Friday otherwise send them an email titled 'Recent {natural_language_metric}' saying 'I noticed {natural_language_metric} has been stable, nice work!' ","can you check if {natural_language_metric} was {more_or_less} than {threshold} at any time since {natural_language_date}? If so, make a task 'Improve {natural_language_metric}' for {name} on the front-end backlog with a deadline of next Friday otherwise send them an email titled 'Recent {natural_language_metric}' saying 'I noticed {natural_language_metric} has been stable, nice work!'",more_or_less,more
multi_domain,167,"If {natural_language_metric} was {more_or_less} than {threshold} at any time since {natural_language_date} make a backlog task 'Improve {natural_language_metric}' for {name} on the front-end board with a deadline of next Friday otherwise send them an email titled 'Recent {natural_language_metric}' saying 'I noticed {natural_language_metric} has been stable, nice work!' ","can you check if {natural_language_metric} was {more_or_less} than {threshold} at any time since {natural_language_date}? If so, make a task 'Improve {natural_language_metric}' for {name} on the front-end backlog with a deadline of next Friday otherwise send them an email titled 'Recent {natural_language_metric}' saying 'I noticed {natural_language_metric} has been stable, nice work!'",threshold,1
multi_domain,167,"If {natural_language_metric} was {more_or_less} than {threshold} at any time since {natural_language_date} make a backlog task 'Improve {natural_language_metric}' for {name} on the front-end board with a deadline of next Friday otherwise send them an email titled 'Recent {natural_language_metric}' saying 'I noticed {natural_language_metric} has been stable, nice work!' ","can you check if {natural_language_metric} was {more_or_less} than {threshold} at any time since {natural_language_date}? If so, make a task 'Improve {natural_language_metric}' for {name} on the front-end backlog with a deadline of next Friday otherwise send them an email titled 'Recent {natural_language_metric}' saying 'I noticed {natural_language_metric} has been stable, nice work!'",natural_language_date,September 5
multi_domain,167,"If {natural_language_metric} was {more_or_less} than {threshold} at any time since {natural_language_date} make a backlog task 'Improve {natural_language_metric}' for {name} on the front-end board with a deadline of next Friday otherwise send them an email titled 'Recent {natural_language_metric}' saying 'I noticed {natural_language_metric} has been stable, nice work!' ","can you check if {natural_language_metric} was {more_or_less} than {threshold} at any time since {natural_language_date}? If so, make a task 'Improve {natural_language_metric}' for {name} on the front-end backlog with a deadline of next Friday otherwise send them an email titled 'Recent {natural_language_metric}' saying 'I noticed {natural_language_metric} has been stable, nice work!'",name,chenwei
multi_domain,168,"If {natural_language_metric} was {more_or_less} than {threshold} at any time since {natural_language_date} make a backlog task 'Improve {natural_language_metric}' for {name} on the front-end board with a deadline of next Friday otherwise send them an email titled 'Recent {natural_language_metric}' saying 'I noticed {natural_language_metric} has been stable, nice work!' ","Was {natural_language_metric} {more_or_less} than {threshold} at any time since {natural_language_date}? If so, make a backlog task called 'Improve {natural_language_metric}' for {name} on the front-end board with a deadline of next Friday otherwise send them an email titled 'Recent {natural_language_metric}' saying 'I noticed {natural_language_metric} has been stable, nice work!'",natural_language_metric,total visits
multi_domain,168,"If {natural_language_metric} was {more_or_less} than {threshold} at any time since {natural_language_date} make a backlog task 'Improve {natural_language_metric}' for {name} on the front-end board with a deadline of next Friday otherwise send them an email titled 'Recent {natural_language_metric}' saying 'I noticed {natural_language_metric} has been stable, nice work!' ","Was {natural_language_metric} {more_or_less} than {threshold} at any time since {natural_language_date}? If so, make a backlog task called 'Improve {natural_language_metric}' for {name} on the front-end board with a deadline of next Friday otherwise send them an email titled 'Recent {natural_language_metric}' saying 'I noticed {natural_language_metric} has been stable, nice work!'",more_or_less,less
multi_domain,168,"If {natural_language_metric} was {more_or_less} than {threshold} at any time since {natural_language_date} make a backlog task 'Improve {natural_language_metric}' for {name} on the front-end board with a deadline of next Friday otherwise send them an email titled 'Recent {natural_language_metric}' saying 'I noticed {natural_language_metric} has been stable, nice work!' ","Was {natural_language_metric} {more_or_less} than {threshold} at any time since {natural_language_date}? If so, make a backlog task called 'Improve {natural_language_metric}' for {name} on the front-end board with a deadline of next Friday otherwise send them an email titled 'Recent {natural_language_metric}' saying 'I noticed {natural_language_metric} has been stable, nice work!'",threshold,21
multi_domain,168,"If {natural_language_metric} was {more_or_less} than {threshold} at any time since {natural_language_date} make a backlog task 'Improve {natural_language_metric}' for {name} on the front-end board with a deadline of next Friday otherwise send them an email titled 'Recent {natural_language_metric}' saying 'I noticed {natural_language_metric} has been stable, nice work!' ","Was {natural_language_metric} {more_or_less} than {threshold} at any time since {natural_language_date}? If so, make a backlog task called 'Improve {natural_language_metric}' for {name} on the front-end board with a deadline of next Friday otherwise send them an email titled 'Recent {natural_language_metric}' saying 'I noticed {natural_language_metric} has been stable, nice work!'",natural_language_date,October 25
multi_domain,168,"If {natural_language_metric} was {more_or_less} than {threshold} at any time since {natural_language_date} make a backlog task 'Improve {natural_language_metric}' for {name} on the front-end board with a deadline of next Friday otherwise send them an email titled 'Recent {natural_language_metric}' saying 'I noticed {natural_language_metric} has been stable, nice work!' ","Was {natural_language_metric} {more_or_less} than {threshold} at any time since {natural_language_date}? If so, make a backlog task called 'Improve {natural_language_metric}' for {name} on the front-end board with a deadline of next Friday otherwise send them an email titled 'Recent {natural_language_metric}' saying 'I noticed {natural_language_metric} has been stable, nice work!'",name,santiago
multi_domain,169,"If {natural_language_metric} was {more_or_less} than {threshold} at any time since {natural_language_date} make a backlog task 'Improve {natural_language_metric}' for {name} on the front-end board with a deadline of next Friday otherwise send them an email titled 'Recent {natural_language_metric}' saying 'I noticed {natural_language_metric} has been stable, nice work!' ","can you check if {natural_language_metric} was {more_or_less} than {threshold} at any time since {natural_language_date}? If so, make a task 'Improve {natural_language_metric}' for {name} on the front-end backlog with a deadline of next Friday otherwise send them an email titled 'Recent {natural_language_metric}' saying 'I noticed {natural_language_metric} has been stable, nice work!'",natural_language_metric,average session duration
multi_domain,169,"If {natural_language_metric} was {more_or_less} than {threshold} at any time since {natural_language_date} make a backlog task 'Improve {natural_language_metric}' for {name} on the front-end board with a deadline of next Friday otherwise send them an email titled 'Recent {natural_language_metric}' saying 'I noticed {natural_language_metric} has been stable, nice work!' ","can you check if {natural_language_metric} was {more_or_less} than {threshold} at any time since {natural_language_date}? If so, make a task 'Improve {natural_language_metric}' for {name} on the front-end backlog with a deadline of next Friday otherwise send them an email titled 'Recent {natural_language_metric}' saying 'I noticed {natural_language_metric} has been stable, nice work!'",more_or_less,less
multi_domain,169,"If {natural_language_metric} was {more_or_less} than {threshold} at any time since {natural_language_date} make a backlog task 'Improve {natural_language_metric}' for {name} on the front-end board with a deadline of next Friday otherwise send them an email titled 'Recent {natural_language_metric}' saying 'I noticed {natural_language_metric} has been stable, nice work!' ","can you check if {natural_language_metric} was {more_or_less} than {threshold} at any time since {natural_language_date}? If so, make a task 'Improve {natural_language_metric}' for {name} on the front-end backlog with a deadline of next Friday otherwise send them an email titled 'Recent {natural_language_metric}' saying 'I noticed {natural_language_metric} has been stable, nice work!'",threshold,41
multi_domain,169,"If {natural_language_metric} was {more_or_less} than {threshold} at any time since {natural_language_date} make a backlog task 'Improve {natural_language_metric}' for {name} on the front-end board with a deadline of next Friday otherwise send them an email titled 'Recent {natural_language_metric}' saying 'I noticed {natural_language_metric} has been stable, nice work!' ","can you check if {natural_language_metric} was {more_or_less} than {threshold} at any time since {natural_language_date}? If so, make a task 'Improve {natural_language_metric}' for {name} on the front-end backlog with a deadline of next Friday otherwise send them an email titled 'Recent {natural_language_metric}' saying 'I noticed {natural_language_metric} has been stable, nice work!'",natural_language_date,October 30
multi_domain,169,"If {natural_language_metric} was {more_or_less} than {threshold} at any time since {natural_language_date} make a backlog task 'Improve {natural_language_metric}' for {name} on the front-end board with a deadline of next Friday otherwise send them an email titled 'Recent {natural_language_metric}' saying 'I noticed {natural_language_metric} has been stable, nice work!' ","can you check if {natural_language_metric} was {more_or_less} than {threshold} at any time since {natural_language_date}? If so, make a task 'Improve {natural_language_metric}' for {name} on the front-end backlog with a deadline of next Friday otherwise send them an email titled 'Recent {natural_language_metric}' saying 'I noticed {natural_language_metric} has been stable, nice work!'",name,leila
multi_domain,170,Check the percent growth of {natural_language_metric} since {day_of_week} and if was more than {natural_language_metric_2} make a backlog task called 'Improve {natural_language_metric_2}' for {name} on the front-end board with a deadline of next Friday. Also schedule a half-hour meeting called 'Discuss {natural_language_metric}' with them at the first time I can do tomorrow,can you check the percent growth of {natural_language_metric} since {day_of_week}? If it grew by more than {natural_language_metric_2} make a backlog task called 'Improve {natural_language_metric_2}' for {name} on the front-end board with a deadline of next Friday and schedule a half-hour meeting called 'Discuss {natural_language_metric}' for us at the first time I can do tomorrow,natural_language_metric,engaged users
multi_domain,170,Check the percent growth of {natural_language_metric} since {day_of_week} and if was more than {natural_language_metric_2} make a backlog task called 'Improve {natural_language_metric_2}' for {name} on the front-end board with a deadline of next Friday. Also schedule a half-hour meeting called 'Discuss {natural_language_metric}' with them at the first time I can do tomorrow,can you check the percent growth of {natural_language_metric} since {day_of_week}? If it grew by more than {natural_language_metric_2} make a backlog task called 'Improve {natural_language_metric_2}' for {name} on the front-end board with a deadline of next Friday and schedule a half-hour meeting called 'Discuss {natural_language_metric}' for us at the first time I can do tomorrow,day_of_week,Wednesday
multi_domain,170,Check the percent growth of {natural_language_metric} since {day_of_week} and if was more than {natural_language_metric_2} make a backlog task called 'Improve {natural_language_metric_2}' for {name} on the front-end board with a deadline of next Friday. Also schedule a half-hour meeting called 'Discuss {natural_language_metric}' with them at the first time I can do tomorrow,can you check the percent growth of {natural_language_metric} since {day_of_week}? If it grew by more than {natural_language_metric_2} make a backlog task called 'Improve {natural_language_metric_2}' for {name} on the front-end board with a deadline of next Friday and schedule a half-hour meeting called 'Discuss {natural_language_metric}' for us at the first time I can do tomorrow,natural_language_metric_2,total visits
multi_domain,170,Check the percent growth of {natural_language_metric} since {day_of_week} and if was more than {natural_language_metric_2} make a backlog task called 'Improve {natural_language_metric_2}' for {name} on the front-end board with a deadline of next Friday. Also schedule a half-hour meeting called 'Discuss {natural_language_metric}' with them at the first time I can do tomorrow,can you check the percent growth of {natural_language_metric} since {day_of_week}? If it grew by more than {natural_language_metric_2} make a backlog task called 'Improve {natural_language_metric_2}' for {name} on the front-end board with a deadline of next Friday and schedule a half-hour meeting called 'Discuss {natural_language_metric}' for us at the first time I can do tomorrow,name,yuki
multi_domain,171,Check the percent growth of {natural_language_metric} since {day_of_week} and if was more than {natural_language_metric_2} make a backlog task called 'Improve {natural_language_metric_2}' for {name} on the front-end board with a deadline of next Friday. Also schedule a half-hour meeting called 'Discuss {natural_language_metric}' with them at the first time I can do tomorrow,please check the percent growth of {natural_language_metric} since {day_of_week}. If it grew by more than {natural_language_metric_2} make a front-end backlog task called 'Improve {natural_language_metric_2}' for {name} that's due next Friday and schedule a 30 minute meeting called 'Discuss {natural_language_metric}' for us at the earliest slot i'm free tomorrow,natural_language_metric,engaged users
multi_domain,171,Check the percent growth of {natural_language_metric} since {day_of_week} and if was more than {natural_language_metric_2} make a backlog task called 'Improve {natural_language_metric_2}' for {name} on the front-end board with a deadline of next Friday. Also schedule a half-hour meeting called 'Discuss {natural_language_metric}' with them at the first time I can do tomorrow,please check the percent growth of {natural_language_metric} since {day_of_week}. If it grew by more than {natural_language_metric_2} make a front-end backlog task called 'Improve {natural_language_metric_2}' for {name} that's due next Friday and schedule a 30 minute meeting called 'Discuss {natural_language_metric}' for us at the earliest slot i'm free tomorrow,day_of_week,Friday
multi_domain,171,Check the percent growth of {natural_language_metric} since {day_of_week} and if was more than {natural_language_metric_2} make a backlog task called 'Improve {natural_language_metric_2}' for {name} on the front-end board with a deadline of next Friday. Also schedule a half-hour meeting called 'Discuss {natural_language_metric}' with them at the first time I can do tomorrow,please check the percent growth of {natural_language_metric} since {day_of_week}. If it grew by more than {natural_language_metric_2} make a front-end backlog task called 'Improve {natural_language_metric_2}' for {name} that's due next Friday and schedule a 30 minute meeting called 'Discuss {natural_language_metric}' for us at the earliest slot i'm free tomorrow,natural_language_metric_2,average session duration
multi_domain,171,Check the percent growth of {natural_language_metric} since {day_of_week} and if was more than {natural_language_metric_2} make a backlog task called 'Improve {natural_language_metric_2}' for {name} on the front-end board with a deadline of next Friday. Also schedule a half-hour meeting called 'Discuss {natural_language_metric}' with them at the first time I can do tomorrow,please check the percent growth of {natural_language_metric} since {day_of_week}. If it grew by more than {natural_language_metric_2} make a front-end backlog task called 'Improve {natural_language_metric_2}' for {name} that's due next Friday and schedule a 30 minute meeting called 'Discuss {natural_language_metric}' for us at the earliest slot i'm free tomorrow,name,kofi
multi_domain,172,Check the percent growth of {natural_language_metric} since {day_of_week} and if was more than {natural_language_metric_2} make a backlog task called 'Improve {natural_language_metric_2}' for {name} on the front-end board with a deadline of next Friday. Also schedule a half-hour meeting called 'Discuss {natural_language_metric}' with them at the first time I can do tomorrow,can you check the percent growth of {natural_language_metric} since {day_of_week}? If it grew by more than {natural_language_metric_2} make a backlog task called 'Improve {natural_language_metric_2}' for {name} on the front-end board with a deadline of next Friday and schedule a half-hour meeting called 'Discuss {natural_language_metric}' for us at the first time I can do tomorrow,natural_language_metric,average session duration
multi_domain,172,Check the percent growth of {natural_language_metric} since {day_of_week} and if was more than {natural_language_metric_2} make a backlog task called 'Improve {natural_language_metric_2}' for {name} on the front-end board with a deadline of next Friday. Also schedule a half-hour meeting called 'Discuss {natural_language_metric}' with them at the first time I can do tomorrow,can you check the percent growth of {natural_language_metric} since {day_of_week}? If it grew by more than {natural_language_metric_2} make a backlog task called 'Improve {natural_language_metric_2}' for {name} on the front-end board with a deadline of next Friday and schedule a half-hour meeting called 'Discuss {natural_language_metric}' for us at the first time I can do tomorrow,day_of_week,Sunday
multi_domain,172,Check the percent growth of {natural_language_metric} since {day_of_week} and if was more than {natural_language_metric_2} make a backlog task called 'Improve {natural_language_metric_2}' for {name} on the front-end board with a deadline of next Friday. Also schedule a half-hour meeting called 'Discuss {natural_language_metric}' with them at the first time I can do tomorrow,can you check the percent growth of {natural_language_metric} since {day_of_week}? If it grew by more than {natural_language_metric_2} make a backlog task called 'Improve {natural_language_metric_2}' for {name} on the front-end board with a deadline of next Friday and schedule a half-hour meeting called 'Discuss {natural_language_metric}' for us at the first time I can do tomorrow,natural_language_metric_2,engaged users
multi_domain,172,Check the percent growth of {natural_language_metric} since {day_of_week} and if was more than {natural_language_metric_2} make a backlog task called 'Improve {natural_language_metric_2}' for {name} on the front-end board with a deadline of next Friday. Also schedule a half-hour meeting called 'Discuss {natural_language_metric}' with them at the first time I can do tomorrow,can you check the percent growth of {natural_language_metric} since {day_of_week}? If it grew by more than {natural_language_metric_2} make a backlog task called 'Improve {natural_language_metric_2}' for {name} on the front-end board with a deadline of next Friday and schedule a half-hour meeting called 'Discuss {natural_language_metric}' for us at the first time I can do tomorrow,name,jinsoo
multi_domain,173,Check the percent growth of {natural_language_metric} since {day_of_week} and if was more than {natural_language_metric_2} make a backlog task called 'Improve {natural_language_metric_2}' for {name} on the front-end board with a deadline of next Friday. Also schedule a half-hour meeting called 'Discuss {natural_language_metric}' with them at the first time I can do tomorrow,Check the percent growth of {natural_language_metric} since {day_of_week} and if was more than {natural_language_metric_2} make a backlog task called 'Improve {natural_language_metric_2}' for {name} on the front-end board with a deadline of next Friday. Also schedule a half-hour meeting called 'Discuss {natural_language_metric}' with them at the first time I can do tomorrow,natural_language_metric,total visits
multi_domain,173,Check the percent growth of {natural_language_metric} since {day_of_week} and if was more than {natural_language_metric_2} make a backlog task called 'Improve {natural_language_metric_2}' for {name} on the front-end board with a deadline of next Friday. Also schedule a half-hour meeting called 'Discuss {natural_language_metric}' with them at the first time I can do tomorrow,Check the percent growth of {natural_language_metric} since {day_of_week} and if was more than {natural_language_metric_2} make a backlog task called 'Improve {natural_language_metric_2}' for {name} on the front-end board with a deadline of next Friday. Also schedule a half-hour meeting called 'Discuss {natural_language_metric}' with them at the first time I can do tomorrow,day_of_week,Wednesday
multi_domain,173,Check the percent growth of {natural_language_metric} since {day_of_week} and if was more than {natural_language_metric_2} make a backlog task called 'Improve {natural_language_metric_2}' for {name} on the front-end board with a deadline of next Friday. Also schedule a half-hour meeting called 'Discuss {natural_language_metric}' with them at the first time I can do tomorrow,Check the percent growth of {natural_language_metric} since {day_of_week} and if was more than {natural_language_metric_2} make a backlog task called 'Improve {natural_language_metric_2}' for {name} on the front-end board with a deadline of next Friday. Also schedule a half-hour meeting called 'Discuss {natural_language_metric}' with them at the first time I can do tomorrow,natural_language_metric_2,engaged users
multi_domain,173,Check the percent growth of {natural_language_metric} since {day_of_week} and if was more than {natural_language_metric_2} make a backlog task called 'Improve {natural_language_metric_2}' for {name} on the front-end board with a deadline of next Friday. Also schedule a half-hour meeting called 'Discuss {natural_language_metric}' with them at the first time I can do tomorrow,Check the percent growth of {natural_language_metric} since {day_of_week} and if was more than {natural_language_metric_2} make a backlog task called 'Improve {natural_language_metric_2}' for {name} on the front-end board with a deadline of next Friday. Also schedule a half-hour meeting called 'Discuss {natural_language_metric}' with them at the first time I can do tomorrow,name,carlos
multi_domain,174,Check the percent growth of {natural_language_metric} since {day_of_week} and if was more than {natural_language_metric_2} make a backlog task called 'Improve {natural_language_metric_2}' for {name} on the front-end board with a deadline of next Friday. Also schedule a half-hour meeting called 'Discuss {natural_language_metric}' with them at the first time I can do tomorrow,can you check the percent growth of {natural_language_metric} since {day_of_week}? If it grew by more than {natural_language_metric_2} make a backlog task called 'Improve {natural_language_metric_2}' for {name} on the front-end board with a deadline of next Friday and schedule a half-hour meeting called 'Discuss {natural_language_metric}' for us at the first time I can do tomorrow,natural_language_metric,average session duration
multi_domain,174,Check the percent growth of {natural_language_metric} since {day_of_week} and if was more than {natural_language_metric_2} make a backlog task called 'Improve {natural_language_metric_2}' for {name} on the front-end board with a deadline of next Friday. Also schedule a half-hour meeting called 'Discuss {natural_language_metric}' with them at the first time I can do tomorrow,can you check the percent growth of {natural_language_metric} since {day_of_week}? If it grew by more than {natural_language_metric_2} make a backlog task called 'Improve {natural_language_metric_2}' for {name} on the front-end board with a deadline of next Friday and schedule a half-hour meeting called 'Discuss {natural_language_metric}' for us at the first time I can do tomorrow,day_of_week,Saturday
multi_domain,174,Check the percent growth of {natural_language_metric} since {day_of_week} and if was more than {natural_language_metric_2} make a backlog task called 'Improve {natural_language_metric_2}' for {name} on the front-end board with a deadline of next Friday. Also schedule a half-hour meeting called 'Discuss {natural_language_metric}' with them at the first time I can do tomorrow,can you check the percent growth of {natural_language_metric} since {day_of_week}? If it grew by more than {natural_language_metric_2} make a backlog task called 'Improve {natural_language_metric_2}' for {name} on the front-end board with a deadline of next Friday and schedule a half-hour meeting called 'Discuss {natural_language_metric}' for us at the first time I can do tomorrow,natural_language_metric_2,engaged users
multi_domain,174,Check the percent growth of {natural_language_metric} since {day_of_week} and if was more than {natural_language_metric_2} make a backlog task called 'Improve {natural_language_metric_2}' for {name} on the front-end board with a deadline of next Friday. Also schedule a half-hour meeting called 'Discuss {natural_language_metric}' with them at the first time I can do tomorrow,can you check the percent growth of {natural_language_metric} since {day_of_week}? If it grew by more than {natural_language_metric_2} make a backlog task called 'Improve {natural_language_metric_2}' for {name} on the front-end board with a deadline of next Friday and schedule a half-hour meeting called 'Discuss {natural_language_metric}' for us at the first time I can do tomorrow,name,chenwei
multi_domain,175,Check the percent growth of {natural_language_metric} since {day_of_week} and if was more than {natural_language_metric_2} make a backlog task called 'Improve {natural_language_metric_2}' for {name} on the front-end board with a deadline of next Friday. Also schedule a half-hour meeting called 'Discuss {natural_language_metric}' with them at the first time I can do tomorrow,please check the percent growth of {natural_language_metric} since {day_of_week}. If it grew by more than {natural_language_metric_2} make a front-end backlog task called 'Improve {natural_language_metric_2}' for {name} that's due next Friday and schedule a 30 minute meeting called 'Discuss {natural_language_metric}' for us at the earliest slot i'm free tomorrow,natural_language_metric,total visits
multi_domain,175,Check the percent growth of {natural_language_metric} since {day_of_week} and if was more than {natural_language_metric_2} make a backlog task called 'Improve {natural_language_metric_2}' for {name} on the front-end board with a deadline of next Friday. Also schedule a half-hour meeting called 'Discuss {natural_language_metric}' with them at the first time I can do tomorrow,please check the percent growth of {natural_language_metric} since {day_of_week}. If it grew by more than {natural_language_metric_2} make a front-end backlog task called 'Improve {natural_language_metric_2}' for {name} that's due next Friday and schedule a 30 minute meeting called 'Discuss {natural_language_metric}' for us at the earliest slot i'm free tomorrow,day_of_week,Wednesday
multi_domain,175,Check the percent growth of {natural_language_metric} since {day_of_week} and if was more than {natural_language_metric_2} make a backlog task called 'Improve {natural_language_metric_2}' for {name} on the front-end board with a deadline of next Friday. Also schedule a half-hour meeting called 'Discuss {natural_language_metric}' with them at the first time I can do tomorrow,please check the percent growth of {natural_language_metric} since {day_of_week}. If it grew by more than {natural_language_metric_2} make a front-end backlog task called 'Improve {natural_language_metric_2}' for {name} that's due next Friday and schedule a 30 minute meeting called 'Discuss {natural_language_metric}' for us at the earliest slot i'm free tomorrow,natural_language_metric_2,engaged users
multi_domain,175,Check the percent growth of {natural_language_metric} since {day_of_week} and if was more than {natural_language_metric_2} make a backlog task called 'Improve {natural_language_metric_2}' for {name} on the front-end board with a deadline of next Friday. Also schedule a half-hour meeting called 'Discuss {natural_language_metric}' with them at the first time I can do tomorrow,please check the percent growth of {natural_language_metric} since {day_of_week}. If it grew by more than {natural_language_metric_2} make a front-end backlog task called 'Improve {natural_language_metric_2}' for {name} that's due next Friday and schedule a 30 minute meeting called 'Discuss {natural_language_metric}' for us at the earliest slot i'm free tomorrow,name,nia
multi_domain,176,Check the percent growth of {natural_language_metric} since {day_of_week} and if was more than {natural_language_metric_2} make a backlog task called 'Improve {natural_language_metric_2}' for {name} on the front-end board with a deadline of next Friday. Also schedule a half-hour meeting called 'Discuss {natural_language_metric}' with them at the first time I can do tomorrow,please check the percent growth of {natural_language_metric} since {day_of_week}. If it grew by more than {natural_language_metric_2} make a front-end backlog task called 'Improve {natural_language_metric_2}' for {name} that's due next Friday and schedule a 30 minute meeting called 'Discuss {natural_language_metric}' for us at the earliest slot i'm free tomorrow,natural_language_metric,total visits
multi_domain,176,Check the percent growth of {natural_language_metric} since {day_of_week} and if was more than {natural_language_metric_2} make a backlog task called 'Improve {natural_language_metric_2}' for {name} on the front-end board with a deadline of next Friday. Also schedule a half-hour meeting called 'Discuss {natural_language_metric}' with them at the first time I can do tomorrow,please check the percent growth of {natural_language_metric} since {day_of_week}. If it grew by more than {natural_language_metric_2} make a front-end backlog task called 'Improve {natural_language_metric_2}' for {name} that's due next Friday and schedule a 30 minute meeting called 'Discuss {natural_language_metric}' for us at the earliest slot i'm free tomorrow,day_of_week,Monday
multi_domain,176,Check the percent growth of {natural_language_metric} since {day_of_week} and if was more than {natural_language_metric_2} make a backlog task called 'Improve {natural_language_metric_2}' for {name} on the front-end board with a deadline of next Friday. Also schedule a half-hour meeting called 'Discuss {natural_language_metric}' with them at the first time I can do tomorrow,please check the percent growth of {natural_language_metric} since {day_of_week}. If it grew by more than {natural_language_metric_2} make a front-end backlog task called 'Improve {natural_language_metric_2}' for {name} that's due next Friday and schedule a 30 minute meeting called 'Discuss {natural_language_metric}' for us at the earliest slot i'm free tomorrow,natural_language_metric_2,average session duration
multi_domain,176,Check the percent growth of {natural_language_metric} since {day_of_week} and if was more than {natural_language_metric_2} make a backlog task called 'Improve {natural_language_metric_2}' for {name} on the front-end board with a deadline of next Friday. Also schedule a half-hour meeting called 'Discuss {natural_language_metric}' with them at the first time I can do tomorrow,please check the percent growth of {natural_language_metric} since {day_of_week}. If it grew by more than {natural_language_metric_2} make a front-end backlog task called 'Improve {natural_language_metric_2}' for {name} that's due next Friday and schedule a 30 minute meeting called 'Discuss {natural_language_metric}' for us at the earliest slot i'm free tomorrow,name,chenwei
multi_domain,177,Check the percent growth of {natural_language_metric} since {day_of_week} and if was more than {natural_language_metric_2} make a backlog task called 'Improve {natural_language_metric_2}' for {name} on the front-end board with a deadline of next Friday. Also schedule a half-hour meeting called 'Discuss {natural_language_metric}' with them at the first time I can do tomorrow,please check the percent growth of {natural_language_metric} since {day_of_week}. If it grew by more than {natural_language_metric_2} make a front-end backlog task called 'Improve {natural_language_metric_2}' for {name} that's due next Friday and schedule a 30 minute meeting called 'Discuss {natural_language_metric}' for us at the earliest slot i'm free tomorrow,natural_language_metric,total visits
multi_domain,177,Check the percent growth of {natural_language_metric} since {day_of_week} and if was more than {natural_language_metric_2} make a backlog task called 'Improve {natural_language_metric_2}' for {name} on the front-end board with a deadline of next Friday. Also schedule a half-hour meeting called 'Discuss {natural_language_metric}' with them at the first time I can do tomorrow,please check the percent growth of {natural_language_metric} since {day_of_week}. If it grew by more than {natural_language_metric_2} make a front-end backlog task called 'Improve {natural_language_metric_2}' for {name} that's due next Friday and schedule a 30 minute meeting called 'Discuss {natural_language_metric}' for us at the earliest slot i'm free tomorrow,day_of_week,Friday
multi_domain,177,Check the percent growth of {natural_language_metric} since {day_of_week} and if was more than {natural_language_metric_2} make a backlog task called 'Improve {natural_language_metric_2}' for {name} on the front-end board with a deadline of next Friday. Also schedule a half-hour meeting called 'Discuss {natural_language_metric}' with them at the first time I can do tomorrow,please check the percent growth of {natural_language_metric} since {day_of_week}. If it grew by more than {natural_language_metric_2} make a front-end backlog task called 'Improve {natural_language_metric_2}' for {name} that's due next Friday and schedule a 30 minute meeting called 'Discuss {natural_language_metric}' for us at the earliest slot i'm free tomorrow,natural_language_metric_2,average session duration
multi_domain,177,Check the percent growth of {natural_language_metric} since {day_of_week} and if was more than {natural_language_metric_2} make a backlog task called 'Improve {natural_language_metric_2}' for {name} on the front-end board with a deadline of next Friday. Also schedule a half-hour meeting called 'Discuss {natural_language_metric}' with them at the first time I can do tomorrow,please check the percent growth of {natural_language_metric} since {day_of_week}. If it grew by more than {natural_language_metric_2} make a front-end backlog task called 'Improve {natural_language_metric_2}' for {name} that's due next Friday and schedule a 30 minute meeting called 'Discuss {natural_language_metric}' for us at the earliest slot i'm free tomorrow,name,nia
multi_domain,178,Check the percent growth of {natural_language_metric} since {day_of_week} and if was more than {natural_language_metric_2} make a backlog task called 'Improve {natural_language_metric_2}' for {name} on the front-end board with a deadline of next Friday. Also schedule a half-hour meeting called 'Discuss {natural_language_metric}' with them at the first time I can do tomorrow,Check the percent growth of {natural_language_metric} since {day_of_week} and if was more than {natural_language_metric_2} make a backlog task called 'Improve {natural_language_metric_2}' for {name} on the front-end board with a deadline of next Friday. Also schedule a half-hour meeting called 'Discuss {natural_language_metric}' with them at the first time I can do tomorrow,natural_language_metric,average session duration
multi_domain,178,Check the percent growth of {natural_language_metric} since {day_of_week} and if was more than {natural_language_metric_2} make a backlog task called 'Improve {natural_language_metric_2}' for {name} on the front-end board with a deadline of next Friday. Also schedule a half-hour meeting called 'Discuss {natural_language_metric}' with them at the first time I can do tomorrow,Check the percent growth of {natural_language_metric} since {day_of_week} and if was more than {natural_language_metric_2} make a backlog task called 'Improve {natural_language_metric_2}' for {name} on the front-end board with a deadline of next Friday. Also schedule a half-hour meeting called 'Discuss {natural_language_metric}' with them at the first time I can do tomorrow,day_of_week,Saturday
multi_domain,178,Check the percent growth of {natural_language_metric} since {day_of_week} and if was more than {natural_language_metric_2} make a backlog task called 'Improve {natural_language_metric_2}' for {name} on the front-end board with a deadline of next Friday. Also schedule a half-hour meeting called 'Discuss {natural_language_metric}' with them at the first time I can do tomorrow,Check the percent growth of {natural_language_metric} since {day_of_week} and if was more than {natural_language_metric_2} make a backlog task called 'Improve {natural_language_metric_2}' for {name} on the front-end board with a deadline of next Friday. Also schedule a half-hour meeting called 'Discuss {natural_language_metric}' with them at the first time I can do tomorrow,natural_language_metric_2,engaged users
multi_domain,178,Check the percent growth of {natural_language_metric} since {day_of_week} and if was more than {natural_language_metric_2} make a backlog task called 'Improve {natural_language_metric_2}' for {name} on the front-end board with a deadline of next Friday. Also schedule a half-hour meeting called 'Discuss {natural_language_metric}' with them at the first time I can do tomorrow,Check the percent growth of {natural_language_metric} since {day_of_week} and if was more than {natural_language_metric_2} make a backlog task called 'Improve {natural_language_metric_2}' for {name} on the front-end board with a deadline of next Friday. Also schedule a half-hour meeting called 'Discuss {natural_language_metric}' with them at the first time I can do tomorrow,name,leila
multi_domain,179,Check the percent growth of {natural_language_metric} since {day_of_week} and if was more than {natural_language_metric_2} make a backlog task called 'Improve {natural_language_metric_2}' for {name} on the front-end board with a deadline of next Friday. Also schedule a half-hour meeting called 'Discuss {natural_language_metric}' with them at the first time I can do tomorrow,Check the percent growth of {natural_language_metric} since {day_of_week} and if was more than {natural_language_metric_2} make a backlog task called 'Improve {natural_language_metric_2}' for {name} on the front-end board with a deadline of next Friday. Also schedule a half-hour meeting called 'Discuss {natural_language_metric}' with them at the first time I can do tomorrow,natural_language_metric,average session duration
multi_domain,179,Check the percent growth of {natural_language_metric} since {day_of_week} and if was more than {natural_language_metric_2} make a backlog task called 'Improve {natural_language_metric_2}' for {name} on the front-end board with a deadline of next Friday. Also schedule a half-hour meeting called 'Discuss {natural_language_metric}' with them at the first time I can do tomorrow,Check the percent growth of {natural_language_metric} since {day_of_week} and if was more than {natural_language_metric_2} make a backlog task called 'Improve {natural_language_metric_2}' for {name} on the front-end board with a deadline of next Friday. Also schedule a half-hour meeting called 'Discuss {natural_language_metric}' with them at the first time I can do tomorrow,day_of_week,Friday
multi_domain,179,Check the percent growth of {natural_language_metric} since {day_of_week} and if was more than {natural_language_metric_2} make a backlog task called 'Improve {natural_language_metric_2}' for {name} on the front-end board with a deadline of next Friday. Also schedule a half-hour meeting called 'Discuss {natural_language_metric}' with them at the first time I can do tomorrow,Check the percent growth of {natural_language_metric} since {day_of_week} and if was more than {natural_language_metric_2} make a backlog task called 'Improve {natural_language_metric_2}' for {name} on the front-end board with a deadline of next Friday. Also schedule a half-hour meeting called 'Discuss {natural_language_metric}' with them at the first time I can do tomorrow,natural_language_metric_2,engaged users
multi_domain,179,Check the percent growth of {natural_language_metric} since {day_of_week} and if was more than {natural_language_metric_2} make a backlog task called 'Improve {natural_language_metric_2}' for {name} on the front-end board with a deadline of next Friday. Also schedule a half-hour meeting called 'Discuss {natural_language_metric}' with them at the first time I can do tomorrow,Check the percent growth of {natural_language_metric} since {day_of_week} and if was more than {natural_language_metric_2} make a backlog task called 'Improve {natural_language_metric_2}' for {name} on the front-end board with a deadline of next Friday. Also schedule a half-hour meeting called 'Discuss {natural_language_metric}' with them at the first time I can do tomorrow,name,aisha
multi_domain,180,"If {natural_language_metric} was {more_or_less} than {threshold} at any time since {natural_language_date} delete {assigned_to_first_name}'s new leads in the CRM and send them an email titled 'Reprioritising'saying '{natural_language_metric} looks good, so we no longer need you finding new leads'.If not say in the email 'We need you to improve {natural_language_metric} - TBD.'","Was {natural_language_metric} {more_or_less} than {threshold} at any time since {natural_language_date}? If so, delete all {assigned_to_first_name}'s leads in the CRM and then send them an email titled 'Reprioritising' saying '{natural_language_metric} looks good, so we no longer need you finding new leads'. If not say in the email 'We need you to improve {natural_language_metric} - TBD.'",natural_language_metric,engaged users
multi_domain,180,"If {natural_language_metric} was {more_or_less} than {threshold} at any time since {natural_language_date} delete {assigned_to_first_name}'s new leads in the CRM and send them an email titled 'Reprioritising'saying '{natural_language_metric} looks good, so we no longer need you finding new leads'.If not say in the email 'We need you to improve {natural_language_metric} - TBD.'","Was {natural_language_metric} {more_or_less} than {threshold} at any time since {natural_language_date}? If so, delete all {assigned_to_first_name}'s leads in the CRM and then send them an email titled 'Reprioritising' saying '{natural_language_metric} looks good, so we no longer need you finding new leads'. If not say in the email 'We need you to improve {natural_language_metric} - TBD.'",more_or_less,less
multi_domain,180,"If {natural_language_metric} was {more_or_less} than {threshold} at any time since {natural_language_date} delete {assigned_to_first_name}'s new leads in the CRM and send them an email titled 'Reprioritising'saying '{natural_language_metric} looks good, so we no longer need you finding new leads'.If not say in the email 'We need you to improve {natural_language_metric} - TBD.'","Was {natural_language_metric} {more_or_less} than {threshold} at any time since {natural_language_date}? If so, delete all {assigned_to_first_name}'s leads in the CRM and then send them an email titled 'Reprioritising' saying '{natural_language_metric} looks good, so we no longer need you finding new leads'. If not say in the email 'We need you to improve {natural_language_metric} - TBD.'",threshold,1
multi_domain,180,"If {natural_language_metric} was {more_or_less} than {threshold} at any time since {natural_language_date} delete {assigned_to_first_name}'s new leads in the CRM and send them an email titled 'Reprioritising'saying '{natural_language_metric} looks good, so we no longer need you finding new leads'.If not say in the email 'We need you to improve {natural_language_metric} - TBD.'","Was {natural_language_metric} {more_or_less} than {threshold} at any time since {natural_language_date}? If so, delete all {assigned_to_first_name}'s leads in the CRM and then send them an email titled 'Reprioritising' saying '{natural_language_metric} looks good, so we no longer need you finding new leads'. If not say in the email 'We need you to improve {natural_language_metric} - TBD.'",natural_language_date,November 6
multi_domain,180,"If {natural_language_metric} was {more_or_less} than {threshold} at any time since {natural_language_date} delete {assigned_to_first_name}'s new leads in the CRM and send them an email titled 'Reprioritising'saying '{natural_language_metric} looks good, so we no longer need you finding new leads'.If not say in the email 'We need you to improve {natural_language_metric} - TBD.'","Was {natural_language_metric} {more_or_less} than {threshold} at any time since {natural_language_date}? If so, delete all {assigned_to_first_name}'s leads in the CRM and then send them an email titled 'Reprioritising' saying '{natural_language_metric} looks good, so we no longer need you finding new leads'. If not say in the email 'We need you to improve {natural_language_metric} - TBD.'",assigned_to_first_name,Raj
multi_domain,181,"If {natural_language_metric} was {more_or_less} than {threshold} at any time since {natural_language_date} delete {assigned_to_first_name}'s new leads in the CRM and send them an email titled 'Reprioritising'saying '{natural_language_metric} looks good, so we no longer need you finding new leads'.If not say in the email 'We need you to improve {natural_language_metric} - TBD.'","can you check if {natural_language_metric} was {more_or_less} than {threshold} at any time since {natural_language_date}? If so, delete all the leads assigned to {assigned_to_first_name}'s in the CRM and send them an email titled 'Reprioritising' saying '{natural_language_metric} looks good, so we no longer need you finding new leads'. If not say 'We need you to improve {natural_language_metric} - TBD.'",natural_language_metric,engaged users
multi_domain,181,"If {natural_language_metric} was {more_or_less} than {threshold} at any time since {natural_language_date} delete {assigned_to_first_name}'s new leads in the CRM and send them an email titled 'Reprioritising'saying '{natural_language_metric} looks good, so we no longer need you finding new leads'.If not say in the email 'We need you to improve {natural_language_metric} - TBD.'","can you check if {natural_language_metric} was {more_or_less} than {threshold} at any time since {natural_language_date}? If so, delete all the leads assigned to {assigned_to_first_name}'s in the CRM and send them an email titled 'Reprioritising' saying '{natural_language_metric} looks good, so we no longer need you finding new leads'. If not say 'We need you to improve {natural_language_metric} - TBD.'",more_or_less,more
multi_domain,181,"If {natural_language_metric} was {more_or_less} than {threshold} at any time since {natural_language_date} delete {assigned_to_first_name}'s new leads in the CRM and send them an email titled 'Reprioritising'saying '{natural_language_metric} looks good, so we no longer need you finding new leads'.If not say in the email 'We need you to improve {natural_language_metric} - TBD.'","can you check if {natural_language_metric} was {more_or_less} than {threshold} at any time since {natural_language_date}? If so, delete all the leads assigned to {assigned_to_first_name}'s in the CRM and send them an email titled 'Reprioritising' saying '{natural_language_metric} looks good, so we no longer need you finding new leads'. If not say 'We need you to improve {natural_language_metric} - TBD.'",threshold,5
multi_domain,181,"If {natural_language_metric} was {more_or_less} than {threshold} at any time since {natural_language_date} delete {assigned_to_first_name}'s new leads in the CRM and send them an email titled 'Reprioritising'saying '{natural_language_metric} looks good, so we no longer need you finding new leads'.If not say in the email 'We need you to improve {natural_language_metric} - TBD.'","can you check if {natural_language_metric} was {more_or_less} than {threshold} at any time since {natural_language_date}? If so, delete all the leads assigned to {assigned_to_first_name}'s in the CRM and send them an email titled 'Reprioritising' saying '{natural_language_metric} looks good, so we no longer need you finding new leads'. If not say 'We need you to improve {natural_language_metric} - TBD.'",natural_language_date,October 3
multi_domain,181,"If {natural_language_metric} was {more_or_less} than {threshold} at any time since {natural_language_date} delete {assigned_to_first_name}'s new leads in the CRM and send them an email titled 'Reprioritising'saying '{natural_language_metric} looks good, so we no longer need you finding new leads'.If not say in the email 'We need you to improve {natural_language_metric} - TBD.'","can you check if {natural_language_metric} was {more_or_less} than {threshold} at any time since {natural_language_date}? If so, delete all the leads assigned to {assigned_to_first_name}'s in the CRM and send them an email titled 'Reprioritising' saying '{natural_language_metric} looks good, so we no longer need you finding new leads'. If not say 'We need you to improve {natural_language_metric} - TBD.'",assigned_to_first_name,Nadia
multi_domain,182,"If {natural_language_metric} was {more_or_less} than {threshold} at any time since {natural_language_date} delete {assigned_to_first_name}'s new leads in the CRM and send them an email titled 'Reprioritising'saying '{natural_language_metric} looks good, so we no longer need you finding new leads'.If not say in the email 'We need you to improve {natural_language_metric} - TBD.'","If {natural_language_metric} was {more_or_less} than {threshold} at any time since {natural_language_date} delete {assigned_to_first_name}'s new leads in the CRM and send them an email titled 'Reprioritising'saying '{natural_language_metric} looks good, so we no longer need you finding new leads'.If not say in the email 'We need you to improve {natural_language_metric} - TBD.'",natural_language_metric,total visits
multi_domain,182,"If {natural_language_metric} was {more_or_less} than {threshold} at any time since {natural_language_date} delete {assigned_to_first_name}'s new leads in the CRM and send them an email titled 'Reprioritising'saying '{natural_language_metric} looks good, so we no longer need you finding new leads'.If not say in the email 'We need you to improve {natural_language_metric} - TBD.'","If {natural_language_metric} was {more_or_less} than {threshold} at any time since {natural_language_date} delete {assigned_to_first_name}'s new leads in the CRM and send them an email titled 'Reprioritising'saying '{natural_language_metric} looks good, so we no longer need you finding new leads'.If not say in the email 'We need you to improve {natural_language_metric} - TBD.'",more_or_less,less
multi_domain,182,"If {natural_language_metric} was {more_or_less} than {threshold} at any time since {natural_language_date} delete {assigned_to_first_name}'s new leads in the CRM and send them an email titled 'Reprioritising'saying '{natural_language_metric} looks good, so we no longer need you finding new leads'.If not say in the email 'We need you to improve {natural_language_metric} - TBD.'","If {natural_language_metric} was {more_or_less} than {threshold} at any time since {natural_language_date} delete {assigned_to_first_name}'s new leads in the CRM and send them an email titled 'Reprioritising'saying '{natural_language_metric} looks good, so we no longer need you finding new leads'.If not say in the email 'We need you to improve {natural_language_metric} - TBD.'",threshold,21
multi_domain,182,"If {natural_language_metric} was {more_or_less} than {threshold} at any time since {natural_language_date} delete {assigned_to_first_name}'s new leads in the CRM and send them an email titled 'Reprioritising'saying '{natural_language_metric} looks good, so we no longer need you finding new leads'.If not say in the email 'We need you to improve {natural_language_metric} - TBD.'","If {natural_language_metric} was {more_or_less} than {threshold} at any time since {natural_language_date} delete {assigned_to_first_name}'s new leads in the CRM and send them an email titled 'Reprioritising'saying '{natural_language_metric} looks good, so we no longer need you finding new leads'.If not say in the email 'We need you to improve {natural_language_metric} - TBD.'",natural_language_date,October 30
multi_domain,182,"If {natural_language_metric} was {more_or_less} than {threshold} at any time since {natural_language_date} delete {assigned_to_first_name}'s new leads in the CRM and send them an email titled 'Reprioritising'saying '{natural_language_metric} looks good, so we no longer need you finding new leads'.If not say in the email 'We need you to improve {natural_language_metric} - TBD.'","If {natural_language_metric} was {more_or_less} than {threshold} at any time since {natural_language_date} delete {assigned_to_first_name}'s new leads in the CRM and send them an email titled 'Reprioritising'saying '{natural_language_metric} looks good, so we no longer need you finding new leads'.If not say in the email 'We need you to improve {natural_language_metric} - TBD.'",assigned_to_first_name,Sofia
multi_domain,183,"If {natural_language_metric} was {more_or_less} than {threshold} at any time since {natural_language_date} delete {assigned_to_first_name}'s new leads in the CRM and send them an email titled 'Reprioritising'saying '{natural_language_metric} looks good, so we no longer need you finding new leads'.If not say in the email 'We need you to improve {natural_language_metric} - TBD.'","can you check if {natural_language_metric} was {more_or_less} than {threshold} at any time since {natural_language_date}? If so, delete all the leads assigned to {assigned_to_first_name}'s in the CRM and send them an email titled 'Reprioritising' saying '{natural_language_metric} looks good, so we no longer need you finding new leads'. If not say 'We need you to improve {natural_language_metric} - TBD.'",natural_language_metric,engaged users
multi_domain,183,"If {natural_language_metric} was {more_or_less} than {threshold} at any time since {natural_language_date} delete {assigned_to_first_name}'s new leads in the CRM and send them an email titled 'Reprioritising'saying '{natural_language_metric} looks good, so we no longer need you finding new leads'.If not say in the email 'We need you to improve {natural_language_metric} - TBD.'","can you check if {natural_language_metric} was {more_or_less} than {threshold} at any time since {natural_language_date}? If so, delete all the leads assigned to {assigned_to_first_name}'s in the CRM and send them an email titled 'Reprioritising' saying '{natural_language_metric} looks good, so we no longer need you finding new leads'. If not say 'We need you to improve {natural_language_metric} - TBD.'",more_or_less,less
multi_domain,183,"If {natural_language_metric} was {more_or_less} than {threshold} at any time since {natural_language_date} delete {assigned_to_first_name}'s new leads in the CRM and send them an email titled 'Reprioritising'saying '{natural_language_metric} looks good, so we no longer need you finding new leads'.If not say in the email 'We need you to improve {natural_language_metric} - TBD.'","can you check if {natural_language_metric} was {more_or_less} than {threshold} at any time since {natural_language_date}? If so, delete all the leads assigned to {assigned_to_first_name}'s in the CRM and send them an email titled 'Reprioritising' saying '{natural_language_metric} looks good, so we no longer need you finding new leads'. If not say 'We need you to improve {natural_language_metric} - TBD.'",threshold,11
multi_domain,183,"If {natural_language_metric} was {more_or_less} than {threshold} at any time since {natural_language_date} delete {assigned_to_first_name}'s new leads in the CRM and send them an email titled 'Reprioritising'saying '{natural_language_metric} looks good, so we no longer need you finding new leads'.If not say in the email 'We need you to improve {natural_language_metric} - TBD.'","can you check if {natural_language_metric} was {more_or_less} than {threshold} at any time since {natural_language_date}? If so, delete all the leads assigned to {assigned_to_first_name}'s in the CRM and send them an email titled 'Reprioritising' saying '{natural_language_metric} looks good, so we no longer need you finding new leads'. If not say 'We need you to improve {natural_language_metric} - TBD.'",natural_language_date,September 22
multi_domain,183,"If {natural_language_metric} was {more_or_less} than {threshold} at any time since {natural_language_date} delete {assigned_to_first_name}'s new leads in the CRM and send them an email titled 'Reprioritising'saying '{natural_language_metric} looks good, so we no longer need you finding new leads'.If not say in the email 'We need you to improve {natural_language_metric} - TBD.'","can you check if {natural_language_metric} was {more_or_less} than {threshold} at any time since {natural_language_date}? If so, delete all the leads assigned to {assigned_to_first_name}'s in the CRM and send them an email titled 'Reprioritising' saying '{natural_language_metric} looks good, so we no longer need you finding new leads'. If not say 'We need you to improve {natural_language_metric} - TBD.'",assigned_to_first_name,Sofia
multi_domain,184,"If {natural_language_metric} was {more_or_less} than {threshold} at any time since {natural_language_date} delete {assigned_to_first_name}'s new leads in the CRM and send them an email titled 'Reprioritising'saying '{natural_language_metric} looks good, so we no longer need you finding new leads'.If not say in the email 'We need you to improve {natural_language_metric} - TBD.'","Was {natural_language_metric} {more_or_less} than {threshold} at any time since {natural_language_date}? If so, delete all {assigned_to_first_name}'s leads in the CRM and then send them an email titled 'Reprioritising' saying '{natural_language_metric} looks good, so we no longer need you finding new leads'. If not say in the email 'We need you to improve {natural_language_metric} - TBD.'",natural_language_metric,total visits
multi_domain,184,"If {natural_language_metric} was {more_or_less} than {threshold} at any time since {natural_language_date} delete {assigned_to_first_name}'s new leads in the CRM and send them an email titled 'Reprioritising'saying '{natural_language_metric} looks good, so we no longer need you finding new leads'.If not say in the email 'We need you to improve {natural_language_metric} - TBD.'","Was {natural_language_metric} {more_or_less} than {threshold} at any time since {natural_language_date}? If so, delete all {assigned_to_first_name}'s leads in the CRM and then send them an email titled 'Reprioritising' saying '{natural_language_metric} looks good, so we no longer need you finding new leads'. If not say in the email 'We need you to improve {natural_language_metric} - TBD.'",more_or_less,less
multi_domain,184,"If {natural_language_metric} was {more_or_less} than {threshold} at any time since {natural_language_date} delete {assigned_to_first_name}'s new leads in the CRM and send them an email titled 'Reprioritising'saying '{natural_language_metric} looks good, so we no longer need you finding new leads'.If not say in the email 'We need you to improve {natural_language_metric} - TBD.'","Was {natural_language_metric} {more_or_less} than {threshold} at any time since {natural_language_date}? If so, delete all {assigned_to_first_name}'s leads in the CRM and then send them an email titled 'Reprioritising' saying '{natural_language_metric} looks good, so we no longer need you finding new leads'. If not say in the email 'We need you to improve {natural_language_metric} - TBD.'",threshold,21
multi_domain,184,"If {natural_language_metric} was {more_or_less} than {threshold} at any time since {natural_language_date} delete {assigned_to_first_name}'s new leads in the CRM and send them an email titled 'Reprioritising'saying '{natural_language_metric} looks good, so we no longer need you finding new leads'.If not say in the email 'We need you to improve {natural_language_metric} - TBD.'","Was {natural_language_metric} {more_or_less} than {threshold} at any time since {natural_language_date}? If so, delete all {assigned_to_first_name}'s leads in the CRM and then send them an email titled 'Reprioritising' saying '{natural_language_metric} looks good, so we no longer need you finding new leads'. If not say in the email 'We need you to improve {natural_language_metric} - TBD.'",natural_language_date,September 1
multi_domain,184,"If {natural_language_metric} was {more_or_less} than {threshold} at any time since {natural_language_date} delete {assigned_to_first_name}'s new leads in the CRM and send them an email titled 'Reprioritising'saying '{natural_language_metric} looks good, so we no longer need you finding new leads'.If not say in the email 'We need you to improve {natural_language_metric} - TBD.'","Was {natural_language_metric} {more_or_less} than {threshold} at any time since {natural_language_date}? If so, delete all {assigned_to_first_name}'s leads in the CRM and then send them an email titled 'Reprioritising' saying '{natural_language_metric} looks good, so we no longer need you finding new leads'. If not say in the email 'We need you to improve {natural_language_metric} - TBD.'",assigned_to_first_name,Akira
multi_domain,185,"If {natural_language_metric} was {more_or_less} than {threshold} at any time since {natural_language_date} delete {assigned_to_first_name}'s new leads in the CRM and send them an email titled 'Reprioritising'saying '{natural_language_metric} looks good, so we no longer need you finding new leads'.If not say in the email 'We need you to improve {natural_language_metric} - TBD.'","can you check if {natural_language_metric} was {more_or_less} than {threshold} at any time since {natural_language_date}? If so, delete all the leads assigned to {assigned_to_first_name}'s in the CRM and send them an email titled 'Reprioritising' saying '{natural_language_metric} looks good, so we no longer need you finding new leads'. If not say 'We need you to improve {natural_language_metric} - TBD.'",natural_language_metric,engaged users
multi_domain,185,"If {natural_language_metric} was {more_or_less} than {threshold} at any time since {natural_language_date} delete {assigned_to_first_name}'s new leads in the CRM and send them an email titled 'Reprioritising'saying '{natural_language_metric} looks good, so we no longer need you finding new leads'.If not say in the email 'We need you to improve {natural_language_metric} - TBD.'","can you check if {natural_language_metric} was {more_or_less} than {threshold} at any time since {natural_language_date}? If so, delete all the leads assigned to {assigned_to_first_name}'s in the CRM and send them an email titled 'Reprioritising' saying '{natural_language_metric} looks good, so we no longer need you finding new leads'. If not say 'We need you to improve {natural_language_metric} - TBD.'",more_or_less,less
multi_domain,185,"If {natural_language_metric} was {more_or_less} than {threshold} at any time since {natural_language_date} delete {assigned_to_first_name}'s new leads in the CRM and send them an email titled 'Reprioritising'saying '{natural_language_metric} looks good, so we no longer need you finding new leads'.If not say in the email 'We need you to improve {natural_language_metric} - TBD.'","can you check if {natural_language_metric} was {more_or_less} than {threshold} at any time since {natural_language_date}? If so, delete all the leads assigned to {assigned_to_first_name}'s in the CRM and send them an email titled 'Reprioritising' saying '{natural_language_metric} looks good, so we no longer need you finding new leads'. If not say 'We need you to improve {natural_language_metric} - TBD.'",threshold,11
multi_domain,185,"If {natural_language_metric} was {more_or_less} than {threshold} at any time since {natural_language_date} delete {assigned_to_first_name}'s new leads in the CRM and send them an email titled 'Reprioritising'saying '{natural_language_metric} looks good, so we no longer need you finding new leads'.If not say in the email 'We need you to improve {natural_language_metric} - TBD.'","can you check if {natural_language_metric} was {more_or_less} than {threshold} at any time since {natural_language_date}? If so, delete all the leads assigned to {assigned_to_first_name}'s in the CRM and send them an email titled 'Reprioritising' saying '{natural_language_metric} looks good, so we no longer need you finding new leads'. If not say 'We need you to improve {natural_language_metric} - TBD.'",natural_language_date,November 21
multi_domain,185,"If {natural_language_metric} was {more_or_less} than {threshold} at any time since {natural_language_date} delete {assigned_to_first_name}'s new leads in the CRM and send them an email titled 'Reprioritising'saying '{natural_language_metric} looks good, so we no longer need you finding new leads'.If not say in the email 'We need you to improve {natural_language_metric} - TBD.'","can you check if {natural_language_metric} was {more_or_less} than {threshold} at any time since {natural_language_date}? If so, delete all the leads assigned to {assigned_to_first_name}'s in the CRM and send them an email titled 'Reprioritising' saying '{natural_language_metric} looks good, so we no longer need you finding new leads'. If not say 'We need you to improve {natural_language_metric} - TBD.'",assigned_to_first_name,Raj
multi_domain,186,"If {natural_language_metric} was {more_or_less} than {threshold} at any time since {natural_language_date} delete {assigned_to_first_name}'s new leads in the CRM and send them an email titled 'Reprioritising'saying '{natural_language_metric} looks good, so we no longer need you finding new leads'.If not say in the email 'We need you to improve {natural_language_metric} - TBD.'","Was {natural_language_metric} {more_or_less} than {threshold} at any time since {natural_language_date}? If so, delete all {assigned_to_first_name}'s leads in the CRM and then send them an email titled 'Reprioritising' saying '{natural_language_metric} looks good, so we no longer need you finding new leads'. If not say in the email 'We need you to improve {natural_language_metric} - TBD.'",natural_language_metric,total visits
multi_domain,186,"If {natural_language_metric} was {more_or_less} than {threshold} at any time since {natural_language_date} delete {assigned_to_first_name}'s new leads in the CRM and send them an email titled 'Reprioritising'saying '{natural_language_metric} looks good, so we no longer need you finding new leads'.If not say in the email 'We need you to improve {natural_language_metric} - TBD.'","Was {natural_language_metric} {more_or_less} than {threshold} at any time since {natural_language_date}? If so, delete all {assigned_to_first_name}'s leads in the CRM and then send them an email titled 'Reprioritising' saying '{natural_language_metric} looks good, so we no longer need you finding new leads'. If not say in the email 'We need you to improve {natural_language_metric} - TBD.'",more_or_less,more
multi_domain,186,"If {natural_language_metric} was {more_or_less} than {threshold} at any time since {natural_language_date} delete {assigned_to_first_name}'s new leads in the CRM and send them an email titled 'Reprioritising'saying '{natural_language_metric} looks good, so we no longer need you finding new leads'.If not say in the email 'We need you to improve {natural_language_metric} - TBD.'","Was {natural_language_metric} {more_or_less} than {threshold} at any time since {natural_language_date}? If so, delete all {assigned_to_first_name}'s leads in the CRM and then send them an email titled 'Reprioritising' saying '{natural_language_metric} looks good, so we no longer need you finding new leads'. If not say in the email 'We need you to improve {natural_language_metric} - TBD.'",threshold,10
multi_domain,186,"If {natural_language_metric} was {more_or_less} than {threshold} at any time since {natural_language_date} delete {assigned_to_first_name}'s new leads in the CRM and send them an email titled 'Reprioritising'saying '{natural_language_metric} looks good, so we no longer need you finding new leads'.If not say in the email 'We need you to improve {natural_language_metric} - TBD.'","Was {natural_language_metric} {more_or_less} than {threshold} at any time since {natural_language_date}? If so, delete all {assigned_to_first_name}'s leads in the CRM and then send them an email titled 'Reprioritising' saying '{natural_language_metric} looks good, so we no longer need you finding new leads'. If not say in the email 'We need you to improve {natural_language_metric} - TBD.'",natural_language_date,November 6
multi_domain,186,"If {natural_language_metric} was {more_or_less} than {threshold} at any time since {natural_language_date} delete {assigned_to_first_name}'s new leads in the CRM and send them an email titled 'Reprioritising'saying '{natural_language_metric} looks good, so we no longer need you finding new leads'.If not say in the email 'We need you to improve {natural_language_metric} - TBD.'","Was {natural_language_metric} {more_or_less} than {threshold} at any time since {natural_language_date}? If so, delete all {assigned_to_first_name}'s leads in the CRM and then send them an email titled 'Reprioritising' saying '{natural_language_metric} looks good, so we no longer need you finding new leads'. If not say in the email 'We need you to improve {natural_language_metric} - TBD.'",assigned_to_first_name,Akira
multi_domain,187,"If {natural_language_metric} was {more_or_less} than {threshold} at any time since {natural_language_date} delete {assigned_to_first_name}'s new leads in the CRM and send them an email titled 'Reprioritising'saying '{natural_language_metric} looks good, so we no longer need you finding new leads'.If not say in the email 'We need you to improve {natural_language_metric} - TBD.'","Was {natural_language_metric} {more_or_less} than {threshold} at any time since {natural_language_date}? If so, delete all {assigned_to_first_name}'s leads in the CRM and then send them an email titled 'Reprioritising' saying '{natural_language_metric} looks good, so we no longer need you finding new leads'. If not say in the email 'We need you to improve {natural_language_metric} - TBD.'",natural_language_metric,engaged users
multi_domain,187,"If {natural_language_metric} was {more_or_less} than {threshold} at any time since {natural_language_date} delete {assigned_to_first_name}'s new leads in the CRM and send them an email titled 'Reprioritising'saying '{natural_language_metric} looks good, so we no longer need you finding new leads'.If not say in the email 'We need you to improve {natural_language_metric} - TBD.'","Was {natural_language_metric} {more_or_less} than {threshold} at any time since {natural_language_date}? If so, delete all {assigned_to_first_name}'s leads in the CRM and then send them an email titled 'Reprioritising' saying '{natural_language_metric} looks good, so we no longer need you finding new leads'. If not say in the email 'We need you to improve {natural_language_metric} - TBD.'",more_or_less,less
multi_domain,187,"If {natural_language_metric} was {more_or_less} than {threshold} at any time since {natural_language_date} delete {assigned_to_first_name}'s new leads in the CRM and send them an email titled 'Reprioritising'saying '{natural_language_metric} looks good, so we no longer need you finding new leads'.If not say in the email 'We need you to improve {natural_language_metric} - TBD.'","Was {natural_language_metric} {more_or_less} than {threshold} at any time since {natural_language_date}? If so, delete all {assigned_to_first_name}'s leads in the CRM and then send them an email titled 'Reprioritising' saying '{natural_language_metric} looks good, so we no longer need you finding new leads'. If not say in the email 'We need you to improve {natural_language_metric} - TBD.'",threshold,5
multi_domain,187,"If {natural_language_metric} was {more_or_less} than {threshold} at any time since {natural_language_date} delete {assigned_to_first_name}'s new leads in the CRM and send them an email titled 'Reprioritising'saying '{natural_language_metric} looks good, so we no longer need you finding new leads'.If not say in the email 'We need you to improve {natural_language_metric} - TBD.'","Was {natural_language_metric} {more_or_less} than {threshold} at any time since {natural_language_date}? If so, delete all {assigned_to_first_name}'s leads in the CRM and then send them an email titled 'Reprioritising' saying '{natural_language_metric} looks good, so we no longer need you finding new leads'. If not say in the email 'We need you to improve {natural_language_metric} - TBD.'",natural_language_date,November 17
multi_domain,187,"If {natural_language_metric} was {more_or_less} than {threshold} at any time since {natural_language_date} delete {assigned_to_first_name}'s new leads in the CRM and send them an email titled 'Reprioritising'saying '{natural_language_metric} looks good, so we no longer need you finding new leads'.If not say in the email 'We need you to improve {natural_language_metric} - TBD.'","Was {natural_language_metric} {more_or_less} than {threshold} at any time since {natural_language_date}? If so, delete all {assigned_to_first_name}'s leads in the CRM and then send them an email titled 'Reprioritising' saying '{natural_language_metric} looks good, so we no longer need you finding new leads'. If not say in the email 'We need you to improve {natural_language_metric} - TBD.'",assigned_to_first_name,Nadia
multi_domain,188,"If {natural_language_metric} was {more_or_less} than {threshold} at any time since {natural_language_date} delete {assigned_to_first_name}'s new leads in the CRM and send them an email titled 'Reprioritising'saying '{natural_language_metric} looks good, so we no longer need you finding new leads'.If not say in the email 'We need you to improve {natural_language_metric} - TBD.'","can you check if {natural_language_metric} was {more_or_less} than {threshold} at any time since {natural_language_date}? If so, delete all the leads assigned to {assigned_to_first_name}'s in the CRM and send them an email titled 'Reprioritising' saying '{natural_language_metric} looks good, so we no longer need you finding new leads'. If not say 'We need you to improve {natural_language_metric} - TBD.'",natural_language_metric,engaged users
multi_domain,188,"If {natural_language_metric} was {more_or_less} than {threshold} at any time since {natural_language_date} delete {assigned_to_first_name}'s new leads in the CRM and send them an email titled 'Reprioritising'saying '{natural_language_metric} looks good, so we no longer need you finding new leads'.If not say in the email 'We need you to improve {natural_language_metric} - TBD.'","can you check if {natural_language_metric} was {more_or_less} than {threshold} at any time since {natural_language_date}? If so, delete all the leads assigned to {assigned_to_first_name}'s in the CRM and send them an email titled 'Reprioritising' saying '{natural_language_metric} looks good, so we no longer need you finding new leads'. If not say 'We need you to improve {natural_language_metric} - TBD.'",more_or_less,less
multi_domain,188,"If {natural_language_metric} was {more_or_less} than {threshold} at any time since {natural_language_date} delete {assigned_to_first_name}'s new leads in the CRM and send them an email titled 'Reprioritising'saying '{natural_language_metric} looks good, so we no longer need you finding new leads'.If not say in the email 'We need you to improve {natural_language_metric} - TBD.'","can you check if {natural_language_metric} was {more_or_less} than {threshold} at any time since {natural_language_date}? If so, delete all the leads assigned to {assigned_to_first_name}'s in the CRM and send them an email titled 'Reprioritising' saying '{natural_language_metric} looks good, so we no longer need you finding new leads'. If not say 'We need you to improve {natural_language_metric} - TBD.'",threshold,1
multi_domain,188,"If {natural_language_metric} was {more_or_less} than {threshold} at any time since {natural_language_date} delete {assigned_to_first_name}'s new leads in the CRM and send them an email titled 'Reprioritising'saying '{natural_language_metric} looks good, so we no longer need you finding new leads'.If not say in the email 'We need you to improve {natural_language_metric} - TBD.'","can you check if {natural_language_metric} was {more_or_less} than {threshold} at any time since {natural_language_date}? If so, delete all the leads assigned to {assigned_to_first_name}'s in the CRM and send them an email titled 'Reprioritising' saying '{natural_language_metric} looks good, so we no longer need you finding new leads'. If not say 'We need you to improve {natural_language_metric} - TBD.'",natural_language_date,September 4
multi_domain,188,"If {natural_language_metric} was {more_or_less} than {threshold} at any time since {natural_language_date} delete {assigned_to_first_name}'s new leads in the CRM and send them an email titled 'Reprioritising'saying '{natural_language_metric} looks good, so we no longer need you finding new leads'.If not say in the email 'We need you to improve {natural_language_metric} - TBD.'","can you check if {natural_language_metric} was {more_or_less} than {threshold} at any time since {natural_language_date}? If so, delete all the leads assigned to {assigned_to_first_name}'s in the CRM and send them an email titled 'Reprioritising' saying '{natural_language_metric} looks good, so we no longer need you finding new leads'. If not say 'We need you to improve {natural_language_metric} - TBD.'",assigned_to_first_name,Raj
multi_domain,189,"If {natural_language_metric} was {more_or_less} than {threshold} at any time since {natural_language_date} delete {assigned_to_first_name}'s new leads in the CRM and send them an email titled 'Reprioritising'saying '{natural_language_metric} looks good, so we no longer need you finding new leads'.If not say in the email 'We need you to improve {natural_language_metric} - TBD.'","can you check if {natural_language_metric} was {more_or_less} than {threshold} at any time since {natural_language_date}? If so, delete all the leads assigned to {assigned_to_first_name}'s in the CRM and send them an email titled 'Reprioritising' saying '{natural_language_metric} looks good, so we no longer need you finding new leads'. If not say 'We need you to improve {natural_language_metric} - TBD.'",natural_language_metric,engaged users
multi_domain,189,"If {natural_language_metric} was {more_or_less} than {threshold} at any time since {natural_language_date} delete {assigned_to_first_name}'s new leads in the CRM and send them an email titled 'Reprioritising'saying '{natural_language_metric} looks good, so we no longer need you finding new leads'.If not say in the email 'We need you to improve {natural_language_metric} - TBD.'","can you check if {natural_language_metric} was {more_or_less} than {threshold} at any time since {natural_language_date}? If so, delete all the leads assigned to {assigned_to_first_name}'s in the CRM and send them an email titled 'Reprioritising' saying '{natural_language_metric} looks good, so we no longer need you finding new leads'. If not say 'We need you to improve {natural_language_metric} - TBD.'",more_or_less,less
multi_domain,189,"If {natural_language_metric} was {more_or_less} than {threshold} at any time since {natural_language_date} delete {assigned_to_first_name}'s new leads in the CRM and send them an email titled 'Reprioritising'saying '{natural_language_metric} looks good, so we no longer need you finding new leads'.If not say in the email 'We need you to improve {natural_language_metric} - TBD.'","can you check if {natural_language_metric} was {more_or_less} than {threshold} at any time since {natural_language_date}? If so, delete all the leads assigned to {assigned_to_first_name}'s in the CRM and send them an email titled 'Reprioritising' saying '{natural_language_metric} looks good, so we no longer need you finding new leads'. If not say 'We need you to improve {natural_language_metric} - TBD.'",threshold,11
multi_domain,189,"If {natural_language_metric} was {more_or_less} than {threshold} at any time since {natural_language_date} delete {assigned_to_first_name}'s new leads in the CRM and send them an email titled 'Reprioritising'saying '{natural_language_metric} looks good, so we no longer need you finding new leads'.If not say in the email 'We need you to improve {natural_language_metric} - TBD.'","can you check if {natural_language_metric} was {more_or_less} than {threshold} at any time since {natural_language_date}? If so, delete all the leads assigned to {assigned_to_first_name}'s in the CRM and send them an email titled 'Reprioritising' saying '{natural_language_metric} looks good, so we no longer need you finding new leads'. If not say 'We need you to improve {natural_language_metric} - TBD.'",natural_language_date,September 15
multi_domain,189,"If {natural_language_metric} was {more_or_less} than {threshold} at any time since {natural_language_date} delete {assigned_to_first_name}'s new leads in the CRM and send them an email titled 'Reprioritising'saying '{natural_language_metric} looks good, so we no longer need you finding new leads'.If not say in the email 'We need you to improve {natural_language_metric} - TBD.'","can you check if {natural_language_metric} was {more_or_less} than {threshold} at any time since {natural_language_date}? If so, delete all the leads assigned to {assigned_to_first_name}'s in the CRM and send them an email titled 'Reprioritising' saying '{natural_language_metric} looks good, so we no longer need you finding new leads'. If not say 'We need you to improve {natural_language_metric} - TBD.'",assigned_to_first_name,Raj
multi_domain,190,"If {natural_language_metric} was {more_or_less} than {threshold} at any time since {natural_language_date} make a backlog task 'Improve {natural_language_metric}' for {name} on the front-end board with a deadline of next Friday and schedule a half-hour meeting called 'Discuss {natural_language_metric}' for us at the first time I can do tomorrow otherwise send them an email titled 'Recent {natural_language_metric}' saying 'I noticed {natural_language_metric} has been stable, nice work!''","Was {natural_language_metric} {more_or_less} than {threshold} at any time since {natural_language_date}? If so, add a task to the backlog called 'Improve {natural_language_metric}' for {name} on the front-end board with a deadline of next Friday and schedule a half hour meeting called 'Discuss {natural_language_metric}' for us at the earliest time I'm free tomorrow otherwise send them an email titled 'Recent {natural_language_metric}' saying 'I noticed {natural_language_metric} has been stable, nice work!''",natural_language_metric,engaged users
multi_domain,190,"If {natural_language_metric} was {more_or_less} than {threshold} at any time since {natural_language_date} make a backlog task 'Improve {natural_language_metric}' for {name} on the front-end board with a deadline of next Friday and schedule a half-hour meeting called 'Discuss {natural_language_metric}' for us at the first time I can do tomorrow otherwise send them an email titled 'Recent {natural_language_metric}' saying 'I noticed {natural_language_metric} has been stable, nice work!''","Was {natural_language_metric} {more_or_less} than {threshold} at any time since {natural_language_date}? If so, add a task to the backlog called 'Improve {natural_language_metric}' for {name} on the front-end board with a deadline of next Friday and schedule a half hour meeting called 'Discuss {natural_language_metric}' for us at the earliest time I'm free tomorrow otherwise send them an email titled 'Recent {natural_language_metric}' saying 'I noticed {natural_language_metric} has been stable, nice work!''",more_or_less,more
multi_domain,190,"If {natural_language_metric} was {more_or_less} than {threshold} at any time since {natural_language_date} make a backlog task 'Improve {natural_language_metric}' for {name} on the front-end board with a deadline of next Friday and schedule a half-hour meeting called 'Discuss {natural_language_metric}' for us at the first time I can do tomorrow otherwise send them an email titled 'Recent {natural_language_metric}' saying 'I noticed {natural_language_metric} has been stable, nice work!''","Was {natural_language_metric} {more_or_less} than {threshold} at any time since {natural_language_date}? If so, add a task to the backlog called 'Improve {natural_language_metric}' for {name} on the front-end board with a deadline of next Friday and schedule a half hour meeting called 'Discuss {natural_language_metric}' for us at the earliest time I'm free tomorrow otherwise send them an email titled 'Recent {natural_language_metric}' saying 'I noticed {natural_language_metric} has been stable, nice work!''",threshold,5
multi_domain,190,"If {natural_language_metric} was {more_or_less} than {threshold} at any time since {natural_language_date} make a backlog task 'Improve {natural_language_metric}' for {name} on the front-end board with a deadline of next Friday and schedule a half-hour meeting called 'Discuss {natural_language_metric}' for us at the first time I can do tomorrow otherwise send them an email titled 'Recent {natural_language_metric}' saying 'I noticed {natural_language_metric} has been stable, nice work!''","Was {natural_language_metric} {more_or_less} than {threshold} at any time since {natural_language_date}? If so, add a task to the backlog called 'Improve {natural_language_metric}' for {name} on the front-end board with a deadline of next Friday and schedule a half hour meeting called 'Discuss {natural_language_metric}' for us at the earliest time I'm free tomorrow otherwise send them an email titled 'Recent {natural_language_metric}' saying 'I noticed {natural_language_metric} has been stable, nice work!''",natural_language_date,September 4
multi_domain,190,"If {natural_language_metric} was {more_or_less} than {threshold} at any time since {natural_language_date} make a backlog task 'Improve {natural_language_metric}' for {name} on the front-end board with a deadline of next Friday and schedule a half-hour meeting called 'Discuss {natural_language_metric}' for us at the first time I can do tomorrow otherwise send them an email titled 'Recent {natural_language_metric}' saying 'I noticed {natural_language_metric} has been stable, nice work!''","Was {natural_language_metric} {more_or_less} than {threshold} at any time since {natural_language_date}? If so, add a task to the backlog called 'Improve {natural_language_metric}' for {name} on the front-end board with a deadline of next Friday and schedule a half hour meeting called 'Discuss {natural_language_metric}' for us at the earliest time I'm free tomorrow otherwise send them an email titled 'Recent {natural_language_metric}' saying 'I noticed {natural_language_metric} has been stable, nice work!''",name,anaya
multi_domain,191,"If {natural_language_metric} was {more_or_less} than {threshold} at any time since {natural_language_date} make a backlog task 'Improve {natural_language_metric}' for {name} on the front-end board with a deadline of next Friday and schedule a half-hour meeting called 'Discuss {natural_language_metric}' for us at the first time I can do tomorrow otherwise send them an email titled 'Recent {natural_language_metric}' saying 'I noticed {natural_language_metric} has been stable, nice work!''","If {natural_language_metric} was {more_or_less} than {threshold} at any time since {natural_language_date} make a backlog task 'Improve {natural_language_metric}' for {name} on the front-end board with a deadline of next Friday and schedule a half-hour meeting called 'Discuss {natural_language_metric}' for us at the first time I can do tomorrow otherwise send them an email titled 'Recent {natural_language_metric}' saying 'I noticed {natural_language_metric} has been stable, nice work!''",natural_language_metric,engaged users
multi_domain,191,"If {natural_language_metric} was {more_or_less} than {threshold} at any time since {natural_language_date} make a backlog task 'Improve {natural_language_metric}' for {name} on the front-end board with a deadline of next Friday and schedule a half-hour meeting called 'Discuss {natural_language_metric}' for us at the first time I can do tomorrow otherwise send them an email titled 'Recent {natural_language_metric}' saying 'I noticed {natural_language_metric} has been stable, nice work!''","If {natural_language_metric} was {more_or_less} than {threshold} at any time since {natural_language_date} make a backlog task 'Improve {natural_language_metric}' for {name} on the front-end board with a deadline of next Friday and schedule a half-hour meeting called 'Discuss {natural_language_metric}' for us at the first time I can do tomorrow otherwise send them an email titled 'Recent {natural_language_metric}' saying 'I noticed {natural_language_metric} has been stable, nice work!''",more_or_less,less
multi_domain,191,"If {natural_language_metric} was {more_or_less} than {threshold} at any time since {natural_language_date} make a backlog task 'Improve {natural_language_metric}' for {name} on the front-end board with a deadline of next Friday and schedule a half-hour meeting called 'Discuss {natural_language_metric}' for us at the first time I can do tomorrow otherwise send them an email titled 'Recent {natural_language_metric}' saying 'I noticed {natural_language_metric} has been stable, nice work!''","If {natural_language_metric} was {more_or_less} than {threshold} at any time since {natural_language_date} make a backlog task 'Improve {natural_language_metric}' for {name} on the front-end board with a deadline of next Friday and schedule a half-hour meeting called 'Discuss {natural_language_metric}' for us at the first time I can do tomorrow otherwise send them an email titled 'Recent {natural_language_metric}' saying 'I noticed {natural_language_metric} has been stable, nice work!''",threshold,1
multi_domain,191,"If {natural_language_metric} was {more_or_less} than {threshold} at any time since {natural_language_date} make a backlog task 'Improve {natural_language_metric}' for {name} on the front-end board with a deadline of next Friday and schedule a half-hour meeting called 'Discuss {natural_language_metric}' for us at the first time I can do tomorrow otherwise send them an email titled 'Recent {natural_language_metric}' saying 'I noticed {natural_language_metric} has been stable, nice work!''","If {natural_language_metric} was {more_or_less} than {threshold} at any time since {natural_language_date} make a backlog task 'Improve {natural_language_metric}' for {name} on the front-end board with a deadline of next Friday and schedule a half-hour meeting called 'Discuss {natural_language_metric}' for us at the first time I can do tomorrow otherwise send them an email titled 'Recent {natural_language_metric}' saying 'I noticed {natural_language_metric} has been stable, nice work!''",natural_language_date,September 26
multi_domain,191,"If {natural_language_metric} was {more_or_less} than {threshold} at any time since {natural_language_date} make a backlog task 'Improve {natural_language_metric}' for {name} on the front-end board with a deadline of next Friday and schedule a half-hour meeting called 'Discuss {natural_language_metric}' for us at the first time I can do tomorrow otherwise send them an email titled 'Recent {natural_language_metric}' saying 'I noticed {natural_language_metric} has been stable, nice work!''","If {natural_language_metric} was {more_or_less} than {threshold} at any time since {natural_language_date} make a backlog task 'Improve {natural_language_metric}' for {name} on the front-end board with a deadline of next Friday and schedule a half-hour meeting called 'Discuss {natural_language_metric}' for us at the first time I can do tomorrow otherwise send them an email titled 'Recent {natural_language_metric}' saying 'I noticed {natural_language_metric} has been stable, nice work!''",name,chenwei
multi_domain,192,"If {natural_language_metric} was {more_or_less} than {threshold} at any time since {natural_language_date} make a backlog task 'Improve {natural_language_metric}' for {name} on the front-end board with a deadline of next Friday and schedule a half-hour meeting called 'Discuss {natural_language_metric}' for us at the first time I can do tomorrow otherwise send them an email titled 'Recent {natural_language_metric}' saying 'I noticed {natural_language_metric} has been stable, nice work!''","Was {natural_language_metric} {more_or_less} than {threshold} at any time since {natural_language_date}? If so, add a task to the backlog called 'Improve {natural_language_metric}' for {name} on the front-end board with a deadline of next Friday and schedule a half hour meeting called 'Discuss {natural_language_metric}' for us at the earliest time I'm free tomorrow otherwise send them an email titled 'Recent {natural_language_metric}' saying 'I noticed {natural_language_metric} has been stable, nice work!''",natural_language_metric,average session duration
multi_domain,192,"If {natural_language_metric} was {more_or_less} than {threshold} at any time since {natural_language_date} make a backlog task 'Improve {natural_language_metric}' for {name} on the front-end board with a deadline of next Friday and schedule a half-hour meeting called 'Discuss {natural_language_metric}' for us at the first time I can do tomorrow otherwise send them an email titled 'Recent {natural_language_metric}' saying 'I noticed {natural_language_metric} has been stable, nice work!''","Was {natural_language_metric} {more_or_less} than {threshold} at any time since {natural_language_date}? If so, add a task to the backlog called 'Improve {natural_language_metric}' for {name} on the front-end board with a deadline of next Friday and schedule a half hour meeting called 'Discuss {natural_language_metric}' for us at the earliest time I'm free tomorrow otherwise send them an email titled 'Recent {natural_language_metric}' saying 'I noticed {natural_language_metric} has been stable, nice work!''",more_or_less,more
multi_domain,192,"If {natural_language_metric} was {more_or_less} than {threshold} at any time since {natural_language_date} make a backlog task 'Improve {natural_language_metric}' for {name} on the front-end board with a deadline of next Friday and schedule a half-hour meeting called 'Discuss {natural_language_metric}' for us at the first time I can do tomorrow otherwise send them an email titled 'Recent {natural_language_metric}' saying 'I noticed {natural_language_metric} has been stable, nice work!''","Was {natural_language_metric} {more_or_less} than {threshold} at any time since {natural_language_date}? If so, add a task to the backlog called 'Improve {natural_language_metric}' for {name} on the front-end board with a deadline of next Friday and schedule a half hour meeting called 'Discuss {natural_language_metric}' for us at the earliest time I'm free tomorrow otherwise send them an email titled 'Recent {natural_language_metric}' saying 'I noticed {natural_language_metric} has been stable, nice work!''",threshold,2
multi_domain,192,"If {natural_language_metric} was {more_or_less} than {threshold} at any time since {natural_language_date} make a backlog task 'Improve {natural_language_metric}' for {name} on the front-end board with a deadline of next Friday and schedule a half-hour meeting called 'Discuss {natural_language_metric}' for us at the first time I can do tomorrow otherwise send them an email titled 'Recent {natural_language_metric}' saying 'I noticed {natural_language_metric} has been stable, nice work!''","Was {natural_language_metric} {more_or_less} than {threshold} at any time since {natural_language_date}? If so, add a task to the backlog called 'Improve {natural_language_metric}' for {name} on the front-end board with a deadline of next Friday and schedule a half hour meeting called 'Discuss {natural_language_metric}' for us at the earliest time I'm free tomorrow otherwise send them an email titled 'Recent {natural_language_metric}' saying 'I noticed {natural_language_metric} has been stable, nice work!''",natural_language_date,October 28
multi_domain,192,"If {natural_language_metric} was {more_or_less} than {threshold} at any time since {natural_language_date} make a backlog task 'Improve {natural_language_metric}' for {name} on the front-end board with a deadline of next Friday and schedule a half-hour meeting called 'Discuss {natural_language_metric}' for us at the first time I can do tomorrow otherwise send them an email titled 'Recent {natural_language_metric}' saying 'I noticed {natural_language_metric} has been stable, nice work!''","Was {natural_language_metric} {more_or_less} than {threshold} at any time since {natural_language_date}? If so, add a task to the backlog called 'Improve {natural_language_metric}' for {name} on the front-end board with a deadline of next Friday and schedule a half hour meeting called 'Discuss {natural_language_metric}' for us at the earliest time I'm free tomorrow otherwise send them an email titled 'Recent {natural_language_metric}' saying 'I noticed {natural_language_metric} has been stable, nice work!''",name,kofi
multi_domain,193,"If {natural_language_metric} was {more_or_less} than {threshold} at any time since {natural_language_date} make a backlog task 'Improve {natural_language_metric}' for {name} on the front-end board with a deadline of next Friday and schedule a half-hour meeting called 'Discuss {natural_language_metric}' for us at the first time I can do tomorrow otherwise send them an email titled 'Recent {natural_language_metric}' saying 'I noticed {natural_language_metric} has been stable, nice work!''","Was {natural_language_metric} {more_or_less} than {threshold} at any time since {natural_language_date}? If so, add a task to the backlog called 'Improve {natural_language_metric}' for {name} on the front-end board with a deadline of next Friday and schedule a half hour meeting called 'Discuss {natural_language_metric}' for us at the earliest time I'm free tomorrow otherwise send them an email titled 'Recent {natural_language_metric}' saying 'I noticed {natural_language_metric} has been stable, nice work!''",natural_language_metric,total visits
multi_domain,193,"If {natural_language_metric} was {more_or_less} than {threshold} at any time since {natural_language_date} make a backlog task 'Improve {natural_language_metric}' for {name} on the front-end board with a deadline of next Friday and schedule a half-hour meeting called 'Discuss {natural_language_metric}' for us at the first time I can do tomorrow otherwise send them an email titled 'Recent {natural_language_metric}' saying 'I noticed {natural_language_metric} has been stable, nice work!''","Was {natural_language_metric} {more_or_less} than {threshold} at any time since {natural_language_date}? If so, add a task to the backlog called 'Improve {natural_language_metric}' for {name} on the front-end board with a deadline of next Friday and schedule a half hour meeting called 'Discuss {natural_language_metric}' for us at the earliest time I'm free tomorrow otherwise send them an email titled 'Recent {natural_language_metric}' saying 'I noticed {natural_language_metric} has been stable, nice work!''",more_or_less,more
multi_domain,193,"If {natural_language_metric} was {more_or_less} than {threshold} at any time since {natural_language_date} make a backlog task 'Improve {natural_language_metric}' for {name} on the front-end board with a deadline of next Friday and schedule a half-hour meeting called 'Discuss {natural_language_metric}' for us at the first time I can do tomorrow otherwise send them an email titled 'Recent {natural_language_metric}' saying 'I noticed {natural_language_metric} has been stable, nice work!''","Was {natural_language_metric} {more_or_less} than {threshold} at any time since {natural_language_date}? If so, add a task to the backlog called 'Improve {natural_language_metric}' for {name} on the front-end board with a deadline of next Friday and schedule a half hour meeting called 'Discuss {natural_language_metric}' for us at the earliest time I'm free tomorrow otherwise send them an email titled 'Recent {natural_language_metric}' saying 'I noticed {natural_language_metric} has been stable, nice work!''",threshold,21
multi_domain,193,"If {natural_language_metric} was {more_or_less} than {threshold} at any time since {natural_language_date} make a backlog task 'Improve {natural_language_metric}' for {name} on the front-end board with a deadline of next Friday and schedule a half-hour meeting called 'Discuss {natural_language_metric}' for us at the first time I can do tomorrow otherwise send them an email titled 'Recent {natural_language_metric}' saying 'I noticed {natural_language_metric} has been stable, nice work!''","Was {natural_language_metric} {more_or_less} than {threshold} at any time since {natural_language_date}? If so, add a task to the backlog called 'Improve {natural_language_metric}' for {name} on the front-end board with a deadline of next Friday and schedule a half hour meeting called 'Discuss {natural_language_metric}' for us at the earliest time I'm free tomorrow otherwise send them an email titled 'Recent {natural_language_metric}' saying 'I noticed {natural_language_metric} has been stable, nice work!''",natural_language_date,September 14
multi_domain,193,"If {natural_language_metric} was {more_or_less} than {threshold} at any time since {natural_language_date} make a backlog task 'Improve {natural_language_metric}' for {name} on the front-end board with a deadline of next Friday and schedule a half-hour meeting called 'Discuss {natural_language_metric}' for us at the first time I can do tomorrow otherwise send them an email titled 'Recent {natural_language_metric}' saying 'I noticed {natural_language_metric} has been stable, nice work!''","Was {natural_language_metric} {more_or_less} than {threshold} at any time since {natural_language_date}? If so, add a task to the backlog called 'Improve {natural_language_metric}' for {name} on the front-end board with a deadline of next Friday and schedule a half hour meeting called 'Discuss {natural_language_metric}' for us at the earliest time I'm free tomorrow otherwise send them an email titled 'Recent {natural_language_metric}' saying 'I noticed {natural_language_metric} has been stable, nice work!''",name,aisha
multi_domain,194,"If {natural_language_metric} was {more_or_less} than {threshold} at any time since {natural_language_date} make a backlog task 'Improve {natural_language_metric}' for {name} on the front-end board with a deadline of next Friday and schedule a half-hour meeting called 'Discuss {natural_language_metric}' for us at the first time I can do tomorrow otherwise send them an email titled 'Recent {natural_language_metric}' saying 'I noticed {natural_language_metric} has been stable, nice work!''","Was {natural_language_metric} {more_or_less} than {threshold} at any time since {natural_language_date}? If so, add a task to the backlog called 'Improve {natural_language_metric}' for {name} on the front-end board with a deadline of next Friday and schedule a half hour meeting called 'Discuss {natural_language_metric}' for us at the earliest time I'm free tomorrow otherwise send them an email titled 'Recent {natural_language_metric}' saying 'I noticed {natural_language_metric} has been stable, nice work!''",natural_language_metric,engaged users
multi_domain,194,"If {natural_language_metric} was {more_or_less} than {threshold} at any time since {natural_language_date} make a backlog task 'Improve {natural_language_metric}' for {name} on the front-end board with a deadline of next Friday and schedule a half-hour meeting called 'Discuss {natural_language_metric}' for us at the first time I can do tomorrow otherwise send them an email titled 'Recent {natural_language_metric}' saying 'I noticed {natural_language_metric} has been stable, nice work!''","Was {natural_language_metric} {more_or_less} than {threshold} at any time since {natural_language_date}? If so, add a task to the backlog called 'Improve {natural_language_metric}' for {name} on the front-end board with a deadline of next Friday and schedule a half hour meeting called 'Discuss {natural_language_metric}' for us at the earliest time I'm free tomorrow otherwise send them an email titled 'Recent {natural_language_metric}' saying 'I noticed {natural_language_metric} has been stable, nice work!''",more_or_less,more
multi_domain,194,"If {natural_language_metric} was {more_or_less} than {threshold} at any time since {natural_language_date} make a backlog task 'Improve {natural_language_metric}' for {name} on the front-end board with a deadline of next Friday and schedule a half-hour meeting called 'Discuss {natural_language_metric}' for us at the first time I can do tomorrow otherwise send them an email titled 'Recent {natural_language_metric}' saying 'I noticed {natural_language_metric} has been stable, nice work!''","Was {natural_language_metric} {more_or_less} than {threshold} at any time since {natural_language_date}? If so, add a task to the backlog called 'Improve {natural_language_metric}' for {name} on the front-end board with a deadline of next Friday and schedule a half hour meeting called 'Discuss {natural_language_metric}' for us at the earliest time I'm free tomorrow otherwise send them an email titled 'Recent {natural_language_metric}' saying 'I noticed {natural_language_metric} has been stable, nice work!''",threshold,1
multi_domain,194,"If {natural_language_metric} was {more_or_less} than {threshold} at any time since {natural_language_date} make a backlog task 'Improve {natural_language_metric}' for {name} on the front-end board with a deadline of next Friday and schedule a half-hour meeting called 'Discuss {natural_language_metric}' for us at the first time I can do tomorrow otherwise send them an email titled 'Recent {natural_language_metric}' saying 'I noticed {natural_language_metric} has been stable, nice work!''","Was {natural_language_metric} {more_or_less} than {threshold} at any time since {natural_language_date}? If so, add a task to the backlog called 'Improve {natural_language_metric}' for {name} on the front-end board with a deadline of next Friday and schedule a half hour meeting called 'Discuss {natural_language_metric}' for us at the earliest time I'm free tomorrow otherwise send them an email titled 'Recent {natural_language_metric}' saying 'I noticed {natural_language_metric} has been stable, nice work!''",natural_language_date,November 1
multi_domain,194,"If {natural_language_metric} was {more_or_less} than {threshold} at any time since {natural_language_date} make a backlog task 'Improve {natural_language_metric}' for {name} on the front-end board with a deadline of next Friday and schedule a half-hour meeting called 'Discuss {natural_language_metric}' for us at the first time I can do tomorrow otherwise send them an email titled 'Recent {natural_language_metric}' saying 'I noticed {natural_language_metric} has been stable, nice work!''","Was {natural_language_metric} {more_or_less} than {threshold} at any time since {natural_language_date}? If so, add a task to the backlog called 'Improve {natural_language_metric}' for {name} on the front-end board with a deadline of next Friday and schedule a half hour meeting called 'Discuss {natural_language_metric}' for us at the earliest time I'm free tomorrow otherwise send them an email titled 'Recent {natural_language_metric}' saying 'I noticed {natural_language_metric} has been stable, nice work!''",name,yuki
multi_domain,195,"If {natural_language_metric} was {more_or_less} than {threshold} at any time since {natural_language_date} make a backlog task 'Improve {natural_language_metric}' for {name} on the front-end board with a deadline of next Friday and schedule a half-hour meeting called 'Discuss {natural_language_metric}' for us at the first time I can do tomorrow otherwise send them an email titled 'Recent {natural_language_metric}' saying 'I noticed {natural_language_metric} has been stable, nice work!''","can you check if {natural_language_metric} was {more_or_less} than {threshold} at any time since {natural_language_date}? If so, make a task 'Improve {natural_language_metric}' for {name} on the front-end backlog that's due next Friday and schedule a half-hour meeting called 'Discuss {natural_language_metric}' for us at the first time I can do tomorrow otherwise send them an email titled 'Recent {natural_language_metric}' saying 'I noticed {natural_language_metric} has been stable, nice work!''",natural_language_metric,total visits
multi_domain,195,"If {natural_language_metric} was {more_or_less} than {threshold} at any time since {natural_language_date} make a backlog task 'Improve {natural_language_metric}' for {name} on the front-end board with a deadline of next Friday and schedule a half-hour meeting called 'Discuss {natural_language_metric}' for us at the first time I can do tomorrow otherwise send them an email titled 'Recent {natural_language_metric}' saying 'I noticed {natural_language_metric} has been stable, nice work!''","can you check if {natural_language_metric} was {more_or_less} than {threshold} at any time since {natural_language_date}? If so, make a task 'Improve {natural_language_metric}' for {name} on the front-end backlog that's due next Friday and schedule a half-hour meeting called 'Discuss {natural_language_metric}' for us at the first time I can do tomorrow otherwise send them an email titled 'Recent {natural_language_metric}' saying 'I noticed {natural_language_metric} has been stable, nice work!''",more_or_less,less
multi_domain,195,"If {natural_language_metric} was {more_or_less} than {threshold} at any time since {natural_language_date} make a backlog task 'Improve {natural_language_metric}' for {name} on the front-end board with a deadline of next Friday and schedule a half-hour meeting called 'Discuss {natural_language_metric}' for us at the first time I can do tomorrow otherwise send them an email titled 'Recent {natural_language_metric}' saying 'I noticed {natural_language_metric} has been stable, nice work!''","can you check if {natural_language_metric} was {more_or_less} than {threshold} at any time since {natural_language_date}? If so, make a task 'Improve {natural_language_metric}' for {name} on the front-end backlog that's due next Friday and schedule a half-hour meeting called 'Discuss {natural_language_metric}' for us at the first time I can do tomorrow otherwise send them an email titled 'Recent {natural_language_metric}' saying 'I noticed {natural_language_metric} has been stable, nice work!''",threshold,10
multi_domain,195,"If {natural_language_metric} was {more_or_less} than {threshold} at any time since {natural_language_date} make a backlog task 'Improve {natural_language_metric}' for {name} on the front-end board with a deadline of next Friday and schedule a half-hour meeting called 'Discuss {natural_language_metric}' for us at the first time I can do tomorrow otherwise send them an email titled 'Recent {natural_language_metric}' saying 'I noticed {natural_language_metric} has been stable, nice work!''","can you check if {natural_language_metric} was {more_or_less} than {threshold} at any time since {natural_language_date}? If so, make a task 'Improve {natural_language_metric}' for {name} on the front-end backlog that's due next Friday and schedule a half-hour meeting called 'Discuss {natural_language_metric}' for us at the first time I can do tomorrow otherwise send them an email titled 'Recent {natural_language_metric}' saying 'I noticed {natural_language_metric} has been stable, nice work!''",natural_language_date,October 8
multi_domain,195,"If {natural_language_metric} was {more_or_less} than {threshold} at any time since {natural_language_date} make a backlog task 'Improve {natural_language_metric}' for {name} on the front-end board with a deadline of next Friday and schedule a half-hour meeting called 'Discuss {natural_language_metric}' for us at the first time I can do tomorrow otherwise send them an email titled 'Recent {natural_language_metric}' saying 'I noticed {natural_language_metric} has been stable, nice work!''","can you check if {natural_language_metric} was {more_or_less} than {threshold} at any time since {natural_language_date}? If so, make a task 'Improve {natural_language_metric}' for {name} on the front-end backlog that's due next Friday and schedule a half-hour meeting called 'Discuss {natural_language_metric}' for us at the first time I can do tomorrow otherwise send them an email titled 'Recent {natural_language_metric}' saying 'I noticed {natural_language_metric} has been stable, nice work!''",name,luis
multi_domain,196,"If {natural_language_metric} was {more_or_less} than {threshold} at any time since {natural_language_date} make a backlog task 'Improve {natural_language_metric}' for {name} on the front-end board with a deadline of next Friday and schedule a half-hour meeting called 'Discuss {natural_language_metric}' for us at the first time I can do tomorrow otherwise send them an email titled 'Recent {natural_language_metric}' saying 'I noticed {natural_language_metric} has been stable, nice work!''","can you check if {natural_language_metric} was {more_or_less} than {threshold} at any time since {natural_language_date}? If so, make a task 'Improve {natural_language_metric}' for {name} on the front-end backlog that's due next Friday and schedule a half-hour meeting called 'Discuss {natural_language_metric}' for us at the first time I can do tomorrow otherwise send them an email titled 'Recent {natural_language_metric}' saying 'I noticed {natural_language_metric} has been stable, nice work!''",natural_language_metric,engaged users
multi_domain,196,"If {natural_language_metric} was {more_or_less} than {threshold} at any time since {natural_language_date} make a backlog task 'Improve {natural_language_metric}' for {name} on the front-end board with a deadline of next Friday and schedule a half-hour meeting called 'Discuss {natural_language_metric}' for us at the first time I can do tomorrow otherwise send them an email titled 'Recent {natural_language_metric}' saying 'I noticed {natural_language_metric} has been stable, nice work!''","can you check if {natural_language_metric} was {more_or_less} than {threshold} at any time since {natural_language_date}? If so, make a task 'Improve {natural_language_metric}' for {name} on the front-end backlog that's due next Friday and schedule a half-hour meeting called 'Discuss {natural_language_metric}' for us at the first time I can do tomorrow otherwise send them an email titled 'Recent {natural_language_metric}' saying 'I noticed {natural_language_metric} has been stable, nice work!''",more_or_less,less
multi_domain,196,"If {natural_language_metric} was {more_or_less} than {threshold} at any time since {natural_language_date} make a backlog task 'Improve {natural_language_metric}' for {name} on the front-end board with a deadline of next Friday and schedule a half-hour meeting called 'Discuss {natural_language_metric}' for us at the first time I can do tomorrow otherwise send them an email titled 'Recent {natural_language_metric}' saying 'I noticed {natural_language_metric} has been stable, nice work!''","can you check if {natural_language_metric} was {more_or_less} than {threshold} at any time since {natural_language_date}? If so, make a task 'Improve {natural_language_metric}' for {name} on the front-end backlog that's due next Friday and schedule a half-hour meeting called 'Discuss {natural_language_metric}' for us at the first time I can do tomorrow otherwise send them an email titled 'Recent {natural_language_metric}' saying 'I noticed {natural_language_metric} has been stable, nice work!''",threshold,1
multi_domain,196,"If {natural_language_metric} was {more_or_less} than {threshold} at any time since {natural_language_date} make a backlog task 'Improve {natural_language_metric}' for {name} on the front-end board with a deadline of next Friday and schedule a half-hour meeting called 'Discuss {natural_language_metric}' for us at the first time I can do tomorrow otherwise send them an email titled 'Recent {natural_language_metric}' saying 'I noticed {natural_language_metric} has been stable, nice work!''","can you check if {natural_language_metric} was {more_or_less} than {threshold} at any time since {natural_language_date}? If so, make a task 'Improve {natural_language_metric}' for {name} on the front-end backlog that's due next Friday and schedule a half-hour meeting called 'Discuss {natural_language_metric}' for us at the first time I can do tomorrow otherwise send them an email titled 'Recent {natural_language_metric}' saying 'I noticed {natural_language_metric} has been stable, nice work!''",natural_language_date,September 26
multi_domain,196,"If {natural_language_metric} was {more_or_less} than {threshold} at any time since {natural_language_date} make a backlog task 'Improve {natural_language_metric}' for {name} on the front-end board with a deadline of next Friday and schedule a half-hour meeting called 'Discuss {natural_language_metric}' for us at the first time I can do tomorrow otherwise send them an email titled 'Recent {natural_language_metric}' saying 'I noticed {natural_language_metric} has been stable, nice work!''","can you check if {natural_language_metric} was {more_or_less} than {threshold} at any time since {natural_language_date}? If so, make a task 'Improve {natural_language_metric}' for {name} on the front-end backlog that's due next Friday and schedule a half-hour meeting called 'Discuss {natural_language_metric}' for us at the first time I can do tomorrow otherwise send them an email titled 'Recent {natural_language_metric}' saying 'I noticed {natural_language_metric} has been stable, nice work!''",name,dmitri
multi_domain,197,"If {natural_language_metric} was {more_or_less} than {threshold} at any time since {natural_language_date} make a backlog task 'Improve {natural_language_metric}' for {name} on the front-end board with a deadline of next Friday and schedule a half-hour meeting called 'Discuss {natural_language_metric}' for us at the first time I can do tomorrow otherwise send them an email titled 'Recent {natural_language_metric}' saying 'I noticed {natural_language_metric} has been stable, nice work!''","can you check if {natural_language_metric} was {more_or_less} than {threshold} at any time since {natural_language_date}? If so, make a task 'Improve {natural_language_metric}' for {name} on the front-end backlog that's due next Friday and schedule a half-hour meeting called 'Discuss {natural_language_metric}' for us at the first time I can do tomorrow otherwise send them an email titled 'Recent {natural_language_metric}' saying 'I noticed {natural_language_metric} has been stable, nice work!''",natural_language_metric,total visits
multi_domain,197,"If {natural_language_metric} was {more_or_less} than {threshold} at any time since {natural_language_date} make a backlog task 'Improve {natural_language_metric}' for {name} on the front-end board with a deadline of next Friday and schedule a half-hour meeting called 'Discuss {natural_language_metric}' for us at the first time I can do tomorrow otherwise send them an email titled 'Recent {natural_language_metric}' saying 'I noticed {natural_language_metric} has been stable, nice work!''","can you check if {natural_language_metric} was {more_or_less} than {threshold} at any time since {natural_language_date}? If so, make a task 'Improve {natural_language_metric}' for {name} on the front-end backlog that's due next Friday and schedule a half-hour meeting called 'Discuss {natural_language_metric}' for us at the first time I can do tomorrow otherwise send them an email titled 'Recent {natural_language_metric}' saying 'I noticed {natural_language_metric} has been stable, nice work!''",more_or_less,less
multi_domain,197,"If {natural_language_metric} was {more_or_less} than {threshold} at any time since {natural_language_date} make a backlog task 'Improve {natural_language_metric}' for {name} on the front-end board with a deadline of next Friday and schedule a half-hour meeting called 'Discuss {natural_language_metric}' for us at the first time I can do tomorrow otherwise send them an email titled 'Recent {natural_language_metric}' saying 'I noticed {natural_language_metric} has been stable, nice work!''","can you check if {natural_language_metric} was {more_or_less} than {threshold} at any time since {natural_language_date}? If so, make a task 'Improve {natural_language_metric}' for {name} on the front-end backlog that's due next Friday and schedule a half-hour meeting called 'Discuss {natural_language_metric}' for us at the first time I can do tomorrow otherwise send them an email titled 'Recent {natural_language_metric}' saying 'I noticed {natural_language_metric} has been stable, nice work!''",threshold,10
multi_domain,197,"If {natural_language_metric} was {more_or_less} than {threshold} at any time since {natural_language_date} make a backlog task 'Improve {natural_language_metric}' for {name} on the front-end board with a deadline of next Friday and schedule a half-hour meeting called 'Discuss {natural_language_metric}' for us at the first time I can do tomorrow otherwise send them an email titled 'Recent {natural_language_metric}' saying 'I noticed {natural_language_metric} has been stable, nice work!''","can you check if {natural_language_metric} was {more_or_less} than {threshold} at any time since {natural_language_date}? If so, make a task 'Improve {natural_language_metric}' for {name} on the front-end backlog that's due next Friday and schedule a half-hour meeting called 'Discuss {natural_language_metric}' for us at the first time I can do tomorrow otherwise send them an email titled 'Recent {natural_language_metric}' saying 'I noticed {natural_language_metric} has been stable, nice work!''",natural_language_date,November 17
multi_domain,197,"If {natural_language_metric} was {more_or_less} than {threshold} at any time since {natural_language_date} make a backlog task 'Improve {natural_language_metric}' for {name} on the front-end board with a deadline of next Friday and schedule a half-hour meeting called 'Discuss {natural_language_metric}' for us at the first time I can do tomorrow otherwise send them an email titled 'Recent {natural_language_metric}' saying 'I noticed {natural_language_metric} has been stable, nice work!''","can you check if {natural_language_metric} was {more_or_less} than {threshold} at any time since {natural_language_date}? If so, make a task 'Improve {natural_language_metric}' for {name} on the front-end backlog that's due next Friday and schedule a half-hour meeting called 'Discuss {natural_language_metric}' for us at the first time I can do tomorrow otherwise send them an email titled 'Recent {natural_language_metric}' saying 'I noticed {natural_language_metric} has been stable, nice work!''",name,amir
multi_domain,198,"If {natural_language_metric} was {more_or_less} than {threshold} at any time since {natural_language_date} make a backlog task 'Improve {natural_language_metric}' for {name} on the front-end board with a deadline of next Friday and schedule a half-hour meeting called 'Discuss {natural_language_metric}' for us at the first time I can do tomorrow otherwise send them an email titled 'Recent {natural_language_metric}' saying 'I noticed {natural_language_metric} has been stable, nice work!''","can you check if {natural_language_metric} was {more_or_less} than {threshold} at any time since {natural_language_date}? If so, make a task 'Improve {natural_language_metric}' for {name} on the front-end backlog that's due next Friday and schedule a half-hour meeting called 'Discuss {natural_language_metric}' for us at the first time I can do tomorrow otherwise send them an email titled 'Recent {natural_language_metric}' saying 'I noticed {natural_language_metric} has been stable, nice work!''",natural_language_metric,total visits
multi_domain,198,"If {natural_language_metric} was {more_or_less} than {threshold} at any time since {natural_language_date} make a backlog task 'Improve {natural_language_metric}' for {name} on the front-end board with a deadline of next Friday and schedule a half-hour meeting called 'Discuss {natural_language_metric}' for us at the first time I can do tomorrow otherwise send them an email titled 'Recent {natural_language_metric}' saying 'I noticed {natural_language_metric} has been stable, nice work!''","can you check if {natural_language_metric} was {more_or_less} than {threshold} at any time since {natural_language_date}? If so, make a task 'Improve {natural_language_metric}' for {name} on the front-end backlog that's due next Friday and schedule a half-hour meeting called 'Discuss {natural_language_metric}' for us at the first time I can do tomorrow otherwise send them an email titled 'Recent {natural_language_metric}' saying 'I noticed {natural_language_metric} has been stable, nice work!''",more_or_less,more
multi_domain,198,"If {natural_language_metric} was {more_or_less} than {threshold} at any time since {natural_language_date} make a backlog task 'Improve {natural_language_metric}' for {name} on the front-end board with a deadline of next Friday and schedule a half-hour meeting called 'Discuss {natural_language_metric}' for us at the first time I can do tomorrow otherwise send them an email titled 'Recent {natural_language_metric}' saying 'I noticed {natural_language_metric} has been stable, nice work!''","can you check if {natural_language_metric} was {more_or_less} than {threshold} at any time since {natural_language_date}? If so, make a task 'Improve {natural_language_metric}' for {name} on the front-end backlog that's due next Friday and schedule a half-hour meeting called 'Discuss {natural_language_metric}' for us at the first time I can do tomorrow otherwise send them an email titled 'Recent {natural_language_metric}' saying 'I noticed {natural_language_metric} has been stable, nice work!''",threshold,10
multi_domain,198,"If {natural_language_metric} was {more_or_less} than {threshold} at any time since {natural_language_date} make a backlog task 'Improve {natural_language_metric}' for {name} on the front-end board with a deadline of next Friday and schedule a half-hour meeting called 'Discuss {natural_language_metric}' for us at the first time I can do tomorrow otherwise send them an email titled 'Recent {natural_language_metric}' saying 'I noticed {natural_language_metric} has been stable, nice work!''","can you check if {natural_language_metric} was {more_or_less} than {threshold} at any time since {natural_language_date}? If so, make a task 'Improve {natural_language_metric}' for {name} on the front-end backlog that's due next Friday and schedule a half-hour meeting called 'Discuss {natural_language_metric}' for us at the first time I can do tomorrow otherwise send them an email titled 'Recent {natural_language_metric}' saying 'I noticed {natural_language_metric} has been stable, nice work!''",natural_language_date,November 2
multi_domain,198,"If {natural_language_metric} was {more_or_less} than {threshold} at any time since {natural_language_date} make a backlog task 'Improve {natural_language_metric}' for {name} on the front-end board with a deadline of next Friday and schedule a half-hour meeting called 'Discuss {natural_language_metric}' for us at the first time I can do tomorrow otherwise send them an email titled 'Recent {natural_language_metric}' saying 'I noticed {natural_language_metric} has been stable, nice work!''","can you check if {natural_language_metric} was {more_or_less} than {threshold} at any time since {natural_language_date}? If so, make a task 'Improve {natural_language_metric}' for {name} on the front-end backlog that's due next Friday and schedule a half-hour meeting called 'Discuss {natural_language_metric}' for us at the first time I can do tomorrow otherwise send them an email titled 'Recent {natural_language_metric}' saying 'I noticed {natural_language_metric} has been stable, nice work!''",name,olga
multi_domain,199,"If {natural_language_metric} was {more_or_less} than {threshold} at any time since {natural_language_date} make a backlog task 'Improve {natural_language_metric}' for {name} on the front-end board with a deadline of next Friday and schedule a half-hour meeting called 'Discuss {natural_language_metric}' for us at the first time I can do tomorrow otherwise send them an email titled 'Recent {natural_language_metric}' saying 'I noticed {natural_language_metric} has been stable, nice work!''","can you check if {natural_language_metric} was {more_or_less} than {threshold} at any time since {natural_language_date}? If so, make a task 'Improve {natural_language_metric}' for {name} on the front-end backlog that's due next Friday and schedule a half-hour meeting called 'Discuss {natural_language_metric}' for us at the first time I can do tomorrow otherwise send them an email titled 'Recent {natural_language_metric}' saying 'I noticed {natural_language_metric} has been stable, nice work!''",natural_language_metric,average session duration
multi_domain,199,"If {natural_language_metric} was {more_or_less} than {threshold} at any time since {natural_language_date} make a backlog task 'Improve {natural_language_metric}' for {name} on the front-end board with a deadline of next Friday and schedule a half-hour meeting called 'Discuss {natural_language_metric}' for us at the first time I can do tomorrow otherwise send them an email titled 'Recent {natural_language_metric}' saying 'I noticed {natural_language_metric} has been stable, nice work!''","can you check if {natural_language_metric} was {more_or_less} than {threshold} at any time since {natural_language_date}? If so, make a task 'Improve {natural_language_metric}' for {name} on the front-end backlog that's due next Friday and schedule a half-hour meeting called 'Discuss {natural_language_metric}' for us at the first time I can do tomorrow otherwise send them an email titled 'Recent {natural_language_metric}' saying 'I noticed {natural_language_metric} has been stable, nice work!''",more_or_less,less
multi_domain,199,"If {natural_language_metric} was {more_or_less} than {threshold} at any time since {natural_language_date} make a backlog task 'Improve {natural_language_metric}' for {name} on the front-end board with a deadline of next Friday and schedule a half-hour meeting called 'Discuss {natural_language_metric}' for us at the first time I can do tomorrow otherwise send them an email titled 'Recent {natural_language_metric}' saying 'I noticed {natural_language_metric} has been stable, nice work!''","can you check if {natural_language_metric} was {more_or_less} than {threshold} at any time since {natural_language_date}? If so, make a task 'Improve {natural_language_metric}' for {name} on the front-end backlog that's due next Friday and schedule a half-hour meeting called 'Discuss {natural_language_metric}' for us at the first time I can do tomorrow otherwise send them an email titled 'Recent {natural_language_metric}' saying 'I noticed {natural_language_metric} has been stable, nice work!''",threshold,2
multi_domain,199,"If {natural_language_metric} was {more_or_less} than {threshold} at any time since {natural_language_date} make a backlog task 'Improve {natural_language_metric}' for {name} on the front-end board with a deadline of next Friday and schedule a half-hour meeting called 'Discuss {natural_language_metric}' for us at the first time I can do tomorrow otherwise send them an email titled 'Recent {natural_language_metric}' saying 'I noticed {natural_language_metric} has been stable, nice work!''","can you check if {natural_language_metric} was {more_or_less} than {threshold} at any time since {natural_language_date}? If so, make a task 'Improve {natural_language_metric}' for {name} on the front-end backlog that's due next Friday and schedule a half-hour meeting called 'Discuss {natural_language_metric}' for us at the first time I can do tomorrow otherwise send them an email titled 'Recent {natural_language_metric}' saying 'I noticed {natural_language_metric} has been stable, nice work!''",natural_language_date,September 4
multi_domain,199,"If {natural_language_metric} was {more_or_less} than {threshold} at any time since {natural_language_date} make a backlog task 'Improve {natural_language_metric}' for {name} on the front-end board with a deadline of next Friday and schedule a half-hour meeting called 'Discuss {natural_language_metric}' for us at the first time I can do tomorrow otherwise send them an email titled 'Recent {natural_language_metric}' saying 'I noticed {natural_language_metric} has been stable, nice work!''","can you check if {natural_language_metric} was {more_or_less} than {threshold} at any time since {natural_language_date}? If so, make a task 'Improve {natural_language_metric}' for {name} on the front-end backlog that's due next Friday and schedule a half-hour meeting called 'Discuss {natural_language_metric}' for us at the first time I can do tomorrow otherwise send them an email titled 'Recent {natural_language_metric}' saying 'I noticed {natural_language_metric} has been stable, nice work!''",name,aisha
multi_domain,200,"If {natural_language_metric} was {more_or_less} than {threshold} at any time since {natural_language_date} make a backlog task called 'Improve {natural_language_metric}' for {name} on the front-end board with a deadline of next Friday and book a half-hour meeting for us called 'Discuss {natural_language_metric}' at the earliest time I'm free tomorrow. otherwise send them an email titled 'New leads for you' saying '{natural_language_metric} looks good, so there are new leads for you' and then give them all {assigned_to_first_name}'s leads in the CRM","If {natural_language_metric} was {more_or_less} than {threshold} at any time since {natural_language_date} make a backlog task called 'Improve {natural_language_metric}' for {name} on the front-end board with a deadline of next Friday and book a half-hour meeting for us called 'Discuss {natural_language_metric}' at the earliest time I'm free tomorrow. otherwise send them an email titled 'New leads for you' saying '{natural_language_metric} looks good, so there are new leads for you' and then give them all {assigned_to_first_name}'s leads in the CRM",natural_language_metric,total visits
multi_domain,200,"If {natural_language_metric} was {more_or_less} than {threshold} at any time since {natural_language_date} make a backlog task called 'Improve {natural_language_metric}' for {name} on the front-end board with a deadline of next Friday and book a half-hour meeting for us called 'Discuss {natural_language_metric}' at the earliest time I'm free tomorrow. otherwise send them an email titled 'New leads for you' saying '{natural_language_metric} looks good, so there are new leads for you' and then give them all {assigned_to_first_name}'s leads in the CRM","If {natural_language_metric} was {more_or_less} than {threshold} at any time since {natural_language_date} make a backlog task called 'Improve {natural_language_metric}' for {name} on the front-end board with a deadline of next Friday and book a half-hour meeting for us called 'Discuss {natural_language_metric}' at the earliest time I'm free tomorrow. otherwise send them an email titled 'New leads for you' saying '{natural_language_metric} looks good, so there are new leads for you' and then give them all {assigned_to_first_name}'s leads in the CRM",more_or_less,more
multi_domain,200,"If {natural_language_metric} was {more_or_less} than {threshold} at any time since {natural_language_date} make a backlog task called 'Improve {natural_language_metric}' for {name} on the front-end board with a deadline of next Friday and book a half-hour meeting for us called 'Discuss {natural_language_metric}' at the earliest time I'm free tomorrow. otherwise send them an email titled 'New leads for you' saying '{natural_language_metric} looks good, so there are new leads for you' and then give them all {assigned_to_first_name}'s leads in the CRM","If {natural_language_metric} was {more_or_less} than {threshold} at any time since {natural_language_date} make a backlog task called 'Improve {natural_language_metric}' for {name} on the front-end board with a deadline of next Friday and book a half-hour meeting for us called 'Discuss {natural_language_metric}' at the earliest time I'm free tomorrow. otherwise send them an email titled 'New leads for you' saying '{natural_language_metric} looks good, so there are new leads for you' and then give them all {assigned_to_first_name}'s leads in the CRM",threshold,10
multi_domain,200,"If {natural_language_metric} was {more_or_less} than {threshold} at any time since {natural_language_date} make a backlog task called 'Improve {natural_language_metric}' for {name} on the front-end board with a deadline of next Friday and book a half-hour meeting for us called 'Discuss {natural_language_metric}' at the earliest time I'm free tomorrow. otherwise send them an email titled 'New leads for you' saying '{natural_language_metric} looks good, so there are new leads for you' and then give them all {assigned_to_first_name}'s leads in the CRM","If {natural_language_metric} was {more_or_less} than {threshold} at any time since {natural_language_date} make a backlog task called 'Improve {natural_language_metric}' for {name} on the front-end board with a deadline of next Friday and book a half-hour meeting for us called 'Discuss {natural_language_metric}' at the earliest time I'm free tomorrow. otherwise send them an email titled 'New leads for you' saying '{natural_language_metric} looks good, so there are new leads for you' and then give them all {assigned_to_first_name}'s leads in the CRM",natural_language_date,October 1
multi_domain,200,"If {natural_language_metric} was {more_or_less} than {threshold} at any time since {natural_language_date} make a backlog task called 'Improve {natural_language_metric}' for {name} on the front-end board with a deadline of next Friday and book a half-hour meeting for us called 'Discuss {natural_language_metric}' at the earliest time I'm free tomorrow. otherwise send them an email titled 'New leads for you' saying '{natural_language_metric} looks good, so there are new leads for you' and then give them all {assigned_to_first_name}'s leads in the CRM","If {natural_language_metric} was {more_or_less} than {threshold} at any time since {natural_language_date} make a backlog task called 'Improve {natural_language_metric}' for {name} on the front-end board with a deadline of next Friday and book a half-hour meeting for us called 'Discuss {natural_language_metric}' at the earliest time I'm free tomorrow. otherwise send them an email titled 'New leads for you' saying '{natural_language_metric} looks good, so there are new leads for you' and then give them all {assigned_to_first_name}'s leads in the CRM",name,fatima
multi_domain,200,"If {natural_language_metric} was {more_or_less} than {threshold} at any time since {natural_language_date} make a backlog task called 'Improve {natural_language_metric}' for {name} on the front-end board with a deadline of next Friday and book a half-hour meeting for us called 'Discuss {natural_language_metric}' at the earliest time I'm free tomorrow. otherwise send them an email titled 'New leads for you' saying '{natural_language_metric} looks good, so there are new leads for you' and then give them all {assigned_to_first_name}'s leads in the CRM","If {natural_language_metric} was {more_or_less} than {threshold} at any time since {natural_language_date} make a backlog task called 'Improve {natural_language_metric}' for {name} on the front-end board with a deadline of next Friday and book a half-hour meeting for us called 'Discuss {natural_language_metric}' at the earliest time I'm free tomorrow. otherwise send them an email titled 'New leads for you' saying '{natural_language_metric} looks good, so there are new leads for you' and then give them all {assigned_to_first_name}'s leads in the CRM",assigned_to_first_name,Nadia
multi_domain,201,"If {natural_language_metric} was {more_or_less} than {threshold} at any time since {natural_language_date} make a backlog task called 'Improve {natural_language_metric}' for {name} on the front-end board with a deadline of next Friday and book a half-hour meeting for us called 'Discuss {natural_language_metric}' at the earliest time I'm free tomorrow. otherwise send them an email titled 'New leads for you' saying '{natural_language_metric} looks good, so there are new leads for you' and then give them all {assigned_to_first_name}'s leads in the CRM","If {natural_language_metric} was {more_or_less} than {threshold} at any time since {natural_language_date} make a backlog task called 'Improve {natural_language_metric}' for {name} on the front-end board with a deadline of next Friday and book a half-hour meeting for us called 'Discuss {natural_language_metric}' at the earliest time I'm free tomorrow. otherwise send them an email titled 'New leads for you' saying '{natural_language_metric} looks good, so there are new leads for you' and then give them all {assigned_to_first_name}'s leads in the CRM",natural_language_metric,total visits
multi_domain,201,"If {natural_language_metric} was {more_or_less} than {threshold} at any time since {natural_language_date} make a backlog task called 'Improve {natural_language_metric}' for {name} on the front-end board with a deadline of next Friday and book a half-hour meeting for us called 'Discuss {natural_language_metric}' at the earliest time I'm free tomorrow. otherwise send them an email titled 'New leads for you' saying '{natural_language_metric} looks good, so there are new leads for you' and then give them all {assigned_to_first_name}'s leads in the CRM","If {natural_language_metric} was {more_or_less} than {threshold} at any time since {natural_language_date} make a backlog task called 'Improve {natural_language_metric}' for {name} on the front-end board with a deadline of next Friday and book a half-hour meeting for us called 'Discuss {natural_language_metric}' at the earliest time I'm free tomorrow. otherwise send them an email titled 'New leads for you' saying '{natural_language_metric} looks good, so there are new leads for you' and then give them all {assigned_to_first_name}'s leads in the CRM",more_or_less,more
multi_domain,201,"If {natural_language_metric} was {more_or_less} than {threshold} at any time since {natural_language_date} make a backlog task called 'Improve {natural_language_metric}' for {name} on the front-end board with a deadline of next Friday and book a half-hour meeting for us called 'Discuss {natural_language_metric}' at the earliest time I'm free tomorrow. otherwise send them an email titled 'New leads for you' saying '{natural_language_metric} looks good, so there are new leads for you' and then give them all {assigned_to_first_name}'s leads in the CRM","If {natural_language_metric} was {more_or_less} than {threshold} at any time since {natural_language_date} make a backlog task called 'Improve {natural_language_metric}' for {name} on the front-end board with a deadline of next Friday and book a half-hour meeting for us called 'Discuss {natural_language_metric}' at the earliest time I'm free tomorrow. otherwise send them an email titled 'New leads for you' saying '{natural_language_metric} looks good, so there are new leads for you' and then give them all {assigned_to_first_name}'s leads in the CRM",threshold,3
multi_domain,201,"If {natural_language_metric} was {more_or_less} than {threshold} at any time since {natural_language_date} make a backlog task called 'Improve {natural_language_metric}' for {name} on the front-end board with a deadline of next Friday and book a half-hour meeting for us called 'Discuss {natural_language_metric}' at the earliest time I'm free tomorrow. otherwise send them an email titled 'New leads for you' saying '{natural_language_metric} looks good, so there are new leads for you' and then give them all {assigned_to_first_name}'s leads in the CRM","If {natural_language_metric} was {more_or_less} than {threshold} at any time since {natural_language_date} make a backlog task called 'Improve {natural_language_metric}' for {name} on the front-end board with a deadline of next Friday and book a half-hour meeting for us called 'Discuss {natural_language_metric}' at the earliest time I'm free tomorrow. otherwise send them an email titled 'New leads for you' saying '{natural_language_metric} looks good, so there are new leads for you' and then give them all {assigned_to_first_name}'s leads in the CRM",natural_language_date,September 18
multi_domain,201,"If {natural_language_metric} was {more_or_less} than {threshold} at any time since {natural_language_date} make a backlog task called 'Improve {natural_language_metric}' for {name} on the front-end board with a deadline of next Friday and book a half-hour meeting for us called 'Discuss {natural_language_metric}' at the earliest time I'm free tomorrow. otherwise send them an email titled 'New leads for you' saying '{natural_language_metric} looks good, so there are new leads for you' and then give them all {assigned_to_first_name}'s leads in the CRM","If {natural_language_metric} was {more_or_less} than {threshold} at any time since {natural_language_date} make a backlog task called 'Improve {natural_language_metric}' for {name} on the front-end board with a deadline of next Friday and book a half-hour meeting for us called 'Discuss {natural_language_metric}' at the earliest time I'm free tomorrow. otherwise send them an email titled 'New leads for you' saying '{natural_language_metric} looks good, so there are new leads for you' and then give them all {assigned_to_first_name}'s leads in the CRM",name,kofi
multi_domain,201,"If {natural_language_metric} was {more_or_less} than {threshold} at any time since {natural_language_date} make a backlog task called 'Improve {natural_language_metric}' for {name} on the front-end board with a deadline of next Friday and book a half-hour meeting for us called 'Discuss {natural_language_metric}' at the earliest time I'm free tomorrow. otherwise send them an email titled 'New leads for you' saying '{natural_language_metric} looks good, so there are new leads for you' and then give them all {assigned_to_first_name}'s leads in the CRM","If {natural_language_metric} was {more_or_less} than {threshold} at any time since {natural_language_date} make a backlog task called 'Improve {natural_language_metric}' for {name} on the front-end board with a deadline of next Friday and book a half-hour meeting for us called 'Discuss {natural_language_metric}' at the earliest time I'm free tomorrow. otherwise send them an email titled 'New leads for you' saying '{natural_language_metric} looks good, so there are new leads for you' and then give them all {assigned_to_first_name}'s leads in the CRM",assigned_to_first_name,Sofia
multi_domain,202,"If {natural_language_metric} was {more_or_less} than {threshold} at any time since {natural_language_date} make a backlog task called 'Improve {natural_language_metric}' for {name} on the front-end board with a deadline of next Friday and book a half-hour meeting for us called 'Discuss {natural_language_metric}' at the earliest time I'm free tomorrow. otherwise send them an email titled 'New leads for you' saying '{natural_language_metric} looks good, so there are new leads for you' and then give them all {assigned_to_first_name}'s leads in the CRM","can you check if {natural_language_metric} was {more_or_less} than {threshold} at any time since {natural_language_date}? If so, make a task for {name} on the backlog called 'Improve {natural_language_metric}' on the front-end board that's due next Friday and book a half-hour meeting for us called 'Discuss {natural_language_metric}' at the earliest time I can do tomorrow. otherwise send them an email titled 'New leads for you' saying '{natural_language_metric} looks good, so there are new leads for you' and then give them all {assigned_to_first_name}'s leads in the CRM",natural_language_metric,average session duration
multi_domain,202,"If {natural_language_metric} was {more_or_less} than {threshold} at any time since {natural_language_date} make a backlog task called 'Improve {natural_language_metric}' for {name} on the front-end board with a deadline of next Friday and book a half-hour meeting for us called 'Discuss {natural_language_metric}' at the earliest time I'm free tomorrow. otherwise send them an email titled 'New leads for you' saying '{natural_language_metric} looks good, so there are new leads for you' and then give them all {assigned_to_first_name}'s leads in the CRM","can you check if {natural_language_metric} was {more_or_less} than {threshold} at any time since {natural_language_date}? If so, make a task for {name} on the backlog called 'Improve {natural_language_metric}' on the front-end board that's due next Friday and book a half-hour meeting for us called 'Discuss {natural_language_metric}' at the earliest time I can do tomorrow. otherwise send them an email titled 'New leads for you' saying '{natural_language_metric} looks good, so there are new leads for you' and then give them all {assigned_to_first_name}'s leads in the CRM",more_or_less,more
multi_domain,202,"If {natural_language_metric} was {more_or_less} than {threshold} at any time since {natural_language_date} make a backlog task called 'Improve {natural_language_metric}' for {name} on the front-end board with a deadline of next Friday and book a half-hour meeting for us called 'Discuss {natural_language_metric}' at the earliest time I'm free tomorrow. otherwise send them an email titled 'New leads for you' saying '{natural_language_metric} looks good, so there are new leads for you' and then give them all {assigned_to_first_name}'s leads in the CRM","can you check if {natural_language_metric} was {more_or_less} than {threshold} at any time since {natural_language_date}? If so, make a task for {name} on the backlog called 'Improve {natural_language_metric}' on the front-end board that's due next Friday and book a half-hour meeting for us called 'Discuss {natural_language_metric}' at the earliest time I can do tomorrow. otherwise send them an email titled 'New leads for you' saying '{natural_language_metric} looks good, so there are new leads for you' and then give them all {assigned_to_first_name}'s leads in the CRM",threshold,41
multi_domain,202,"If {natural_language_metric} was {more_or_less} than {threshold} at any time since {natural_language_date} make a backlog task called 'Improve {natural_language_metric}' for {name} on the front-end board with a deadline of next Friday and book a half-hour meeting for us called 'Discuss {natural_language_metric}' at the earliest time I'm free tomorrow. otherwise send them an email titled 'New leads for you' saying '{natural_language_metric} looks good, so there are new leads for you' and then give them all {assigned_to_first_name}'s leads in the CRM","can you check if {natural_language_metric} was {more_or_less} than {threshold} at any time since {natural_language_date}? If so, make a task for {name} on the backlog called 'Improve {natural_language_metric}' on the front-end board that's due next Friday and book a half-hour meeting for us called 'Discuss {natural_language_metric}' at the earliest time I can do tomorrow. otherwise send them an email titled 'New leads for you' saying '{natural_language_metric} looks good, so there are new leads for you' and then give them all {assigned_to_first_name}'s leads in the CRM",natural_language_date,November 20
multi_domain,202,"If {natural_language_metric} was {more_or_less} than {threshold} at any time since {natural_language_date} make a backlog task called 'Improve {natural_language_metric}' for {name} on the front-end board with a deadline of next Friday and book a half-hour meeting for us called 'Discuss {natural_language_metric}' at the earliest time I'm free tomorrow. otherwise send them an email titled 'New leads for you' saying '{natural_language_metric} looks good, so there are new leads for you' and then give them all {assigned_to_first_name}'s leads in the CRM","can you check if {natural_language_metric} was {more_or_less} than {threshold} at any time since {natural_language_date}? If so, make a task for {name} on the backlog called 'Improve {natural_language_metric}' on the front-end board that's due next Friday and book a half-hour meeting for us called 'Discuss {natural_language_metric}' at the earliest time I can do tomorrow. otherwise send them an email titled 'New leads for you' saying '{natural_language_metric} looks good, so there are new leads for you' and then give them all {assigned_to_first_name}'s leads in the CRM",name,chenwei
multi_domain,202,"If {natural_language_metric} was {more_or_less} than {threshold} at any time since {natural_language_date} make a backlog task called 'Improve {natural_language_metric}' for {name} on the front-end board with a deadline of next Friday and book a half-hour meeting for us called 'Discuss {natural_language_metric}' at the earliest time I'm free tomorrow. otherwise send them an email titled 'New leads for you' saying '{natural_language_metric} looks good, so there are new leads for you' and then give them all {assigned_to_first_name}'s leads in the CRM","can you check if {natural_language_metric} was {more_or_less} than {threshold} at any time since {natural_language_date}? If so, make a task for {name} on the backlog called 'Improve {natural_language_metric}' on the front-end board that's due next Friday and book a half-hour meeting for us called 'Discuss {natural_language_metric}' at the earliest time I can do tomorrow. otherwise send them an email titled 'New leads for you' saying '{natural_language_metric} looks good, so there are new leads for you' and then give them all {assigned_to_first_name}'s leads in the CRM",assigned_to_first_name,Nadia
multi_domain,203,"If {natural_language_metric} was {more_or_less} than {threshold} at any time since {natural_language_date} make a backlog task called 'Improve {natural_language_metric}' for {name} on the front-end board with a deadline of next Friday and book a half-hour meeting for us called 'Discuss {natural_language_metric}' at the earliest time I'm free tomorrow. otherwise send them an email titled 'New leads for you' saying '{natural_language_metric} looks good, so there are new leads for you' and then give them all {assigned_to_first_name}'s leads in the CRM","can you check if {natural_language_metric} was {more_or_less} than {threshold} at any time since {natural_language_date}? If so, make a task for {name} on the backlog called 'Improve {natural_language_metric}' on the front-end board that's due next Friday and book a half-hour meeting for us called 'Discuss {natural_language_metric}' at the earliest time I can do tomorrow. otherwise send them an email titled 'New leads for you' saying '{natural_language_metric} looks good, so there are new leads for you' and then give them all {assigned_to_first_name}'s leads in the CRM",natural_language_metric,engaged users
multi_domain,203,"If {natural_language_metric} was {more_or_less} than {threshold} at any time since {natural_language_date} make a backlog task called 'Improve {natural_language_metric}' for {name} on the front-end board with a deadline of next Friday and book a half-hour meeting for us called 'Discuss {natural_language_metric}' at the earliest time I'm free tomorrow. otherwise send them an email titled 'New leads for you' saying '{natural_language_metric} looks good, so there are new leads for you' and then give them all {assigned_to_first_name}'s leads in the CRM","can you check if {natural_language_metric} was {more_or_less} than {threshold} at any time since {natural_language_date}? If so, make a task for {name} on the backlog called 'Improve {natural_language_metric}' on the front-end board that's due next Friday and book a half-hour meeting for us called 'Discuss {natural_language_metric}' at the earliest time I can do tomorrow. otherwise send them an email titled 'New leads for you' saying '{natural_language_metric} looks good, so there are new leads for you' and then give them all {assigned_to_first_name}'s leads in the CRM",more_or_less,more
multi_domain,203,"If {natural_language_metric} was {more_or_less} than {threshold} at any time since {natural_language_date} make a backlog task called 'Improve {natural_language_metric}' for {name} on the front-end board with a deadline of next Friday and book a half-hour meeting for us called 'Discuss {natural_language_metric}' at the earliest time I'm free tomorrow. otherwise send them an email titled 'New leads for you' saying '{natural_language_metric} looks good, so there are new leads for you' and then give them all {assigned_to_first_name}'s leads in the CRM","can you check if {natural_language_metric} was {more_or_less} than {threshold} at any time since {natural_language_date}? If so, make a task for {name} on the backlog called 'Improve {natural_language_metric}' on the front-end board that's due next Friday and book a half-hour meeting for us called 'Discuss {natural_language_metric}' at the earliest time I can do tomorrow. otherwise send them an email titled 'New leads for you' saying '{natural_language_metric} looks good, so there are new leads for you' and then give them all {assigned_to_first_name}'s leads in the CRM",threshold,5
multi_domain,203,"If {natural_language_metric} was {more_or_less} than {threshold} at any time since {natural_language_date} make a backlog task called 'Improve {natural_language_metric}' for {name} on the front-end board with a deadline of next Friday and book a half-hour meeting for us called 'Discuss {natural_language_metric}' at the earliest time I'm free tomorrow. otherwise send them an email titled 'New leads for you' saying '{natural_language_metric} looks good, so there are new leads for you' and then give them all {assigned_to_first_name}'s leads in the CRM","can you check if {natural_language_metric} was {more_or_less} than {threshold} at any time since {natural_language_date}? If so, make a task for {name} on the backlog called 'Improve {natural_language_metric}' on the front-end board that's due next Friday and book a half-hour meeting for us called 'Discuss {natural_language_metric}' at the earliest time I can do tomorrow. otherwise send them an email titled 'New leads for you' saying '{natural_language_metric} looks good, so there are new leads for you' and then give them all {assigned_to_first_name}'s leads in the CRM",natural_language_date,November 29
multi_domain,203,"If {natural_language_metric} was {more_or_less} than {threshold} at any time since {natural_language_date} make a backlog task called 'Improve {natural_language_metric}' for {name} on the front-end board with a deadline of next Friday and book a half-hour meeting for us called 'Discuss {natural_language_metric}' at the earliest time I'm free tomorrow. otherwise send them an email titled 'New leads for you' saying '{natural_language_metric} looks good, so there are new leads for you' and then give them all {assigned_to_first_name}'s leads in the CRM","can you check if {natural_language_metric} was {more_or_less} than {threshold} at any time since {natural_language_date}? If so, make a task for {name} on the backlog called 'Improve {natural_language_metric}' on the front-end board that's due next Friday and book a half-hour meeting for us called 'Discuss {natural_language_metric}' at the earliest time I can do tomorrow. otherwise send them an email titled 'New leads for you' saying '{natural_language_metric} looks good, so there are new leads for you' and then give them all {assigned_to_first_name}'s leads in the CRM",name,santiago
multi_domain,203,"If {natural_language_metric} was {more_or_less} than {threshold} at any time since {natural_language_date} make a backlog task called 'Improve {natural_language_metric}' for {name} on the front-end board with a deadline of next Friday and book a half-hour meeting for us called 'Discuss {natural_language_metric}' at the earliest time I'm free tomorrow. otherwise send them an email titled 'New leads for you' saying '{natural_language_metric} looks good, so there are new leads for you' and then give them all {assigned_to_first_name}'s leads in the CRM","can you check if {natural_language_metric} was {more_or_less} than {threshold} at any time since {natural_language_date}? If so, make a task for {name} on the backlog called 'Improve {natural_language_metric}' on the front-end board that's due next Friday and book a half-hour meeting for us called 'Discuss {natural_language_metric}' at the earliest time I can do tomorrow. otherwise send them an email titled 'New leads for you' saying '{natural_language_metric} looks good, so there are new leads for you' and then give them all {assigned_to_first_name}'s leads in the CRM",assigned_to_first_name,Lena
multi_domain,204,"If {natural_language_metric} was {more_or_less} than {threshold} at any time since {natural_language_date} make a backlog task called 'Improve {natural_language_metric}' for {name} on the front-end board with a deadline of next Friday and book a half-hour meeting for us called 'Discuss {natural_language_metric}' at the earliest time I'm free tomorrow. otherwise send them an email titled 'New leads for you' saying '{natural_language_metric} looks good, so there are new leads for you' and then give them all {assigned_to_first_name}'s leads in the CRM","Was {natural_language_metric} {more_or_less} than {threshold} at any time since {natural_language_date}? If so, make a backlog task called 'Improve {natural_language_metric}' for {name} on the front-end board with a deadline of next Friday and book a 30 minute meeting for us called 'Discuss {natural_language_metric}' at the earliest time I'm free tomorrow. otherwise send them an email and title it 'New leads for you' saying '{natural_language_metric} looks good, so there are new leads for you' and then give them all {assigned_to_first_name}'s leads in the CRM",natural_language_metric,total visits
multi_domain,204,"If {natural_language_metric} was {more_or_less} than {threshold} at any time since {natural_language_date} make a backlog task called 'Improve {natural_language_metric}' for {name} on the front-end board with a deadline of next Friday and book a half-hour meeting for us called 'Discuss {natural_language_metric}' at the earliest time I'm free tomorrow. otherwise send them an email titled 'New leads for you' saying '{natural_language_metric} looks good, so there are new leads for you' and then give them all {assigned_to_first_name}'s leads in the CRM","Was {natural_language_metric} {more_or_less} than {threshold} at any time since {natural_language_date}? If so, make a backlog task called 'Improve {natural_language_metric}' for {name} on the front-end board with a deadline of next Friday and book a 30 minute meeting for us called 'Discuss {natural_language_metric}' at the earliest time I'm free tomorrow. otherwise send them an email and title it 'New leads for you' saying '{natural_language_metric} looks good, so there are new leads for you' and then give them all {assigned_to_first_name}'s leads in the CRM",more_or_less,more
multi_domain,204,"If {natural_language_metric} was {more_or_less} than {threshold} at any time since {natural_language_date} make a backlog task called 'Improve {natural_language_metric}' for {name} on the front-end board with a deadline of next Friday and book a half-hour meeting for us called 'Discuss {natural_language_metric}' at the earliest time I'm free tomorrow. otherwise send them an email titled 'New leads for you' saying '{natural_language_metric} looks good, so there are new leads for you' and then give them all {assigned_to_first_name}'s leads in the CRM","Was {natural_language_metric} {more_or_less} than {threshold} at any time since {natural_language_date}? If so, make a backlog task called 'Improve {natural_language_metric}' for {name} on the front-end board with a deadline of next Friday and book a 30 minute meeting for us called 'Discuss {natural_language_metric}' at the earliest time I'm free tomorrow. otherwise send them an email and title it 'New leads for you' saying '{natural_language_metric} looks good, so there are new leads for you' and then give them all {assigned_to_first_name}'s leads in the CRM",threshold,21
multi_domain,204,"If {natural_language_metric} was {more_or_less} than {threshold} at any time since {natural_language_date} make a backlog task called 'Improve {natural_language_metric}' for {name} on the front-end board with a deadline of next Friday and book a half-hour meeting for us called 'Discuss {natural_language_metric}' at the earliest time I'm free tomorrow. otherwise send them an email titled 'New leads for you' saying '{natural_language_metric} looks good, so there are new leads for you' and then give them all {assigned_to_first_name}'s leads in the CRM","Was {natural_language_metric} {more_or_less} than {threshold} at any time since {natural_language_date}? If so, make a backlog task called 'Improve {natural_language_metric}' for {name} on the front-end board with a deadline of next Friday and book a 30 minute meeting for us called 'Discuss {natural_language_metric}' at the earliest time I'm free tomorrow. otherwise send them an email and title it 'New leads for you' saying '{natural_language_metric} looks good, so there are new leads for you' and then give them all {assigned_to_first_name}'s leads in the CRM",natural_language_date,November 12
multi_domain,204,"If {natural_language_metric} was {more_or_less} than {threshold} at any time since {natural_language_date} make a backlog task called 'Improve {natural_language_metric}' for {name} on the front-end board with a deadline of next Friday and book a half-hour meeting for us called 'Discuss {natural_language_metric}' at the earliest time I'm free tomorrow. otherwise send them an email titled 'New leads for you' saying '{natural_language_metric} looks good, so there are new leads for you' and then give them all {assigned_to_first_name}'s leads in the CRM","Was {natural_language_metric} {more_or_less} than {threshold} at any time since {natural_language_date}? If so, make a backlog task called 'Improve {natural_language_metric}' for {name} on the front-end board with a deadline of next Friday and book a 30 minute meeting for us called 'Discuss {natural_language_metric}' at the earliest time I'm free tomorrow. otherwise send them an email and title it 'New leads for you' saying '{natural_language_metric} looks good, so there are new leads for you' and then give them all {assigned_to_first_name}'s leads in the CRM",name,anaya
multi_domain,204,"If {natural_language_metric} was {more_or_less} than {threshold} at any time since {natural_language_date} make a backlog task called 'Improve {natural_language_metric}' for {name} on the front-end board with a deadline of next Friday and book a half-hour meeting for us called 'Discuss {natural_language_metric}' at the earliest time I'm free tomorrow. otherwise send them an email titled 'New leads for you' saying '{natural_language_metric} looks good, so there are new leads for you' and then give them all {assigned_to_first_name}'s leads in the CRM","Was {natural_language_metric} {more_or_less} than {threshold} at any time since {natural_language_date}? If so, make a backlog task called 'Improve {natural_language_metric}' for {name} on the front-end board with a deadline of next Friday and book a 30 minute meeting for us called 'Discuss {natural_language_metric}' at the earliest time I'm free tomorrow. otherwise send them an email and title it 'New leads for you' saying '{natural_language_metric} looks good, so there are new leads for you' and then give them all {assigned_to_first_name}'s leads in the CRM",assigned_to_first_name,Lena
multi_domain,205,"If {natural_language_metric} was {more_or_less} than {threshold} at any time since {natural_language_date} make a backlog task called 'Improve {natural_language_metric}' for {name} on the front-end board with a deadline of next Friday and book a half-hour meeting for us called 'Discuss {natural_language_metric}' at the earliest time I'm free tomorrow. otherwise send them an email titled 'New leads for you' saying '{natural_language_metric} looks good, so there are new leads for you' and then give them all {assigned_to_first_name}'s leads in the CRM","Was {natural_language_metric} {more_or_less} than {threshold} at any time since {natural_language_date}? If so, make a backlog task called 'Improve {natural_language_metric}' for {name} on the front-end board with a deadline of next Friday and book a 30 minute meeting for us called 'Discuss {natural_language_metric}' at the earliest time I'm free tomorrow. otherwise send them an email and title it 'New leads for you' saying '{natural_language_metric} looks good, so there are new leads for you' and then give them all {assigned_to_first_name}'s leads in the CRM",natural_language_metric,engaged users
multi_domain,205,"If {natural_language_metric} was {more_or_less} than {threshold} at any time since {natural_language_date} make a backlog task called 'Improve {natural_language_metric}' for {name} on the front-end board with a deadline of next Friday and book a half-hour meeting for us called 'Discuss {natural_language_metric}' at the earliest time I'm free tomorrow. otherwise send them an email titled 'New leads for you' saying '{natural_language_metric} looks good, so there are new leads for you' and then give them all {assigned_to_first_name}'s leads in the CRM","Was {natural_language_metric} {more_or_less} than {threshold} at any time since {natural_language_date}? If so, make a backlog task called 'Improve {natural_language_metric}' for {name} on the front-end board with a deadline of next Friday and book a 30 minute meeting for us called 'Discuss {natural_language_metric}' at the earliest time I'm free tomorrow. otherwise send them an email and title it 'New leads for you' saying '{natural_language_metric} looks good, so there are new leads for you' and then give them all {assigned_to_first_name}'s leads in the CRM",more_or_less,less
multi_domain,205,"If {natural_language_metric} was {more_or_less} than {threshold} at any time since {natural_language_date} make a backlog task called 'Improve {natural_language_metric}' for {name} on the front-end board with a deadline of next Friday and book a half-hour meeting for us called 'Discuss {natural_language_metric}' at the earliest time I'm free tomorrow. otherwise send them an email titled 'New leads for you' saying '{natural_language_metric} looks good, so there are new leads for you' and then give them all {assigned_to_first_name}'s leads in the CRM","Was {natural_language_metric} {more_or_less} than {threshold} at any time since {natural_language_date}? If so, make a backlog task called 'Improve {natural_language_metric}' for {name} on the front-end board with a deadline of next Friday and book a 30 minute meeting for us called 'Discuss {natural_language_metric}' at the earliest time I'm free tomorrow. otherwise send them an email and title it 'New leads for you' saying '{natural_language_metric} looks good, so there are new leads for you' and then give them all {assigned_to_first_name}'s leads in the CRM",threshold,5
multi_domain,205,"If {natural_language_metric} was {more_or_less} than {threshold} at any time since {natural_language_date} make a backlog task called 'Improve {natural_language_metric}' for {name} on the front-end board with a deadline of next Friday and book a half-hour meeting for us called 'Discuss {natural_language_metric}' at the earliest time I'm free tomorrow. otherwise send them an email titled 'New leads for you' saying '{natural_language_metric} looks good, so there are new leads for you' and then give them all {assigned_to_first_name}'s leads in the CRM","Was {natural_language_metric} {more_or_less} than {threshold} at any time since {natural_language_date}? If so, make a backlog task called 'Improve {natural_language_metric}' for {name} on the front-end board with a deadline of next Friday and book a 30 minute meeting for us called 'Discuss {natural_language_metric}' at the earliest time I'm free tomorrow. otherwise send them an email and title it 'New leads for you' saying '{natural_language_metric} looks good, so there are new leads for you' and then give them all {assigned_to_first_name}'s leads in the CRM",natural_language_date,September 10
multi_domain,205,"If {natural_language_metric} was {more_or_less} than {threshold} at any time since {natural_language_date} make a backlog task called 'Improve {natural_language_metric}' for {name} on the front-end board with a deadline of next Friday and book a half-hour meeting for us called 'Discuss {natural_language_metric}' at the earliest time I'm free tomorrow. otherwise send them an email titled 'New leads for you' saying '{natural_language_metric} looks good, so there are new leads for you' and then give them all {assigned_to_first_name}'s leads in the CRM","Was {natural_language_metric} {more_or_less} than {threshold} at any time since {natural_language_date}? If so, make a backlog task called 'Improve {natural_language_metric}' for {name} on the front-end board with a deadline of next Friday and book a 30 minute meeting for us called 'Discuss {natural_language_metric}' at the earliest time I'm free tomorrow. otherwise send them an email and title it 'New leads for you' saying '{natural_language_metric} looks good, so there are new leads for you' and then give them all {assigned_to_first_name}'s leads in the CRM",name,kofi
multi_domain,205,"If {natural_language_metric} was {more_or_less} than {threshold} at any time since {natural_language_date} make a backlog task called 'Improve {natural_language_metric}' for {name} on the front-end board with a deadline of next Friday and book a half-hour meeting for us called 'Discuss {natural_language_metric}' at the earliest time I'm free tomorrow. otherwise send them an email titled 'New leads for you' saying '{natural_language_metric} looks good, so there are new leads for you' and then give them all {assigned_to_first_name}'s leads in the CRM","Was {natural_language_metric} {more_or_less} than {threshold} at any time since {natural_language_date}? If so, make a backlog task called 'Improve {natural_language_metric}' for {name} on the front-end board with a deadline of next Friday and book a 30 minute meeting for us called 'Discuss {natural_language_metric}' at the earliest time I'm free tomorrow. otherwise send them an email and title it 'New leads for you' saying '{natural_language_metric} looks good, so there are new leads for you' and then give them all {assigned_to_first_name}'s leads in the CRM",assigned_to_first_name,Raj
multi_domain,206,"If {natural_language_metric} was {more_or_less} than {threshold} at any time since {natural_language_date} make a backlog task called 'Improve {natural_language_metric}' for {name} on the front-end board with a deadline of next Friday and book a half-hour meeting for us called 'Discuss {natural_language_metric}' at the earliest time I'm free tomorrow. otherwise send them an email titled 'New leads for you' saying '{natural_language_metric} looks good, so there are new leads for you' and then give them all {assigned_to_first_name}'s leads in the CRM","can you check if {natural_language_metric} was {more_or_less} than {threshold} at any time since {natural_language_date}? If so, make a task for {name} on the backlog called 'Improve {natural_language_metric}' on the front-end board that's due next Friday and book a half-hour meeting for us called 'Discuss {natural_language_metric}' at the earliest time I can do tomorrow. otherwise send them an email titled 'New leads for you' saying '{natural_language_metric} looks good, so there are new leads for you' and then give them all {assigned_to_first_name}'s leads in the CRM",natural_language_metric,average session duration
multi_domain,206,"If {natural_language_metric} was {more_or_less} than {threshold} at any time since {natural_language_date} make a backlog task called 'Improve {natural_language_metric}' for {name} on the front-end board with a deadline of next Friday and book a half-hour meeting for us called 'Discuss {natural_language_metric}' at the earliest time I'm free tomorrow. otherwise send them an email titled 'New leads for you' saying '{natural_language_metric} looks good, so there are new leads for you' and then give them all {assigned_to_first_name}'s leads in the CRM","can you check if {natural_language_metric} was {more_or_less} than {threshold} at any time since {natural_language_date}? If so, make a task for {name} on the backlog called 'Improve {natural_language_metric}' on the front-end board that's due next Friday and book a half-hour meeting for us called 'Discuss {natural_language_metric}' at the earliest time I can do tomorrow. otherwise send them an email titled 'New leads for you' saying '{natural_language_metric} looks good, so there are new leads for you' and then give them all {assigned_to_first_name}'s leads in the CRM",more_or_less,less
multi_domain,206,"If {natural_language_metric} was {more_or_less} than {threshold} at any time since {natural_language_date} make a backlog task called 'Improve {natural_language_metric}' for {name} on the front-end board with a deadline of next Friday and book a half-hour meeting for us called 'Discuss {natural_language_metric}' at the earliest time I'm free tomorrow. otherwise send them an email titled 'New leads for you' saying '{natural_language_metric} looks good, so there are new leads for you' and then give them all {assigned_to_first_name}'s leads in the CRM","can you check if {natural_language_metric} was {more_or_less} than {threshold} at any time since {natural_language_date}? If so, make a task for {name} on the backlog called 'Improve {natural_language_metric}' on the front-end board that's due next Friday and book a half-hour meeting for us called 'Discuss {natural_language_metric}' at the earliest time I can do tomorrow. otherwise send them an email titled 'New leads for you' saying '{natural_language_metric} looks good, so there are new leads for you' and then give them all {assigned_to_first_name}'s leads in the CRM",threshold,2
multi_domain,206,"If {natural_language_metric} was {more_or_less} than {threshold} at any time since {natural_language_date} make a backlog task called 'Improve {natural_language_metric}' for {name} on the front-end board with a deadline of next Friday and book a half-hour meeting for us called 'Discuss {natural_language_metric}' at the earliest time I'm free tomorrow. otherwise send them an email titled 'New leads for you' saying '{natural_language_metric} looks good, so there are new leads for you' and then give them all {assigned_to_first_name}'s leads in the CRM","can you check if {natural_language_metric} was {more_or_less} than {threshold} at any time since {natural_language_date}? If so, make a task for {name} on the backlog called 'Improve {natural_language_metric}' on the front-end board that's due next Friday and book a half-hour meeting for us called 'Discuss {natural_language_metric}' at the earliest time I can do tomorrow. otherwise send them an email titled 'New leads for you' saying '{natural_language_metric} looks good, so there are new leads for you' and then give them all {assigned_to_first_name}'s leads in the CRM",natural_language_date,October 15
multi_domain,206,"If {natural_language_metric} was {more_or_less} than {threshold} at any time since {natural_language_date} make a backlog task called 'Improve {natural_language_metric}' for {name} on the front-end board with a deadline of next Friday and book a half-hour meeting for us called 'Discuss {natural_language_metric}' at the earliest time I'm free tomorrow. otherwise send them an email titled 'New leads for you' saying '{natural_language_metric} looks good, so there are new leads for you' and then give them all {assigned_to_first_name}'s leads in the CRM","can you check if {natural_language_metric} was {more_or_less} than {threshold} at any time since {natural_language_date}? If so, make a task for {name} on the backlog called 'Improve {natural_language_metric}' on the front-end board that's due next Friday and book a half-hour meeting for us called 'Discuss {natural_language_metric}' at the earliest time I can do tomorrow. otherwise send them an email titled 'New leads for you' saying '{natural_language_metric} looks good, so there are new leads for you' and then give them all {assigned_to_first_name}'s leads in the CRM",name,nia
multi_domain,206,"If {natural_language_metric} was {more_or_less} than {threshold} at any time since {natural_language_date} make a backlog task called 'Improve {natural_language_metric}' for {name} on the front-end board with a deadline of next Friday and book a half-hour meeting for us called 'Discuss {natural_language_metric}' at the earliest time I'm free tomorrow. otherwise send them an email titled 'New leads for you' saying '{natural_language_metric} looks good, so there are new leads for you' and then give them all {assigned_to_first_name}'s leads in the CRM","can you check if {natural_language_metric} was {more_or_less} than {threshold} at any time since {natural_language_date}? If so, make a task for {name} on the backlog called 'Improve {natural_language_metric}' on the front-end board that's due next Friday and book a half-hour meeting for us called 'Discuss {natural_language_metric}' at the earliest time I can do tomorrow. otherwise send them an email titled 'New leads for you' saying '{natural_language_metric} looks good, so there are new leads for you' and then give them all {assigned_to_first_name}'s leads in the CRM",assigned_to_first_name,Akira
multi_domain,207,"If {natural_language_metric} was {more_or_less} than {threshold} at any time since {natural_language_date} make a backlog task called 'Improve {natural_language_metric}' for {name} on the front-end board with a deadline of next Friday and book a half-hour meeting for us called 'Discuss {natural_language_metric}' at the earliest time I'm free tomorrow. otherwise send them an email titled 'New leads for you' saying '{natural_language_metric} looks good, so there are new leads for you' and then give them all {assigned_to_first_name}'s leads in the CRM","Was {natural_language_metric} {more_or_less} than {threshold} at any time since {natural_language_date}? If so, make a backlog task called 'Improve {natural_language_metric}' for {name} on the front-end board with a deadline of next Friday and book a 30 minute meeting for us called 'Discuss {natural_language_metric}' at the earliest time I'm free tomorrow. otherwise send them an email and title it 'New leads for you' saying '{natural_language_metric} looks good, so there are new leads for you' and then give them all {assigned_to_first_name}'s leads in the CRM",natural_language_metric,total visits
multi_domain,207,"If {natural_language_metric} was {more_or_less} than {threshold} at any time since {natural_language_date} make a backlog task called 'Improve {natural_language_metric}' for {name} on the front-end board with a deadline of next Friday and book a half-hour meeting for us called 'Discuss {natural_language_metric}' at the earliest time I'm free tomorrow. otherwise send them an email titled 'New leads for you' saying '{natural_language_metric} looks good, so there are new leads for you' and then give them all {assigned_to_first_name}'s leads in the CRM","Was {natural_language_metric} {more_or_less} than {threshold} at any time since {natural_language_date}? If so, make a backlog task called 'Improve {natural_language_metric}' for {name} on the front-end board with a deadline of next Friday and book a 30 minute meeting for us called 'Discuss {natural_language_metric}' at the earliest time I'm free tomorrow. otherwise send them an email and title it 'New leads for you' saying '{natural_language_metric} looks good, so there are new leads for you' and then give them all {assigned_to_first_name}'s leads in the CRM",more_or_less,less
multi_domain,207,"If {natural_language_metric} was {more_or_less} than {threshold} at any time since {natural_language_date} make a backlog task called 'Improve {natural_language_metric}' for {name} on the front-end board with a deadline of next Friday and book a half-hour meeting for us called 'Discuss {natural_language_metric}' at the earliest time I'm free tomorrow. otherwise send them an email titled 'New leads for you' saying '{natural_language_metric} looks good, so there are new leads for you' and then give them all {assigned_to_first_name}'s leads in the CRM","Was {natural_language_metric} {more_or_less} than {threshold} at any time since {natural_language_date}? If so, make a backlog task called 'Improve {natural_language_metric}' for {name} on the front-end board with a deadline of next Friday and book a 30 minute meeting for us called 'Discuss {natural_language_metric}' at the earliest time I'm free tomorrow. otherwise send them an email and title it 'New leads for you' saying '{natural_language_metric} looks good, so there are new leads for you' and then give them all {assigned_to_first_name}'s leads in the CRM",threshold,10
multi_domain,207,"If {natural_language_metric} was {more_or_less} than {threshold} at any time since {natural_language_date} make a backlog task called 'Improve {natural_language_metric}' for {name} on the front-end board with a deadline of next Friday and book a half-hour meeting for us called 'Discuss {natural_language_metric}' at the earliest time I'm free tomorrow. otherwise send them an email titled 'New leads for you' saying '{natural_language_metric} looks good, so there are new leads for you' and then give them all {assigned_to_first_name}'s leads in the CRM","Was {natural_language_metric} {more_or_less} than {threshold} at any time since {natural_language_date}? If so, make a backlog task called 'Improve {natural_language_metric}' for {name} on the front-end board with a deadline of next Friday and book a 30 minute meeting for us called 'Discuss {natural_language_metric}' at the earliest time I'm free tomorrow. otherwise send them an email and title it 'New leads for you' saying '{natural_language_metric} looks good, so there are new leads for you' and then give them all {assigned_to_first_name}'s leads in the CRM",natural_language_date,September 20
multi_domain,207,"If {natural_language_metric} was {more_or_less} than {threshold} at any time since {natural_language_date} make a backlog task called 'Improve {natural_language_metric}' for {name} on the front-end board with a deadline of next Friday and book a half-hour meeting for us called 'Discuss {natural_language_metric}' at the earliest time I'm free tomorrow. otherwise send them an email titled 'New leads for you' saying '{natural_language_metric} looks good, so there are new leads for you' and then give them all {assigned_to_first_name}'s leads in the CRM","Was {natural_language_metric} {more_or_less} than {threshold} at any time since {natural_language_date}? If so, make a backlog task called 'Improve {natural_language_metric}' for {name} on the front-end board with a deadline of next Friday and book a 30 minute meeting for us called 'Discuss {natural_language_metric}' at the earliest time I'm free tomorrow. otherwise send them an email and title it 'New leads for you' saying '{natural_language_metric} looks good, so there are new leads for you' and then give them all {assigned_to_first_name}'s leads in the CRM",name,aisha
multi_domain,207,"If {natural_language_metric} was {more_or_less} than {threshold} at any time since {natural_language_date} make a backlog task called 'Improve {natural_language_metric}' for {name} on the front-end board with a deadline of next Friday and book a half-hour meeting for us called 'Discuss {natural_language_metric}' at the earliest time I'm free tomorrow. otherwise send them an email titled 'New leads for you' saying '{natural_language_metric} looks good, so there are new leads for you' and then give them all {assigned_to_first_name}'s leads in the CRM","Was {natural_language_metric} {more_or_less} than {threshold} at any time since {natural_language_date}? If so, make a backlog task called 'Improve {natural_language_metric}' for {name} on the front-end board with a deadline of next Friday and book a 30 minute meeting for us called 'Discuss {natural_language_metric}' at the earliest time I'm free tomorrow. otherwise send them an email and title it 'New leads for you' saying '{natural_language_metric} looks good, so there are new leads for you' and then give them all {assigned_to_first_name}'s leads in the CRM",assigned_to_first_name,Akira
multi_domain,208,"If {natural_language_metric} was {more_or_less} than {threshold} at any time since {natural_language_date} make a backlog task called 'Improve {natural_language_metric}' for {name} on the front-end board with a deadline of next Friday and book a half-hour meeting for us called 'Discuss {natural_language_metric}' at the earliest time I'm free tomorrow. otherwise send them an email titled 'New leads for you' saying '{natural_language_metric} looks good, so there are new leads for you' and then give them all {assigned_to_first_name}'s leads in the CRM","If {natural_language_metric} was {more_or_less} than {threshold} at any time since {natural_language_date} make a backlog task called 'Improve {natural_language_metric}' for {name} on the front-end board with a deadline of next Friday and book a half-hour meeting for us called 'Discuss {natural_language_metric}' at the earliest time I'm free tomorrow. otherwise send them an email titled 'New leads for you' saying '{natural_language_metric} looks good, so there are new leads for you' and then give them all {assigned_to_first_name}'s leads in the CRM",natural_language_metric,total visits
multi_domain,208,"If {natural_language_metric} was {more_or_less} than {threshold} at any time since {natural_language_date} make a backlog task called 'Improve {natural_language_metric}' for {name} on the front-end board with a deadline of next Friday and book a half-hour meeting for us called 'Discuss {natural_language_metric}' at the earliest time I'm free tomorrow. otherwise send them an email titled 'New leads for you' saying '{natural_language_metric} looks good, so there are new leads for you' and then give them all {assigned_to_first_name}'s leads in the CRM","If {natural_language_metric} was {more_or_less} than {threshold} at any time since {natural_language_date} make a backlog task called 'Improve {natural_language_metric}' for {name} on the front-end board with a deadline of next Friday and book a half-hour meeting for us called 'Discuss {natural_language_metric}' at the earliest time I'm free tomorrow. otherwise send them an email titled 'New leads for you' saying '{natural_language_metric} looks good, so there are new leads for you' and then give them all {assigned_to_first_name}'s leads in the CRM",more_or_less,more
multi_domain,208,"If {natural_language_metric} was {more_or_less} than {threshold} at any time since {natural_language_date} make a backlog task called 'Improve {natural_language_metric}' for {name} on the front-end board with a deadline of next Friday and book a half-hour meeting for us called 'Discuss {natural_language_metric}' at the earliest time I'm free tomorrow. otherwise send them an email titled 'New leads for you' saying '{natural_language_metric} looks good, so there are new leads for you' and then give them all {assigned_to_first_name}'s leads in the CRM","If {natural_language_metric} was {more_or_less} than {threshold} at any time since {natural_language_date} make a backlog task called 'Improve {natural_language_metric}' for {name} on the front-end board with a deadline of next Friday and book a half-hour meeting for us called 'Discuss {natural_language_metric}' at the earliest time I'm free tomorrow. otherwise send them an email titled 'New leads for you' saying '{natural_language_metric} looks good, so there are new leads for you' and then give them all {assigned_to_first_name}'s leads in the CRM",threshold,10
multi_domain,208,"If {natural_language_metric} was {more_or_less} than {threshold} at any time since {natural_language_date} make a backlog task called 'Improve {natural_language_metric}' for {name} on the front-end board with a deadline of next Friday and book a half-hour meeting for us called 'Discuss {natural_language_metric}' at the earliest time I'm free tomorrow. otherwise send them an email titled 'New leads for you' saying '{natural_language_metric} looks good, so there are new leads for you' and then give them all {assigned_to_first_name}'s leads in the CRM","If {natural_language_metric} was {more_or_less} than {threshold} at any time since {natural_language_date} make a backlog task called 'Improve {natural_language_metric}' for {name} on the front-end board with a deadline of next Friday and book a half-hour meeting for us called 'Discuss {natural_language_metric}' at the earliest time I'm free tomorrow. otherwise send them an email titled 'New leads for you' saying '{natural_language_metric} looks good, so there are new leads for you' and then give them all {assigned_to_first_name}'s leads in the CRM",natural_language_date,September 21
multi_domain,208,"If {natural_language_metric} was {more_or_less} than {threshold} at any time since {natural_language_date} make a backlog task called 'Improve {natural_language_metric}' for {name} on the front-end board with a deadline of next Friday and book a half-hour meeting for us called 'Discuss {natural_language_metric}' at the earliest time I'm free tomorrow. otherwise send them an email titled 'New leads for you' saying '{natural_language_metric} looks good, so there are new leads for you' and then give them all {assigned_to_first_name}'s leads in the CRM","If {natural_language_metric} was {more_or_less} than {threshold} at any time since {natural_language_date} make a backlog task called 'Improve {natural_language_metric}' for {name} on the front-end board with a deadline of next Friday and book a half-hour meeting for us called 'Discuss {natural_language_metric}' at the earliest time I'm free tomorrow. otherwise send them an email titled 'New leads for you' saying '{natural_language_metric} looks good, so there are new leads for you' and then give them all {assigned_to_first_name}'s leads in the CRM",name,leila
multi_domain,208,"If {natural_language_metric} was {more_or_less} than {threshold} at any time since {natural_language_date} make a backlog task called 'Improve {natural_language_metric}' for {name} on the front-end board with a deadline of next Friday and book a half-hour meeting for us called 'Discuss {natural_language_metric}' at the earliest time I'm free tomorrow. otherwise send them an email titled 'New leads for you' saying '{natural_language_metric} looks good, so there are new leads for you' and then give them all {assigned_to_first_name}'s leads in the CRM","If {natural_language_metric} was {more_or_less} than {threshold} at any time since {natural_language_date} make a backlog task called 'Improve {natural_language_metric}' for {name} on the front-end board with a deadline of next Friday and book a half-hour meeting for us called 'Discuss {natural_language_metric}' at the earliest time I'm free tomorrow. otherwise send them an email titled 'New leads for you' saying '{natural_language_metric} looks good, so there are new leads for you' and then give them all {assigned_to_first_name}'s leads in the CRM",assigned_to_first_name,Raj
multi_domain,209,"If {natural_language_metric} was {more_or_less} than {threshold} at any time since {natural_language_date} make a backlog task called 'Improve {natural_language_metric}' for {name} on the front-end board with a deadline of next Friday and book a half-hour meeting for us called 'Discuss {natural_language_metric}' at the earliest time I'm free tomorrow. otherwise send them an email titled 'New leads for you' saying '{natural_language_metric} looks good, so there are new leads for you' and then give them all {assigned_to_first_name}'s leads in the CRM","Was {natural_language_metric} {more_or_less} than {threshold} at any time since {natural_language_date}? If so, make a backlog task called 'Improve {natural_language_metric}' for {name} on the front-end board with a deadline of next Friday and book a 30 minute meeting for us called 'Discuss {natural_language_metric}' at the earliest time I'm free tomorrow. otherwise send them an email and title it 'New leads for you' saying '{natural_language_metric} looks good, so there are new leads for you' and then give them all {assigned_to_first_name}'s leads in the CRM",natural_language_metric,total visits
multi_domain,209,"If {natural_language_metric} was {more_or_less} than {threshold} at any time since {natural_language_date} make a backlog task called 'Improve {natural_language_metric}' for {name} on the front-end board with a deadline of next Friday and book a half-hour meeting for us called 'Discuss {natural_language_metric}' at the earliest time I'm free tomorrow. otherwise send them an email titled 'New leads for you' saying '{natural_language_metric} looks good, so there are new leads for you' and then give them all {assigned_to_first_name}'s leads in the CRM","Was {natural_language_metric} {more_or_less} than {threshold} at any time since {natural_language_date}? If so, make a backlog task called 'Improve {natural_language_metric}' for {name} on the front-end board with a deadline of next Friday and book a 30 minute meeting for us called 'Discuss {natural_language_metric}' at the earliest time I'm free tomorrow. otherwise send them an email and title it 'New leads for you' saying '{natural_language_metric} looks good, so there are new leads for you' and then give them all {assigned_to_first_name}'s leads in the CRM",more_or_less,more
multi_domain,209,"If {natural_language_metric} was {more_or_less} than {threshold} at any time since {natural_language_date} make a backlog task called 'Improve {natural_language_metric}' for {name} on the front-end board with a deadline of next Friday and book a half-hour meeting for us called 'Discuss {natural_language_metric}' at the earliest time I'm free tomorrow. otherwise send them an email titled 'New leads for you' saying '{natural_language_metric} looks good, so there are new leads for you' and then give them all {assigned_to_first_name}'s leads in the CRM","Was {natural_language_metric} {more_or_less} than {threshold} at any time since {natural_language_date}? If so, make a backlog task called 'Improve {natural_language_metric}' for {name} on the front-end board with a deadline of next Friday and book a 30 minute meeting for us called 'Discuss {natural_language_metric}' at the earliest time I'm free tomorrow. otherwise send them an email and title it 'New leads for you' saying '{natural_language_metric} looks good, so there are new leads for you' and then give them all {assigned_to_first_name}'s leads in the CRM",threshold,10
multi_domain,209,"If {natural_language_metric} was {more_or_less} than {threshold} at any time since {natural_language_date} make a backlog task called 'Improve {natural_language_metric}' for {name} on the front-end board with a deadline of next Friday and book a half-hour meeting for us called 'Discuss {natural_language_metric}' at the earliest time I'm free tomorrow. otherwise send them an email titled 'New leads for you' saying '{natural_language_metric} looks good, so there are new leads for you' and then give them all {assigned_to_first_name}'s leads in the CRM","Was {natural_language_metric} {more_or_less} than {threshold} at any time since {natural_language_date}? If so, make a backlog task called 'Improve {natural_language_metric}' for {name} on the front-end board with a deadline of next Friday and book a 30 minute meeting for us called 'Discuss {natural_language_metric}' at the earliest time I'm free tomorrow. otherwise send them an email and title it 'New leads for you' saying '{natural_language_metric} looks good, so there are new leads for you' and then give them all {assigned_to_first_name}'s leads in the CRM",natural_language_date,September 29
multi_domain,209,"If {natural_language_metric} was {more_or_less} than {threshold} at any time since {natural_language_date} make a backlog task called 'Improve {natural_language_metric}' for {name} on the front-end board with a deadline of next Friday and book a half-hour meeting for us called 'Discuss {natural_language_metric}' at the earliest time I'm free tomorrow. otherwise send them an email titled 'New leads for you' saying '{natural_language_metric} looks good, so there are new leads for you' and then give them all {assigned_to_first_name}'s leads in the CRM","Was {natural_language_metric} {more_or_less} than {threshold} at any time since {natural_language_date}? If so, make a backlog task called 'Improve {natural_language_metric}' for {name} on the front-end board with a deadline of next Friday and book a 30 minute meeting for us called 'Discuss {natural_language_metric}' at the earliest time I'm free tomorrow. otherwise send them an email and title it 'New leads for you' saying '{natural_language_metric} looks good, so there are new leads for you' and then give them all {assigned_to_first_name}'s leads in the CRM",name,aisha
multi_domain,209,"If {natural_language_metric} was {more_or_less} than {threshold} at any time since {natural_language_date} make a backlog task called 'Improve {natural_language_metric}' for {name} on the front-end board with a deadline of next Friday and book a half-hour meeting for us called 'Discuss {natural_language_metric}' at the earliest time I'm free tomorrow. otherwise send them an email titled 'New leads for you' saying '{natural_language_metric} looks good, so there are new leads for you' and then give them all {assigned_to_first_name}'s leads in the CRM","Was {natural_language_metric} {more_or_less} than {threshold} at any time since {natural_language_date}? If so, make a backlog task called 'Improve {natural_language_metric}' for {name} on the front-end board with a deadline of next Friday and book a 30 minute meeting for us called 'Discuss {natural_language_metric}' at the earliest time I'm free tomorrow. otherwise send them an email and title it 'New leads for you' saying '{natural_language_metric} looks good, so there are new leads for you' and then give them all {assigned_to_first_name}'s leads in the CRM",assigned_to_first_name,Sofia
