"variant_id","template_id","source_file","base_template","chosen_template","n_tasks","example_task","example_outcome"
"T01.v1","T01","email","Delete my last email from {name}","Delete my last email from {name}","7","Delete my last email from nadia","['email.delete_email.func(email_id=""00000479"")']"
"T01.v2","T01","email","Delete my last email from {name}","I need to delete my last email from {name}. Can you do that?","1","I need to delete my last email from leila. Can you do that?","['email.delete_email.func(email_id=""00000052"")']"
"T01.v3","T01","email","Delete my last email from {name}","{name} just sent me an email that I need to delete. Can you get rid of of the most recent email they sent me?","2","nadia just sent me an email that I need to delete. Can you get rid of of the most recent email they sent me?","['email.delete_email.func(email_id=""00000479"")']"
"T02.v1","T02","email","Delete all my emails from {name} from the last {days} days","Delete all my emails from {name} from the last {days} days","3","Delete all my emails from yuki from the last 5 days","['email.delete_email.func(email_id=""00000149"")']"
"T02.v2","T02","email","Delete all my emails from {name} from the last {days} days","All my emails from {name} from the last {days} days need to be deleted. Can you do that?","2","All my emails from yuki from the last 3 days need to be deleted. Can you do that?","[]"
"T02.v3","T02","email","Delete all my emails from {name} from the last {days} days","I need to get rid of all my emails from {name} from the last {days} days. Can you do delete them?","5","I need to get rid of all my emails from amir from the last 6 days. Can you do delete them?","['email.delete_email.func(email_id=""00000196"")', 'email.delete_email.func(email_id=""00000291"")', 'email.delete_email.func(email_id=""00000188"")']"
"T03.v1","T03","email","Send an email to {name} saying '{body}' and title it '{subject}'","Send an email to {name} saying '{body}' and title it '{subject}'","1","Send an email to lena saying 'lena,

I've been assigned 'Develop prototype for report generation'. Excited to work on this and confident it will greatly improve our backend efficiency.

Cheers,

Sam' and title it 'Task Update on Create wireframe for homepage'","['email.send_email.func(recipient=""lena.schmidt@atlas.com"", subject=""Task Update on Create wireframe for homepage"", body=""lena,\\n\\nI\'ve been assigned \'Develop prototype for report generation\'. Excited to work on this and confident it will greatly improve our backend efficiency.\\n\\nCheers,\\n\\nSam"")']"
"T03.v2","T03","email","Send an email to {name} saying '{body}' and title it '{subject}'","I need to send an email to {name} saying '{body}' and title it '{subject}'. Can you do that?","6","I need to send an email to kofi saying 'Hey kofi,

I wanted to let you know that I've completed the tasks for the status briefing. Looking forward to your feedback.

Cheers,

Sam' and title it 'Task Update on Improve UX of onboarding process'. Can you do that?","['email.send_email.func(recipient=""kofi.mensah@atlas.com"", subject=""Task Update on Improve UX of onboarding process"", body=""Hey kofi,\\n\\nI wanted to let you know that I\'ve completed the tasks for the status briefing. Looking forward to your feedback.\\n\\nCheers,\\n\\nSam"")']"
"T03.v3","T03","email","Send an email to {name} saying '{body}' and title it '{subject}'","please send an email to {name} saying '{body}' and title it '{subject}'","3","please send an email to jinsoo saying 'Hi jinsoo,

Starting on 'Create wireframe for homepage' today. Any preliminary thoughts or resources you recommend before I dive in?

Best,

Sam' and title it 'Task Update on Design logo for website'","['email.send_email.func(recipient=""jinsoo.kim@atlas.com"", subject=""Task Update on Design logo for website"", body=""Hi jinsoo,\\n\\nStarting on \'Create wireframe for homepage\' today. Any preliminary thoughts or resources you recommend before I dive in?\\n\\nBest,\\n\\nSam"")']"
"T04.v1","T04","email","Reply to {name}'s last email about '{subject}' with 'Thanks for the update - I will get back to you tomorrow.'","Reply to {name}'s last email about '{subject}' with 'Thanks for the update - I will get back to you tomorrow.'","6","Reply to yuki's last email about 'Update on Corporate Social Responsibility Initiative' with 'Thanks for the update - I will get back to you tomorrow.'","['email.reply_email.func(email_id=""00000446"", body=""Thanks for the update - I will get back to you tomorrow."")']"
"T04.v2","T04","email","Reply to {name}'s last email about '{subject}' with 'Thanks for the update - I will get back to you tomorrow.'","I need to get back to {name}'s last email about '{subject}' with 'Thanks for the update - I will get back to you tomorrow. Can you send the reply for me?","4","I need to get back to yuki's last email about 'Update on Client Appreciation Gala' with 'Thanks for the update - I will get back to you tomorrow. Can you send the reply for me?","['email.reply_email.func(email_id=""00000234"", body=""Thanks for the update - I will get back to you tomorrow."")']"
"T05.v1","T05","email","Forward all the emails from {name} last week about '{subject}' to {recipient_name}","Forward all the emails from {name} last week about '{subject}' to {recipient_name}","5","Forward all the emails from fatima last week about 'Task Update on Develop prototype for report generation' to anaya","['email.forward_email.func(email_id=""00000017"", recipient=""anaya.patel@atlas.com"")']"
"T05.v2","T05","email","Forward all the emails from {name} last week about '{subject}' to {recipient_name}","can you forward all the emails from {name} last week about '{subject}' to {recipient_name}","1","can you forward all the emails from anaya last week about 'Update on Board of Directors Conclave' to nadia","['email.forward_email.func(email_id=""00000346"", recipient=""nadia.moreau@atlas.com"")', 'email.forward_email.func(email_id=""00000120"", recipient=""nadia.moreau@atlas.com"")']"
"T05.v3","T05","email","Forward all the emails from {name} last week about '{subject}' to {recipient_name}","{recipient_name} needs all the emails from {name} last week about '{subject}'. Can you forward them?","4","carlos needs all the emails from chenwei last week about 'Update on Supply Chain Enhancement Workshop'. Can you forward them?","['email.forward_email.func(email_id=""00000337"", recipient=""carlos.rodriguez@atlas.com"")']"
"T06.v1","T06","email","Forward the latest email about '{subject}' to {recipient_name}","Forward the latest email about '{subject}' to {recipient_name}","6","Forward the latest email about 'Task Update on Add authentication for email notification' to olga","['email.forward_email.func(email_id=""00000436"", recipient=""olga.petrova@atlas.com"")']"
"T06.v2","T06","email","Forward the latest email about '{subject}' to {recipient_name}","can you forward the latest email about '{subject}' to {recipient_name}","2","can you forward the latest email about 'Update on Corporate Governance Workshop' to yuki","['email.forward_email.func(email_id=""00000428"", recipient=""yuki.tanaka@atlas.com"")']"
"T06.v3","T06","email","Forward the latest email about '{subject}' to {recipient_name}","{recipient_name} needs the latest email about '{subject}'. Can you forward it?","2","santiago needs the latest email about 'Update on Client Appreciation Gala'. Can you forward it?","['email.forward_email.func(email_id=""00000206"", recipient=""santiago.martinez@atlas.com"")']"
"T07.v1","T07","email","Forward my most recent email from {sender_name} to {recipient_name}","Forward my most recent email from {sender_name} to {recipient_name}","3","Forward my most recent email from fatima to kofi","['email.forward_email.func(email_id=""00000119"", recipient=""kofi.mensah@atlas.com"")']"
"T07.v2","T07","email","Forward my most recent email from {sender_name} to {recipient_name}","can you forward my most recent email from {sender_name} to {recipient_name}","5","can you forward my most recent email from leila to anaya","['email.forward_email.func(email_id=""00000052"", recipient=""anaya.patel@atlas.com"")']"
"T07.v3","T07","email","Forward my most recent email from {sender_name} to {recipient_name}","{recipient_name} needs my most recent email from {sender_name}. Can you forward it?","2","fatima needs my most recent email from leila. Can you forward it?","['email.forward_email.func(email_id=""00000052"", recipient=""fatima.khan@atlas.com"")']"
"T08.v1","T08","email","Forward the last email about '{subject}' to {recipient_name1} and {recipient_name2}","Forward the last email about '{subject}' to {recipient_name1} and {recipient_name2}","6","Forward the last email about 'Update on feedback discussion' to amir and akira","['email.forward_email.func(email_id=""00000092"", recipient=""amir.ali@atlas.com"")', 'email.forward_email.func(email_id=""00000092"", recipient=""akira.sato@atlas.com"")']"
"T08.v2","T08","email","Forward the last email about '{subject}' to {recipient_name1} and {recipient_name2}","can you forward the last email about '{subject}' to {recipient_name1} and {recipient_name2}","1","can you forward the last email about 'Update on Machine Learning Chat' to nadia and jinsoo","['email.forward_email.func(email_id=""00000409"", recipient=""nadia.moreau@atlas.com"")', 'email.forward_email.func(email_id=""00000409"", recipient=""jinsoo.kim@atlas.com"")']"
"T08.v3","T08","email","Forward the last email about '{subject}' to {recipient_name1} and {recipient_name2}","{recipient_name1} and {recipient_name2} need the last email about '{subject}'. Can you forward it?","3","dmitri and yuki need the last email about 'Update on IT Systems Update Briefing'. Can you forward it?","['email.forward_email.func(email_id=""00000412"", recipient=""dmitri.ivanov@atlas.com"")', 'email.forward_email.func(email_id=""00000412"", recipient=""yuki.tanaka@atlas.com"")']"
"T09.v1","T09","email","Reply to the latest email from {sender_name} with 'Got it, thank you!'","Reply to the latest email from {sender_name} with 'Got it, thank you!'","4","Reply to the latest email from chenwei with 'Got it, thank you!'","['email.reply_email.func(email_id=""00000211"", body=""Got it, thank you!"")']"
"T09.v2","T09","email","Reply to the latest email from {sender_name} with 'Got it, thank you!'","I need to reply to the latest email from {sender_name} with 'Got it, thank you!'. Can you do that?","4","I need to reply to the latest email from sofia with 'Got it, thank you!'. Can you do that?","['email.reply_email.func(email_id=""00000438"", body=""Got it, thank you!"")']"
"T09.v3","T09","email","Reply to the latest email from {sender_name} with 'Got it, thank you!'","can you reply to the latest email from {sender_name} with 'Got it, thank you!'","2","can you reply to the latest email from carlos with 'Got it, thank you!'","['email.reply_email.func(email_id=""00000068"", body=""Got it, thank you!"")']"
"T10.v1","T10","calendar","Cancel my first meeting on {natural_language_date}","Cancel my first meeting on {natural_language_date}","3","Cancel my first meeting on December 13","['calendar.delete_event.func(event_id=""00000256"")']"
"T10.v2","T10","calendar","Cancel my first meeting on {natural_language_date}","Delete my first meeting on {natural_language_date}","4","Delete my first meeting on December 13","['calendar.delete_event.func(event_id=""00000256"")']"
"T10.v3","T10","calendar","Cancel my first meeting on {natural_language_date}","can you cancel my first meeting on {natural_language_date}","3","can you cancel my first meeting on December 1","['calendar.delete_event.func(event_id=""00000165"")']"
"T11.v1","T11","calendar","Change the name of the last event on {natural_language_date} to {event_name}","Change the name of the last event on {natural_language_date} to {event_name}","7","Change the name of the last event on December 19 to casual catch-up","['calendar.update_event.func(event_id=""00000020"", field=""event_name"", new_value=""casual catch-up"")']"
"T11.v2","T11","calendar","Change the name of the last event on {natural_language_date} to {event_name}","Can you change the name of the last event on {natural_language_date} to {event_name}","2","Can you change the name of the last event on November 30 to brainstorming session","['calendar.update_event.func(event_id=""00000253"", field=""event_name"", new_value=""brainstorming session"")']"
"T11.v3","T11","calendar","Change the name of the last event on {natural_language_date} to {event_name}","Rename the last event on {natural_language_date} to {event_name}","1","Rename the last event on December 14 to Customer Insight Forum","['calendar.update_event.func(event_id=""00000082"", field=""event_name"", new_value=""Customer Insight Forum"")']"
"T12.v1","T12","calendar","Push back my first meeting with {name} on {natural_language_date} by {duration}s","Push back my first meeting with {name} on {natural_language_date} by {duration}s","3","Push back my first meeting with yuki on December 4 by 1.5 hours","['calendar.update_event.func(event_id=""00000062"", field=""event_start"", new_value=""2023-12-04 16:00:00"")']"
"T12.v2","T12","calendar","Push back my first meeting with {name} on {natural_language_date} by {duration}s","Delay my first meeting with {name} on {natural_language_date} by {duration}s","2","Delay my first meeting with yuki on December 4 by 30 minutes","['calendar.update_event.func(event_id=""00000062"", field=""event_start"", new_value=""2023-12-04 15:00:00"")']"
"T12.v3","T12","calendar","Push back my first meeting with {name} on {natural_language_date} by {duration}s","please move my first meeting with {name} on {natural_language_date} by {duration}s","5","please move my first meeting with kofi on December 4 by 1.5 hours","['calendar.update_event.func(event_id=""00000109"", field=""event_start"", new_value=""2023-12-04 12:00:00"")']"
"T13.v1","T13","calendar","Cancel the next {event_name} meeting","Cancel the next {event_name} meeting","2","Cancel the next Quarterly Sales Review meeting","['calendar.delete_event.func(event_id=""00000121"")']"
"T13.v2","T13","calendar","Cancel the next {event_name} meeting","Can you cancel the next {event_name} meeting","5","Can you cancel the next Year-End Performance Assessment meeting","['calendar.delete_event.func(event_id=""00000091"")']"
"T13.v3","T13","calendar","Cancel the next {event_name} meeting","Delete the next {event_name} meeting","3","Delete the next Health & Wellness Expo meeting","['calendar.delete_event.func(event_id=""00000082"")']"
"T14.v1","T14","calendar","Rename the next {event_name} meeting to {new_event_name}","Rename the next {event_name} meeting to {new_event_name}","4","Rename the next team evaluation meeting to Customer Insight Forum","['calendar.update_event.func(event_id=""00000047"", field=""event_name"", new_value=""Customer Insight Forum"")']"
"T14.v2","T14","calendar","Rename the next {event_name} meeting to {new_event_name}","Change the name of the next {event_name} meeting to {new_event_name}","3","Change the name of the next daily stand-up meeting to Data Security and Compliance Training","['calendar.update_event.func(event_id=""00000086"", field=""event_name"", new_value=""Data Security and Compliance Training"")']"
"T14.v3","T14","calendar","Rename the next {event_name} meeting to {new_event_name}","can you rename the next {event_name} meeting to {new_event_name}","3","can you rename the next process review meeting to Customer Insight Forum","['calendar.update_event.func(event_id=""00000137"", field=""event_name"", new_value=""Customer Insight Forum"")']"
"T15.v1","T15","calendar","Cancel my next meeting with {name}","Cancel my next meeting with {name}","5","Cancel my next meeting with sofia","['calendar.delete_event.func(event_id=""00000027"")']"
"T15.v2","T15","calendar","Cancel my next meeting with {name}","I need to cancel my next meeting with {name}. Can you do that for me please?","4","I need to cancel my next meeting with aisha. Can you do that for me please?","['calendar.delete_event.func(event_id=""00000225"")']"
"T15.v3","T15","calendar","Cancel my next meeting with {name}","{name} is off sick. Can you cancel my next meeting with them?","1","sofia is off sick. Can you cancel my next meeting with them?","['calendar.delete_event.func(event_id=""00000027"")']"
"T16.v1","T16","calendar","If I haven't met with {name} in the last {duration} days, schedule a 30-minute meeting called 'catch-up' for my first free slot from tomorrow","If I haven't met with {name} in the last {duration} days, schedule a 30-minute meeting called 'catch-up' for my first free slot from tomorrow","6","If I haven't met with aisha in the last 4 days, schedule a 30-minute meeting called 'catch-up' for my first free slot from tomorrow","['calendar.create_event.func(event_name=""catch-up"", participant_email=""aisha.chen@atlas.com"", event_start=""2023-12-01 13:00:00"", duration=""30"")']"
"T16.v2","T16","calendar","If I haven't met with {name} in the last {duration} days, schedule a 30-minute meeting called 'catch-up' for my first free slot from tomorrow","I think I might need to catch up with {name}. Can you check if I've met with them in the last {duration} days? If not, schedule a 30-minute meeting for my first free slot from tomorrow","3","I think I might need to catch up with sofia. Can you check if I've met with them in the last 3 days? If not, schedule a 30-minute meeting for my first free slot from tomorrow","[]"
"T16.v3","T16","calendar","If I haven't met with {name} in the last {duration} days, schedule a 30-minute meeting called 'catch-up' for my first free slot from tomorrow","have I met with {name} in the last {duration} days? If not, schedule a 30-minute meeting called 'catch-up' for my first free slot from tomorrow","1","have I met with carlos in the last 7 days? If not, schedule a 30-minute meeting called 'catch-up' for my first free slot from tomorrow","['calendar.create_event.func(event_name=""catch-up"", participant_email=""carlos.rodriguez@atlas.com"", event_start=""2023-12-01 13:00:00"", duration=""30"")']"
"T17.v1","T17","calendar","Cancel my meetings on {next_day} {before_or_after} {natural_language_time}","Cancel my meetings on {next_day} {before_or_after} {natural_language_time}","3","Cancel my meetings on Wednesday after 11","['calendar.delete_event.func(event_id=""00000038"")', 'calendar.delete_event.func(event_id=""00000242"")']"
"T17.v2","T17","calendar","Cancel my meetings on {next_day} {before_or_after} {natural_language_time}","Delete my meetings on {next_day} {before_or_after} {natural_language_time}","3","Delete my meetings on Friday before 12","['calendar.delete_event.func(event_id=""00000165"")', 'calendar.delete_event.func(event_id=""00000091"")']"
"T17.v3","T17","calendar","Cancel my meetings on {next_day} {before_or_after} {natural_language_time}","something came up. Can you cancel my meetings on {next_day} {before_or_after} {natural_language_time}?","4","something came up. Can you cancel my meetings on Tuesday before 9?","[]"
"T18.v1","T18","calendar","Cancel all future meetings with {name}","Cancel all future meetings with {name}","5","Cancel all future meetings with raj","['calendar.delete_event.func(event_id=""00000093"")', 'calendar.delete_event.func(event_id=""00000242"")', 'calendar.delete_event.func(event_id=""00000012"")']"
"T18.v2","T18","calendar","Cancel all future meetings with {name}","I need to cancel all future meetings with {name}. Can you do that for me please?","1","I need to cancel all future meetings with olga. Can you do that for me please?","['calendar.delete_event.func(event_id=""00000165"")', 'calendar.delete_event.func(event_id=""00000287"")', 'calendar.delete_event.func(event_id=""00000121"")', 'calendar.delete_event.func(event_id=""00000131"")']"
"T18.v3","T18","calendar","Cancel all future meetings with {name}","{name} is leaving the company. Can you cancel all future meetings with them?","4","carlos is leaving the company. Can you cancel all future meetings with them?","['calendar.delete_event.func(event_id=""00000054"")', 'calendar.delete_event.func(event_id=""00000205"")']"
"T19.v1","T19","calendar","Cancel future {event_name} meetings","Cancel future {event_name} meetings","2","Cancel future status briefing meetings","[]"
"T19.v2","T19","calendar","Cancel future {event_name} meetings","Delete all the future {event_name} meetings","4","Delete all the future board of directors conclave meetings","['calendar.delete_event.func(event_id=""00000170"")']"
"T19.v3","T19","calendar","Cancel future {event_name} meetings","We've decided we don't need any any more {event_name} meetings. Can you cancel all future ones?","4","We've decided we don't need any any more risk management forum meetings. Can you cancel all future ones?","['calendar.delete_event.func(event_id=""00000225"")']"
"T20.v1","T20","calendar","Create a {duration} event called {event_name} on {natural_language_date} at {natural_language_time} with {name}","Create a {duration} event called {event_name} on {natural_language_date} at {natural_language_time} with {name}","2","Create a 1.5 hour event called New Employee Onboarding on December 8 at 3:30 with nia","['calendar.create_event.func(event_name=""New Employee Onboarding"", participant_email=""nia.johnson@atlas.com"", event_start=""2023-12-08 15:30:00"", duration=""90"")']"
"T20.v2","T20","calendar","Create a {duration} event called {event_name} on {natural_language_date} at {natural_language_time} with {name}","I haven't met with {name} in a while. Can you schedule a {duration} event called {event_name} on {natural_language_date} at {natural_language_time}?","3","I haven't met with yuki in a while. Can you schedule a 30 minute event called Digital Transformation Conference on December 20 at 10?","['calendar.create_event.func(event_name=""Digital Transformation Conference"", participant_email=""yuki.tanaka@atlas.com"", event_start=""2023-12-20 10:00:00"", duration=""30"")']"
"T20.v3","T20","calendar","Create a {duration} event called {event_name} on {natural_language_date} at {natural_language_time} with {name}","I need to catch up with {name}. can you schedule a {duration} event called {event_name} on {natural_language_date} at {natural_language_time}?","5","I need to catch up with nadia. can you schedule a 1.5 hour event called Diversity & Inclusion Workshop on December 19 at 11?","['calendar.create_event.func(event_name=""Diversity & Inclusion Workshop"", participant_email=""nadia.moreau@atlas.com"", event_start=""2023-12-19 11:00:00"", duration=""90"")']"
"T21.v1","T21","customer_relationship_manager","Update the status of {current_customer_name} to {new_status_natural_language} in the crm","Update the status of {current_customer_name} to {new_status_natural_language} in the crm","6","Update the status of Cameron Anderson to qualified in the crm","['customer_relationship_manager.update_customer.func(customer_id=""00000048"", field=""status"", new_value=""Qualified"")']"
"T21.v2","T21","customer_relationship_manager","Update the status of {current_customer_name} to {new_status_natural_language} in the crm","We've got a new customer that's moved to {new_status_natural_language} status. Can you update {current_customer_name} to {new_status_natural_language} in the crm?","1","We've got a new customer that's moved to proposal status. Can you update Kerry Brown to proposal in the crm?","['customer_relationship_manager.update_customer.func(customer_id=""00000199"", field=""status"", new_value=""Proposal"")']"
"T21.v3","T21","customer_relationship_manager","Update the status of {current_customer_name} to {new_status_natural_language} in the crm","{current_customer_name} has moved to {new_status_natural_language} status. Can you update that in the crm?","3","Quinn Thomas has moved to lead status. Can you update that in the crm?","['customer_relationship_manager.update_customer.func(customer_id=""00000041"", field=""status"", new_value=""Lead"")']"
"T22.v1","T22","customer_relationship_manager","Delete {current_customer_name} from the crm","Delete {current_customer_name} from the crm","5","Delete Rahul Martinez from the crm","['customer_relationship_manager.delete_customer.func(customer_id=""00000003"")']"
"T22.v2","T22","customer_relationship_manager","Delete {current_customer_name} from the crm","We no longer need to keep {current_customer_name} in the crm. Can you delete them?","1","We no longer need to keep Shannon Wilson in the crm. Can you delete them?","['customer_relationship_manager.delete_customer.func(customer_id=""00000124"")']"
"T22.v3","T22","customer_relationship_manager","Delete {current_customer_name} from the crm","{current_customer_name} is no longer a customer. Can you delete them from the crm?","4","Casey White is no longer a customer. Can you delete them from the crm?","['customer_relationship_manager.delete_customer.func(customer_id=""00000167"")']"
"T23.v1","T23","customer_relationship_manager","Add {new_customer_name} as a new lead in the crm and assign them to {assigned_to_first_name}","Add {new_customer_name} as a new lead in the crm and assign them to {assigned_to_first_name}","5","Add Avery White as a new lead in the crm and assign them to Raj","['customer_relationship_manager.add_customer.func(customer_name=""Avery White"", assigned_to_email=""raj.patel@atlas.com"", status=""Lead"")']"
"T23.v2","T23","customer_relationship_manager","Add {new_customer_name} as a new lead in the crm and assign them to {assigned_to_first_name}","We've got a new lead called {new_customer_name}. Can you add them to the crm and assign them to {assigned_to_first_name}?","2","We've got a new lead called Jordan Moore. Can you add them to the crm and assign them to Akira?","['customer_relationship_manager.add_customer.func(customer_name=""Jordan Moore"", assigned_to_email=""akira.sato@atlas.com"", status=""Lead"")']"
"T23.v3","T23","customer_relationship_manager","Add {new_customer_name} as a new lead in the crm and assign them to {assigned_to_first_name}","can you add {new_customer_name} to the crm? They're a new lead and need to be assigned to {assigned_to_first_name}","3","can you add Morgan Wilson to the crm? They're a new lead and need to be assigned to Nadia","['customer_relationship_manager.add_customer.func(customer_name=""Morgan Wilson"", assigned_to_email=""nadia.moreau@atlas.com"", status=""Lead"")']"
"T24.v1","T24","customer_relationship_manager","Reassign {current_customer_name} to {assigned_to_first_name} in the crm","Reassign {current_customer_name} to {assigned_to_first_name} in the crm","3","Reassign Morgan Robinson to Sofia in the crm","['customer_relationship_manager.update_customer.func(customer_id=""00000125"", field=""assigned_to_email"", new_value=""sofia.santos@atlas.com"")']"
"T24.v2","T24","customer_relationship_manager","Reassign {current_customer_name} to {assigned_to_first_name} in the crm","We're moving {current_customer_name} to {assigned_to_first_name}. Can you make that change in the crm?","3","We're moving Dakota Wilson to Raj. Can you make that change in the crm?","['customer_relationship_manager.update_customer.func(customer_id=""00000076"", field=""assigned_to_email"", new_value=""raj.patel@atlas.com"")']"
"T24.v3","T24","customer_relationship_manager","Reassign {current_customer_name} to {assigned_to_first_name} in the crm","{assigned_to_first_name} is taking over {current_customer_name}. Can you reassign them in the crm?","4","Raj is taking over Alex Jackson. Can you reassign them in the crm?","['customer_relationship_manager.update_customer.func(customer_id=""00000038"", field=""assigned_to_email"", new_value=""raj.patel@atlas.com"")']"
"T25.v1","T25","customer_relationship_manager","Reassign all of {assigned_to_first_name}'s leads that are interested in {natural_language_product_interest} to {new_assigned_to_first_name} in the crm.","Reassign all of {assigned_to_first_name}'s leads that are interested in {natural_language_product_interest} to {new_assigned_to_first_name} in the crm.","6","Reassign all of Akira's leads that are interested in hardware to Lena in the crm.","['customer_relationship_manager.update_customer.func(customer_id=""00000004"", field=""assigned_to_email"", new_value=""lena.schmidt@atlas.com"")', 'customer_relationship_manager.update_customer.func(customer_id=""00000012"", field=""assigned_to_email"", new_value=""lena.schmidt@atlas.com"")']"
"T25.v2","T25","customer_relationship_manager","Reassign all of {assigned_to_first_name}'s leads that are interested in {natural_language_product_interest} to {new_assigned_to_first_name} in the crm.","We're moving all of {assigned_to_first_name}'s leads that are interested in {natural_language_product_interest} to {new_assigned_to_first_name}. Can you make that change in the crm?","1","We're moving all of Lena's leads that are interested in services to Sofia. Can you make that change in the crm?","['customer_relationship_manager.update_customer.func(customer_id=""00000034"", field=""assigned_to_email"", new_value=""sofia.santos@atlas.com"")', 'customer_relationship_manager.update_customer.func(customer_id=""00000177"", field=""assigned_to_email"", new_value=""sofia.santos@atlas.com"")', 'customer_relationship_manager.update_customer.func(customer_id=""00000110"", field=""assigned_to_email"", new_value=""sofia.santos@atlas.com"")']"
"T25.v3","T25","customer_relationship_manager","Reassign all of {assigned_to_first_name}'s leads that are interested in {natural_language_product_interest} to {new_assigned_to_first_name} in the crm.","{new_assigned_to_first_name} is taking over all of {assigned_to_first_name}'s leads that are interested in {natural_language_product_interest}. Can you reassign them in the crm?","3","Akira is taking over all of Lena's leads that are interested in software. Can you reassign them in the crm?","['customer_relationship_manager.update_customer.func(customer_id=""00000076"", field=""assigned_to_email"", new_value=""akira.sato@atlas.com"")', 'customer_relationship_manager.update_customer.func(customer_id=""00000063"", field=""assigned_to_email"", new_value=""akira.sato@atlas.com"")', 'customer_relationship_manager.update_customer.func(customer_id=""00000113"", field=""assigned_to_email"", new_value=""akira.sato@atlas.com"")']"
"T26.v1","T26","customer_relationship_manager","Give {new_assigned_to_first_name} all of {assigned_to_first_name}'s customers that are interested in {natural_language_product_interest} and are either qualified or in proposal in the crm","Give {new_assigned_to_first_name} all of {assigned_to_first_name}'s customers that are interested in {natural_language_product_interest} and are either qualified or in proposal in the crm","4","Give Raj all of Nadia's customers that are interested in consulting and are either qualified or in proposal in the crm","['customer_relationship_manager.update_customer.func(customer_id=""00000027"", field=""assigned_to_email"", new_value=""raj.patel@atlas.com"")']"
"T26.v2","T26","customer_relationship_manager","Give {new_assigned_to_first_name} all of {assigned_to_first_name}'s customers that are interested in {natural_language_product_interest} and are either qualified or in proposal in the crm","I need to move all of {assigned_to_first_name}'s customers that are interested in {natural_language_product_interest} and are either qualified or in proposal to {new_assigned_to_first_name}. Can you make that change in the crm?","3","I need to move all of Sofia's customers that are interested in services and are either qualified or in proposal to Raj. Can you make that change in the crm?","['customer_relationship_manager.update_customer.func(customer_id=""00000099"", field=""assigned_to_email"", new_value=""raj.patel@atlas.com"")', 'customer_relationship_manager.update_customer.func(customer_id=""00000137"", field=""assigned_to_email"", new_value=""raj.patel@atlas.com"")']"
"T26.v3","T26","customer_relationship_manager","Give {new_assigned_to_first_name} all of {assigned_to_first_name}'s customers that are interested in {natural_language_product_interest} and are either qualified or in proposal in the crm","{new_assigned_to_first_name} is taking over all of {assigned_to_first_name}'s customers that are interested in {natural_language_product_interest} and are either qualified or in proposal. Can you reassign them in the crm?","3","Raj is taking over all of Sofia's customers that are interested in training and are either qualified or in proposal. Can you reassign them in the crm?","['customer_relationship_manager.update_customer.func(customer_id=""00000120"", field=""assigned_to_email"", new_value=""raj.patel@atlas.com"")', 'customer_relationship_manager.update_customer.func(customer_id=""00000042"", field=""assigned_to_email"", new_value=""raj.patel@atlas.com"")', 'customer_relationship_manager.update_customer.func(customer_id=""00000184"", field=""assigned_to_email"", new_value=""raj.patel@atlas.com"")']"
"T27.v1","T27","customer_relationship_manager","Delete all of {assigned_to_first_name}'s customers that are in the {new_status_natural_language} stage and interested in {natural_language_product_interest} in the crm","I need to remove all of {assigned_to_first_name}'s customers that are in the {new_status_natural_language} stage and interested in {natural_language_product_interest} from the crm. Can you make that change?","7","I need to remove all of Raj's customers that are in the lost stage and interested in software from the crm. Can you make that change?","['customer_relationship_manager.delete_customer.func(customer_id=""00000168"")']"
"T27.v2","T27","customer_relationship_manager","Delete all of {assigned_to_first_name}'s customers that are in the {new_status_natural_language} stage and interested in {natural_language_product_interest} in the crm","We no longer need to keep all of {assigned_to_first_name}'s customers that are in the {new_status_natural_language} stage and interested in {natural_language_product_interest}. Can you delete them from the crm?","3","We no longer need to keep all of Sofia's customers that are in the won stage and interested in services. Can you delete them from the crm?","['customer_relationship_manager.delete_customer.func(customer_id=""00000048"")']"
"T28.v1","T28","customer_relationship_manager","Move all customers that haven't responded to a proposal for the {natural_language_product_interest} product in {weeks} weeks to lost in the crm","Move all customers that haven't responded to a proposal for the {natural_language_product_interest} product in {weeks} weeks to lost in the crm","3","Move all customers that haven't responded to a proposal for the services product in 5 weeks to lost in the crm","['customer_relationship_manager.update_customer.func(customer_id=""00000081"", field=""status"", new_value=""Lost"")', 'customer_relationship_manager.update_customer.func(customer_id=""00000041"", field=""status"", new_value=""Lost"")', 'customer_relationship_manager.update_customer.func(customer_id=""00000121"", field=""status"", new_value=""Lost"")', 'customer_relationship_manager.update_customer.func(customer_id=""00000079"", field=""status"", new_value=""Lost"")', 'customer_relationship_manager.update_customer.func(customer_id=""00000091"", field=""status"", new_value=""Lost"")']"
"T28.v2","T28","customer_relationship_manager","Move all customers that haven't responded to a proposal for the {natural_language_product_interest} product in {weeks} weeks to lost in the crm","I think there's a few customers that haven't responded to a proposal for the {natural_language_product_interest} product in {weeks} weeks. Can you move them to lost in the crm?","4","I think there's a few customers that haven't responded to a proposal for the software product in 3 weeks. Can you move them to lost in the crm?","['customer_relationship_manager.update_customer.func(customer_id=""00000007"", field=""status"", new_value=""Lost"")', 'customer_relationship_manager.update_customer.func(customer_id=""00000147"", field=""status"", new_value=""Lost"")']"
"T28.v3","T28","customer_relationship_manager","Move all customers that haven't responded to a proposal for the {natural_language_product_interest} product in {weeks} weeks to lost in the crm","We need to move all customers that haven't responded to a proposal for the {natural_language_product_interest} product in {weeks} weeks to lost. Can you update the CRM?","3","We need to move all customers that haven't responded to a proposal for the hardware product in 4 weeks to lost. Can you update the CRM?","['customer_relationship_manager.update_customer.func(customer_id=""00000037"", field=""status"", new_value=""Lost"")', 'customer_relationship_manager.update_customer.func(customer_id=""00000195"", field=""status"", new_value=""Lost"")', 'customer_relationship_manager.update_customer.func(customer_id=""00000058"", field=""status"", new_value=""Lost"")', 'customer_relationship_manager.update_customer.func(customer_id=""00000132"", field=""status"", new_value=""Lost"")', 'customer_relationship_manager.update_customer.func(customer_id=""00000088"", field=""status"", new_value=""Lost"")']"
"T29.v1","T29","analytics","Can you make a {plot_type} chart of {natural_language_metric} since {natural_language_date}?","Can you make a {plot_type} chart of {natural_language_metric} since {natural_language_date}?","5","Can you make a bar chart of total visits since November 21?","['analytics.create_plot.func(time_min=""2023-11-21"", time_max=""2023-11-29"", value_to_plot=""total_visits"", plot_type=""bar"")']"
"T29.v2","T29","analytics","Can you make a {plot_type} chart of {natural_language_metric} since {natural_language_date}?","Create a {plot_type} chart of {natural_language_metric} since {natural_language_date}","2","Create a bar chart of total visits since September 2","['analytics.create_plot.func(time_min=""2023-09-02"", time_max=""2023-11-29"", value_to_plot=""total_visits"", plot_type=""bar"")']"
"T29.v3","T29","analytics","Can you make a {plot_type} chart of {natural_language_metric} since {natural_language_date}?","Plot {natural_language_metric} since {natural_language_date} as a {plot_type} chart","3","Plot total visits since October 28 as a scatter chart","['analytics.create_plot.func(time_min=""2023-10-28"", time_max=""2023-11-29"", value_to_plot=""total_visits"", plot_type=""scatter"")']"
"T30.v1","T30","analytics","Plot the distribution of {natural_language_metric} on {natural_language_date}","Plot the distribution of {natural_language_metric} on {natural_language_date}","1","Plot the distribution of total visits on October 28","['analytics.create_plot.func(time_min=""2023-10-28"", time_max=""2023-10-28"", value_to_plot=""total_visits"", plot_type=""histogram"")']"
"T30.v2","T30","analytics","Plot the distribution of {natural_language_metric} on {natural_language_date}","Can you make a histogram of {natural_language_metric} on {natural_language_date}?","1","Can you make a histogram of total visits on September 20?","['analytics.create_plot.func(time_min=""2023-09-20"", time_max=""2023-09-20"", value_to_plot=""total_visits"", plot_type=""histogram"")']"
"T30.v3","T30","analytics","Plot the distribution of {natural_language_metric} on {natural_language_date}","please plot the distribution of the {natural_language_metric} metric on {natural_language_date}","8","please plot the distribution of the total visits metric on October 10","['analytics.create_plot.func(time_min=""2023-10-10"", time_max=""2023-10-10"", value_to_plot=""total_visits"", plot_type=""histogram"")']"
"T31.v1","T31","analytics","Can you plot the distribution of both {natural_language_metric} and {natural_language_metric_2} between {natural_language_date} and {natural_language_date_max}??","Can you plot the distribution of both {natural_language_metric} and {natural_language_metric_2} between {natural_language_date} and {natural_language_date_max}??","2","Can you plot the distribution of both total visits and average session duration between October 11 and November 19??","['analytics.create_plot.func(time_min=""2023-10-11"", time_max=""2023-11-19"", value_to_plot=""total_visits"", plot_type=""histogram"")', 'analytics.create_plot.func(time_min=""2023-10-11"", time_max=""2023-11-19"", value_to_plot=""session_duration_seconds"", plot_type=""histogram"")']"
"T31.v2","T31","analytics","Can you plot the distribution of both {natural_language_metric} and {natural_language_metric_2} between {natural_language_date} and {natural_language_date_max}??","I need a histogram of {natural_language_metric} and {natural_language_metric_2} between {natural_language_date} and {natural_language_date_max}","3","I need a histogram of total visits and average session duration between September 29 and November 13","['analytics.create_plot.func(time_min=""2023-09-29"", time_max=""2023-11-13"", value_to_plot=""total_visits"", plot_type=""histogram"")', 'analytics.create_plot.func(time_min=""2023-09-29"", time_max=""2023-11-13"", value_to_plot=""session_duration_seconds"", plot_type=""histogram"")']"
"T31.v3","T31","analytics","Can you plot the distribution of both {natural_language_metric} and {natural_language_metric_2} between {natural_language_date} and {natural_language_date_max}??","Please plot for me the distribution of {natural_language_metric} and {natural_language_metric_2} between {natural_language_date} and {natural_language_date_max}","5","Please plot for me the distribution of engaged users and total visits between November 5 and November 21","['analytics.create_plot.func(time_min=""2023-11-05"", time_max=""2023-11-21"", value_to_plot=""user_engaged"", plot_type=""histogram"")', 'analytics.create_plot.func(time_min=""2023-11-05"", time_max=""2023-11-21"", value_to_plot=""total_visits"", plot_type=""histogram"")']"
"T32.v1","T32","analytics","If {natural_language_metric} was {more_or_less} than {threshold} at any time since {natural_language_date}, make a line plot of it since then","If {natural_language_metric} was {more_or_less} than {threshold} at any time since {natural_language_date}, make a line plot of it since then","1","If average session duration was more than 2 at any time since October 29, make a line plot of it since then","['analytics.create_plot.func(time_min=""2023-10-29"", time_max=""2023-11-29"", value_to_plot=""session_duration_seconds"", plot_type=""line"")']"
"T32.v2","T32","analytics","If {natural_language_metric} was {more_or_less} than {threshold} at any time since {natural_language_date}, make a line plot of it since then","Can you make a line chart of {natural_language_metric} since {natural_language_date} if it was {more_or_less} than {threshold} since at any time {natural_language_date}?","4","Can you make a line chart of engaged users since October 24 if it was less than 11 since at any time October 24?","['analytics.create_plot.func(time_min=""2023-10-24"", time_max=""2023-11-29"", value_to_plot=""user_engaged"", plot_type=""line"")']"
"T32.v3","T32","analytics","If {natural_language_metric} was {more_or_less} than {threshold} at any time since {natural_language_date}, make a line plot of it since then","was {natural_language_metric} {more_or_less} than {threshold} at any time since {natural_language_date}? If so, please plot it as a line chart","5","was total visits less than 3 at any time since September 13? If so, please plot it as a line chart","[]"
"T33.v1","T33","analytics","Make bar charts showing {natural_language_metric} and {natural_language_metric_2} since {date_min}","Make bar charts showing {natural_language_metric} and {natural_language_metric_2} since {date_min}","5","Make bar charts showing average session duration and engaged users since 2023-09-04","['analytics.create_plot.func(time_min=""2023-09-04"", time_max=""2023-11-29"", value_to_plot=""session_duration_seconds"", plot_type=""bar"")', 'analytics.create_plot.func(time_min=""2023-09-04"", time_max=""2023-11-29"", value_to_plot=""user_engaged"", plot_type=""bar"")']"
"T33.v2","T33","analytics","Make bar charts showing {natural_language_metric} and {natural_language_metric_2} since {date_min}","I need bar charts of {natural_language_metric} and {natural_language_metric_2} since {date_min}","3","I need bar charts of total visits and engaged users since 2023-11-10","['analytics.create_plot.func(time_min=""2023-11-10"", time_max=""2023-11-29"", value_to_plot=""total_visits"", plot_type=""bar"")', 'analytics.create_plot.func(time_min=""2023-11-10"", time_max=""2023-11-29"", value_to_plot=""user_engaged"", plot_type=""bar"")']"
"T33.v3","T33","analytics","Make bar charts showing {natural_language_metric} and {natural_language_metric_2} since {date_min}","can you make bar charts of {natural_language_metric} and {natural_language_metric_2} since {date_min}?","2","can you make bar charts of average session duration and total visits since 2023-11-05?","['analytics.create_plot.func(time_min=""2023-11-05"", time_max=""2023-11-29"", value_to_plot=""session_duration_seconds"", plot_type=""bar"")', 'analytics.create_plot.func(time_min=""2023-11-05"", time_max=""2023-11-29"", value_to_plot=""total_visits"", plot_type=""bar"")']"
"T34.v1","T34","analytics","If {natural_language_metric} was {more_or_less} than {threshold} any time in the last {past_n_weeks} weeks, make a line plot of it since then","If {natural_language_metric} was {more_or_less} than {threshold} any time in the last {past_n_weeks} weeks, make a line plot of it since then","1","If engaged users was more than 11 any time in the last 1 weeks, make a line plot of it since then","[]"
"T34.v2","T34","analytics","If {natural_language_metric} was {more_or_less} than {threshold} any time in the last {past_n_weeks} weeks, make a line plot of it since then","Can you make a line chart of {natural_language_metric} since the last {past_n_weeks} weeks if it was {more_or_less} than {threshold} at any time in the last {past_n_weeks} weeks?","4","Can you make a line chart of average session duration since the last 2 weeks if it was more than 2 at any time in the last 2 weeks?","['analytics.create_plot.func(time_min=""2023-11-16"", time_max=""2023-11-29"", value_to_plot=""session_duration_seconds"", plot_type=""line"")']"
"T34.v3","T34","analytics","If {natural_language_metric} was {more_or_less} than {threshold} any time in the last {past_n_weeks} weeks, make a line plot of it since then","Was {natural_language_metric} {more_or_less} than {threshold} at any time in the last {past_n_weeks} weeks? If so, please plot it as a line chart","5","Was total visits more than 21 at any time in the last 1 weeks? If so, please plot it as a line chart","[]"
"T35.v1","T35","analytics","If {natural_language_metric} is more than {natural_language_growth_threshold} {higher_or_lower} than {natural_language_date}, make a line plot of it since then","If {natural_language_metric} is more than {natural_language_growth_threshold} {higher_or_lower} than {natural_language_date}, make a line plot of it since then","3","If engaged users is more than 3% higher than November 18, make a line plot of it since then","['analytics.create_plot.func(time_min=""2023-11-18"", time_max=""2023-11-29"", value_to_plot=""user_engaged"", plot_type=""line"")']"
"T35.v2","T35","analytics","If {natural_language_metric} is more than {natural_language_growth_threshold} {higher_or_lower} than {natural_language_date}, make a line plot of it since then","Can you make a line chart of {natural_language_metric} since {natural_language_date} if it was more than {natural_language_growth_threshold} {higher_or_lower} than {natural_language_date}?","3","Can you make a line chart of engaged users since October 3 if it was more than 3% lower than October 3?","['analytics.create_plot.func(time_min=""2023-10-03"", time_max=""2023-11-29"", value_to_plot=""user_engaged"", plot_type=""line"")']"
"T35.v3","T35","analytics","If {natural_language_metric} is more than {natural_language_growth_threshold} {higher_or_lower} than {natural_language_date}, make a line plot of it since then","Is {natural_language_metric} more than {natural_language_growth_threshold} {higher_or_lower} than {natural_language_date}? If so, please plot it as a line chart","4","Is engaged users more than 5% lower than September 25? If so, please plot it as a line chart","[]"
"T36.v1","T36","analytics","If {natural_language_metric} is more than {natural_language_growth_threshold} {higher_or_lower} than it was on {day_of_week}, make a line plot of it since then","If {natural_language_metric} is more than {natural_language_growth_threshold} {higher_or_lower} than it was on {day_of_week}, make a line plot of it since then","1","If average session duration is more than 10% lower than it was on Saturday, make a line plot of it since then","[]"
"T36.v2","T36","analytics","If {natural_language_metric} is more than {natural_language_growth_threshold} {higher_or_lower} than it was on {day_of_week}, make a line plot of it since then","Can you make a line chart of {natural_language_metric} since {day_of_week} if it is more than {natural_language_growth_threshold} {higher_or_lower} than {day_of_week}?","3","Can you make a line chart of engaged users since Sunday if it is more than 10% higher than Sunday?","['analytics.create_plot.func(time_min=""2023-11-26"", time_max=""2023-11-29"", value_to_plot=""user_engaged"", plot_type=""line"")']"
"T36.v3","T36","analytics","If {natural_language_metric} is more than {natural_language_growth_threshold} {higher_or_lower} than it was on {day_of_week}, make a line plot of it since then","Is {natural_language_metric} more than {natural_language_growth_threshold} {higher_or_lower} than it was on {day_of_week}? If so, please plot it as a line chart since then","6","Is average session duration more than 5% higher than it was on Sunday? If so, please plot it as a line chart since then","[]"
"T37.v1","T37","analytics","If {natural_language_metric} on {day_of_week} was more than {natural_language_growth_threshold} {higher_or_lower} than it was the previous {day_of_week}, make a line plot of it over that period.","If {natural_language_metric} on {day_of_week} was more than {natural_language_growth_threshold} {higher_or_lower} than it was the previous {day_of_week}, make a line plot of it over that period.","4","If average session duration on monday was more than 2% lower than it was the previous monday, make a line plot of it over that period.","['analytics.create_plot.func(time_min=""2023-11-20"", time_max=""2023-11-27"", value_to_plot=""session_duration_seconds"", plot_type=""line"")']"
"T37.v2","T37","analytics","If {natural_language_metric} on {day_of_week} was more than {natural_language_growth_threshold} {higher_or_lower} than it was the previous {day_of_week}, make a line plot of it over that period.","Was {natural_language_metric} on {day_of_week} more than {natural_language_growth_threshold} {higher_or_lower} than it was the previous {day_of_week}? If so, please plot it as a line chart","3","Was total visits on monday more than 5% higher than it was the previous monday? If so, please plot it as a line chart","[]"
"T37.v3","T37","analytics","If {natural_language_metric} on {day_of_week} was more than {natural_language_growth_threshold} {higher_or_lower} than it was the previous {day_of_week}, make a line plot of it over that period.","make a line chart of {natural_language_metric} over the period from {day_of_week} to the previous {day_of_week} if it was more than {natural_language_growth_threshold} {higher_or_lower} on {day_of_week} than it was the previous {day_of_week}","3","make a line chart of engaged users over the period from friday to the previous friday if it was more than 3% higher on friday than it was the previous friday","['analytics.create_plot.func(time_min=""2023-11-17"", time_max=""2023-11-24"", value_to_plot=""user_engaged"", plot_type=""line"")']"
"T38.v1","T38","analytics","Can you check the percent growth of {natural_language_metric} since {day_of_week}? If it grew by more than {natural_language_metric_2}, plot both lines since then","Can you check the percent growth of {natural_language_metric} since {day_of_week}? If it grew by more than {natural_language_metric_2}, plot both lines since then","3","Can you check the percent growth of average session duration since Sunday? If it grew by more than total visits, plot both lines since then","[]"
"T38.v2","T38","analytics","Can you check the percent growth of {natural_language_metric} since {day_of_week}? If it grew by more than {natural_language_metric_2}, plot both lines since then","Check the percent growth of {natural_language_metric} since {day_of_week}. If it grew by more than {natural_language_metric_2}, plot both lines since then","2","Check the percent growth of average session duration since Friday. If it grew by more than engaged users, plot both lines since then","[]"
"T38.v3","T38","analytics","Can you check the percent growth of {natural_language_metric} since {day_of_week}? If it grew by more than {natural_language_metric_2}, plot both lines since then","if {natural_language_metric} grew by more than {natural_language_metric_2} since {day_of_week}, make a line plot of both since then","5","if total visits grew by more than engaged users since Saturday, make a line plot of both since then","['analytics.create_plot.func(time_min=""2023-11-25"", time_max=""2023-11-29"", value_to_plot=""total_visits"", plot_type=""line"")', 'analytics.create_plot.func(time_min=""2023-11-25"", time_max=""2023-11-29"", value_to_plot=""user_engaged"", plot_type=""line"")']"
"T39.v1","T39","analytics","Can you make a line plot of the {most_or_least} popular traffic source since {natural_language_date}?","Can you make a line plot of the {most_or_least} popular traffic source since {natural_language_date}?","5","Can you make a line plot of the most popular traffic source since September 28?","['analytics.create_plot.func(time_min=""2023-09-28"", time_max=""2023-11-29"", value_to_plot=""visits_direct"", plot_type=""line"")']"
"T39.v2","T39","analytics","Can you make a line plot of the {most_or_least} popular traffic source since {natural_language_date}?","Make a line plot of the {most_or_least} popular traffic source since {natural_language_date}","3","Make a line plot of the most popular traffic source since October 20","['analytics.create_plot.func(time_min=""2023-10-20"", time_max=""2023-11-29"", value_to_plot=""visits_direct"", plot_type=""line"")']"
"T39.v3","T39","analytics","Can you make a line plot of the {most_or_least} popular traffic source since {natural_language_date}?","plot the {most_or_least} popular traffic source since {natural_language_date}","2","plot the most popular traffic source since September 28","['analytics.create_plot.func(time_min=""2023-09-28"", time_max=""2023-11-29"", value_to_plot=""visits_direct"", plot_type=""line"")']"
"T40.v1","T40","analytics","If we got more traffic from {traffic_source_1} than {traffic_source_2} during the last {n_weeks} weeks, make bar charts of both over that period","If we got more traffic from {traffic_source_1} than {traffic_source_2} during the last {n_weeks} weeks, make bar charts of both over that period","3","If we got more traffic from referral than social media during the last 6 weeks, make bar charts of both over that period","[]"
"T40.v2","T40","analytics","If we got more traffic from {traffic_source_1} than {traffic_source_2} during the last {n_weeks} weeks, make bar charts of both over that period","Make bar charts of {traffic_source_1} and {traffic_source_2} over the last {n_weeks} weeks if we got more traffic from {traffic_source_1} than {traffic_source_2}","3","Make bar charts of social media and search engine over the last 6 weeks if we got more traffic from social media than search engine","['analytics.create_plot.func(time_min=""2023-10-19"", time_max=""2023-11-29"", value_to_plot=""visits_social_media"", plot_type=""bar"")', 'analytics.create_plot.func(time_min=""2023-10-19"", time_max=""2023-11-29"", value_to_plot=""visits_search_engine"", plot_type=""bar"")']"
"T40.v3","T40","analytics","If we got more traffic from {traffic_source_1} than {traffic_source_2} during the last {n_weeks} weeks, make bar charts of both over that period","did we get more traffic from {traffic_source_1} than {traffic_source_2} during the last {n_weeks} weeks? If so, make bar charts of both over that period","4","did we get more traffic from referral than direct during the last 3 weeks? If so, make bar charts of both over that period","[]"
"T41.v1","T41","project_management","Move all of {name}'s tasks that are in progress to in review","Move all of {name}'s tasks that are in progress to in review","6","Move all of kofi's tasks that are in progress to in review","[]"
"T41.v2","T41","project_management","Move all of {name}'s tasks that are in progress to in review","can you move all of {name}'s tasks that are in progress to in review?","4","can you move all of aisha's tasks that are in progress to in review?","[]"
"T42.v1","T42","project_management","Add a new task to the {board} backlog called {task_name} and assign it to {name}. It's due on {natural_language_due_date}.","Add a new task to the {board} backlog called {task_name} and assign it to {name}. It's due on {natural_language_due_date}.","6","Add a new task to the Design backlog called Implement user profile management API and assign it to fatima. It's due on December 5.","['project_management.create_task.func(task_name=""Implement user profile management API"", board=""Design"", assigned_to_email=""fatima.khan@atlas.com"", due_date=""2023-12-05"", list_name=""Backlog"")']"
"T42.v2","T42","project_management","Add a new task to the {board} backlog called {task_name} and assign it to {name}. It's due on {natural_language_due_date}.","I need to add a new task to the {board} backlog called {task_name} and assign it to {name}. It's due on {natural_language_due_date}. Can you do that?","3","I need to add a new task to the Design backlog called Develop prototype for data export and assign it to fatima. It's due on December 6. Can you do that?","['project_management.create_task.func(task_name=""Develop prototype for data export"", board=""Design"", assigned_to_email=""fatima.khan@atlas.com"", due_date=""2023-12-06"", list_name=""Backlog"")']"
"T42.v3","T42","project_management","Add a new task to the {board} backlog called {task_name} and assign it to {name}. It's due on {natural_language_due_date}.","can you add a new task called {task_name} to the {board} backlog and assign it to {name}? It's due on {natural_language_due_date}.","1","can you add a new task called Fix bug in payment processing module to the Back end backlog and assign it to kofi? It's due on December 5.","['project_management.create_task.func(task_name=""Fix bug in payment processing module"", board=""Back end"", assigned_to_email=""kofi.mensah@atlas.com"", due_date=""2023-12-05"", list_name=""Backlog"")']"
"T43.v1","T43","project_management","Move all of {name}'s overdue tasks in the backlog to in progress","Move all of {name}'s overdue tasks in the backlog to in progress","3","Move all of carlos's overdue tasks in the backlog to in progress","[]"
"T43.v2","T43","project_management","Move all of {name}'s overdue tasks in the backlog to in progress","can you move all of {name}'s overdue tasks in the backlog to in progress?","2","can you move all of aisha's overdue tasks in the backlog to in progress?","[]"
"T43.v3","T43","project_management","Move all of {name}'s overdue tasks in the backlog to in progress","{name} has a bunch of overdue tasks in the backlog. Can you move them to in progress?","5","dmitri has a bunch of overdue tasks in the backlog. Can you move them to in progress?","[]"
"T44.v1","T44","project_management","Move any of {name}'s tasks that are in review to completed","Move any of {name}'s tasks that are in review to completed","3","Move any of kofi's tasks that are in review to completed","['project_management.update_task.func(task_id=""00000219"", field=""list_name"", new_value=""Completed"")', 'project_management.update_task.func(task_id=""00000270"", field=""list_name"", new_value=""Completed"")', 'project_management.update_task.func(task_id=""00000217"", field=""list_name"", new_value=""Completed"")']"
"T44.v2","T44","project_management","Move any of {name}'s tasks that are in review to completed","I've finished reviewing all of {name}'s tasks. Can you move all the ones that are in review to completed?","2","I've finished reviewing all of fatima's tasks. Can you move all the ones that are in review to completed?","['project_management.update_task.func(task_id=""00000035"", field=""list_name"", new_value=""Completed"")']"
"T44.v3","T44","project_management","Move any of {name}'s tasks that are in review to completed","can you move any of {name}'s tasks that are in review to completed?","5","can you move any of luis's tasks that are in review to completed?","['project_management.update_task.func(task_id=""00000249"", field=""list_name"", new_value=""Completed"")', 'project_management.update_task.func(task_id=""00000272"", field=""list_name"", new_value=""Completed"")', 'project_management.update_task.func(task_id=""00000296"", field=""list_name"", new_value=""Completed"")', 'project_management.update_task.func(task_id=""00000280"", field=""list_name"", new_value=""Completed"")']"
"T45.v1","T45","project_management","{name_1} is sick so reassign their in progress tasks to {name_2}.","{name_1} is sick so reassign their in progress tasks to {name_2}.","2","dmitri is sick so reassign their in progress tasks to jinsoo.","['project_management.update_task.func(task_id=""00000009"", field=""assigned_to_email"", new_value=""jinsoo.kim@atlas.com"")']"
"T45.v2","T45","project_management","{name_1} is sick so reassign their in progress tasks to {name_2}.","I need to reassign all of {name_1}'s in progress tasks to {name_2}. Can you do that?","6","I need to reassign all of amir's in progress tasks to anaya. Can you do that?","[]"
"T45.v3","T45","project_management","{name_1} is sick so reassign their in progress tasks to {name_2}.","can you reassign all of {name_1}'s in progress tasks to {name_2}?","2","can you reassign all of olga's in progress tasks to nia?","['project_management.update_task.func(task_id=""00000278"", field=""assigned_to_email"", new_value=""nia.johnson@atlas.com"")']"
"T46.v1","T46","project_management","{name_1} is on vacation now so move all the tasks they are currently working on to the backlog.","{name_1} is on vacation now so move all the tasks they are currently working on to the backlog.","3","dmitri is on vacation now so move all the tasks they are currently working on to the backlog.","['project_management.update_task.func(task_id=""00000009"", field=""list_name"", new_value=""Backlog"")']"
"T46.v2","T46","project_management","{name_1} is on vacation now so move all the tasks they are currently working on to the backlog.","can you move all the tasks {name_1} is currently working on to the backlog?","3","can you move all the tasks leila is currently working on to the backlog?","[]"
"T46.v3","T46","project_management","{name_1} is on vacation now so move all the tasks they are currently working on to the backlog.","{name_1} needs a break - move everything they are actively working on to the backlog","4","fatima needs a break - move everything they are actively working on to the backlog","['project_management.update_task.func(task_id=""00000074"", field=""list_name"", new_value=""Backlog"")', 'project_management.update_task.func(task_id=""00000075"", field=""list_name"", new_value=""Backlog"")', 'project_management.update_task.func(task_id=""00000002"", field=""list_name"", new_value=""Backlog"")']"
"T47.v1","T47","project_management","Give all the overdue tasks that {name_1} hasn't started to {name_2}.","Give all the overdue tasks that {name_1} hasn't started to {name_2}.","3","Give all the overdue tasks that fatima hasn't started to santiago.","[]"
"T47.v2","T47","project_management","Give all the overdue tasks that {name_1} hasn't started to {name_2}.","can you give all of {name_1}'s overdue tasks that they haven't started to {name_2}?","3","can you give all of jinsoo's overdue tasks that they haven't started to aisha?","['project_management.update_task.func(task_id=""00000250"", field=""assigned_to_email"", new_value=""aisha.chen@atlas.com"")', 'project_management.update_task.func(task_id=""00000257"", field=""assigned_to_email"", new_value=""aisha.chen@atlas.com"")']"
"T47.v3","T47","project_management","Give all the overdue tasks that {name_1} hasn't started to {name_2}.","{name_2} has some free time so can you give them all of {name_1}'s overdue tasks that they haven't started?","4","chenwei has some free time so can you give them all of amir's overdue tasks that they haven't started?","['project_management.update_task.func(task_id=""00000268"", field=""assigned_to_email"", new_value=""chenwei.zhang@atlas.com"")', 'project_management.update_task.func(task_id=""00000269"", field=""assigned_to_email"", new_value=""chenwei.zhang@atlas.com"")']"
"T48.v1","T48","project_management","Take {name_1}'s most urgent task and reassign it to {name_2}.","Take {name_1}'s most urgent task and reassign it to {name_2}.","3","Take anaya's most urgent task and reassign it to dmitri.","['project_management.update_task.func(task_id=""00000122"", field=""assigned_to_email"", new_value=""dmitri.ivanov@atlas.com"")']"
"T48.v2","T48","project_management","Take {name_1}'s most urgent task and reassign it to {name_2}.","I need to take {name_1}'s most urgent task and reassign it to {name_2}. Can you do that?","3","I need to take jinsoo's most urgent task and reassign it to kofi. Can you do that?","['project_management.update_task.func(task_id=""00000250"", field=""assigned_to_email"", new_value=""kofi.mensah@atlas.com"")']"
"T48.v3","T48","project_management","Take {name_1}'s most urgent task and reassign it to {name_2}.","can you take {name_1}'s most urgent task and reassign it to {name_2}?","4","can you take anaya's most urgent task and reassign it to nia?","['project_management.update_task.func(task_id=""00000122"", field=""assigned_to_email"", new_value=""nia.johnson@atlas.com"")']"
"T49.v1","T49","multi_domain","If we haven't spoke to {current_customer_name} in the past fortnight book a 30-minute meeting with whoever is assigned to them called 'Update on {current_customer_name}' at the first time I'm free tomorrow","If we haven't spoke to {current_customer_name} in the past fortnight book a 30-minute meeting with whoever is assigned to them called 'Update on {current_customer_name}' at the first time I'm free tomorrow","6","If we haven't spoke to Cameron Anderson in the past fortnight book a 30-minute meeting with whoever is assigned to them called 'Update on Cameron Anderson' at the first time I'm free tomorrow","['calendar.create_event.func(event_name=""Update on Cameron Anderson"", participant_email=""sofia.santos@atlas.com"", event_start=""2023-12-01 13:00:00"", duration=""30"")']"
"T49.v2","T49","multi_domain","If we haven't spoke to {current_customer_name} in the past fortnight book a 30-minute meeting with whoever is assigned to them called 'Update on {current_customer_name}' at the first time I'm free tomorrow","I haven't spoken to {current_customer_name} in a while. Can you check if it's been over 14 days? If so, book a 30-minute meeting with whoever is assigned to them called 'Update on {current_customer_name}' at the first time I'm free tomorrow","3","I haven't spoken to Quinn Thomas in a while. Can you check if it's been over 14 days? If so, book a 30-minute meeting with whoever is assigned to them called 'Update on Quinn Thomas' at the first time I'm free tomorrow","['calendar.create_event.func(event_name=""Update on Quinn Thomas"", participant_email=""akira.sato@atlas.com"", event_start=""2023-12-01 13:00:00"", duration=""30"")']"
"T49.v3","T49","multi_domain","If we haven't spoke to {current_customer_name} in the past fortnight book a 30-minute meeting with whoever is assigned to them called 'Update on {current_customer_name}' at the first time I'm free tomorrow","If we haven't spoken to {current_customer_name} in the past 2 weeks, book a half hour meeting with whoeveris assigned to them called 'Update on {current_customer_name}' at the first time I'm free tomorrow","1","If we haven't spoken to Kerry Brown in the past 2 weeks, book a half hour meeting with whoeveris assigned to them called 'Update on Kerry Brown' at the first time I'm free tomorrow","['calendar.create_event.func(event_name=""Update on Kerry Brown"", participant_email=""lena.schmidt@atlas.com"", event_start=""2023-12-01 13:00:00"", duration=""30"")']"
"T50.v1","T50","multi_domain"," Add {new_customer_name} as a new lead in the crm and assign them to the person with the fewest tasks assigned to them"," Add {new_customer_name} as a new lead in the crm and assign them to the person with the fewest tasks assigned to them","5"," Add Alex Davis as a new lead in the crm and assign them to the person with the fewest tasks assigned to them","['customer_relationship_manager.add_customer.func(customer_name=""Alex Davis"", assigned_to_email=""yuki.tanaka@atlas.com"", status=""Lead"")']"
"T50.v2","T50","multi_domain"," Add {new_customer_name} as a new lead in the crm and assign them to the person with the fewest tasks assigned to them","Can you find the person with the fewest tasks assigned to them and assign {new_customer_name} to them as a new lead in the crm?","4","Can you find the person with the fewest tasks assigned to them and assign Reese Martinez to them as a new lead in the crm?","['customer_relationship_manager.add_customer.func(customer_name=""Reese Martinez"", assigned_to_email=""yuki.tanaka@atlas.com"", status=""Lead"")']"
"T50.v3","T50","multi_domain"," Add {new_customer_name} as a new lead in the crm and assign them to the person with the fewest tasks assigned to them","I need to add {new_customer_name} as a new lead in the crm. Can you assign them to the person with the fewest tasks assigned to them?","1","I need to add Alex Anderson as a new lead in the crm. Can you assign them to the person with the fewest tasks assigned to them?","['customer_relationship_manager.add_customer.func(customer_name=""Alex Anderson"", assigned_to_email=""yuki.tanaka@atlas.com"", status=""Lead"")']"
"T51.v1","T51","multi_domain","Find the email from {natural_language_email_date} about {subject} and schedule a {natural_language_duration} meeting called '{subject}' at {natural_language_time} with the sender for {natural_language_event_date}.","Find the email from {natural_language_email_date} about {subject} and schedule a {natural_language_duration} meeting called '{subject}' at {natural_language_time} with the sender for {natural_language_event_date}.","2","Find the email from October 17 about Update on project debrief and schedule a 1.5 hour meeting called 'Update on project debrief' at 11:30 with the sender for December 18.","['calendar.create_event.func(event_name=""Update on project debrief"", participant_email=""sofia.santos@atlas.com"", event_start=""2023-12-18 11:30:00"", duration=""90"")']"
"T51.v2","T51","multi_domain","Find the email from {natural_language_email_date} about {subject} and schedule a {natural_language_duration} meeting called '{subject}' at {natural_language_time} with the sender for {natural_language_event_date}.","Can you find the email from {natural_language_email_date} about '{subject}' and schedule a {natural_language_duration} meeting called '{subject}' at {natural_language_time} with the sender for {natural_language_event_date}?","6","Can you find the email from October 19 about 'Update on Supply Chain Enhancement Workshop' and schedule a 1.5 hour meeting called 'Update on Supply Chain Enhancement Workshop' at 12 with the sender for December 11?","['calendar.create_event.func(event_name=""Update on Supply Chain Enhancement Workshop"", participant_email=""chenwei.zhang@atlas.com"", event_start=""2023-12-11 12:00:00"", duration=""90"")']"
"T51.v3","T51","multi_domain","Find the email from {natural_language_email_date} about {subject} and schedule a {natural_language_duration} meeting called '{subject}' at {natural_language_time} with the sender for {natural_language_event_date}.","I need to schedule a {natural_language_duration} meeting called '{subject}' at {natural_language_time} for {natural_language_event_date}. It's with the sender of the email from {natural_language_email_date} about '{subject}'. Can you do that?","2","I need to schedule a 1.5 hour meeting called 'Update on Creative Thinking Workshop' at 11:30 for December 12. It's with the sender of the email from November 27 about 'Update on Creative Thinking Workshop'. Can you do that?","['calendar.create_event.func(event_name=""Update on Creative Thinking Workshop"", participant_email=""akira.sato@atlas.com"", event_start=""2023-12-12 11:30:00"", duration=""90"")']"
"T52.v1","T52","multi_domain","Send an email to attendees of the first event on {natural_language_event_date}. Title it with the event name and tell them 'Remember to attend this event.'","Send an email to attendees of the first event on {natural_language_event_date}. Title it with the event name and tell them 'Remember to attend this event.'","2","Send an email to attendees of the first event on December 12. Title it with the event name and tell them 'Remember to attend this event.'","['email.send_email.func(recipient=""aisha.chen@atlas.com"", subject=""casual catch-up"", body=""Remember to attend this event."")']"
"T52.v2","T52","multi_domain","Send an email to attendees of the first event on {natural_language_event_date}. Title it with the event name and tell them 'Remember to attend this event.'","Can you send an email to attendees of the first event on {natural_language_event_date}? Title it with the event name and tell them 'Remember to attend this event.'","4","Can you send an email to attendees of the first event on November 30? Title it with the event name and tell them 'Remember to attend this event.'","['email.send_email.func(recipient=""fatima.khan@atlas.com"", subject=""Annual Budget Planning Session"", body=""Remember to attend this event."")']"
"T52.v3","T52","multi_domain","Send an email to attendees of the first event on {natural_language_event_date}. Title it with the event name and tell them 'Remember to attend this event.'","I need to make sure everyone remembers to attend the first event on {natural_language_event_date}. Can you send an email to the attendees with the event name as the title and 'Remember to attend this event.' in the email?","4","I need to make sure everyone remembers to attend the first event on December 11. Can you send an email to the attendees with the event name as the title and 'Remember to attend this event.' in the email?","['email.send_email.func(recipient=""nia.johnson@atlas.com"", subject=""Annual Budget Planning Session"", body=""Remember to attend this event."")']"
"T53.v1","T53","multi_domain","If {sender_name} hasn't sent me any emails in the past {days} days, schedule a 30 minute meeting with them for {day_of_week} at {natural_language_time} called 'Catch up with {sender_name}'","If {sender_name} hasn't sent me any emails in the past {days} days, schedule a 30 minute meeting with them for {day_of_week} at {natural_language_time} called 'Catch up with {sender_name}'","4","If nadia hasn't sent me any emails in the past 2 days, schedule a 30 minute meeting with them for Wednesday at 2:30 called 'Catch up with nadia'","[]"
"T53.v2","T53","multi_domain","If {sender_name} hasn't sent me any emails in the past {days} days, schedule a 30 minute meeting with them for {day_of_week} at {natural_language_time} called 'Catch up with {sender_name}'","I can't remember the last time I heard from {sender_name}. Can you check if they've sent me any emails in the past {days} days? If not, schedule a 30 minute meeting with them for {day_of_week} at {natural_language_time} called 'Catch up with {sender_name}'","3","I can't remember the last time I heard from kofi. Can you check if they've sent me any emails in the past 4 days? If not, schedule a 30 minute meeting with them for Tuesday at 10:30 called 'Catch up with kofi'","['calendar.create_event.func(event_name=""Catch up with kofi"", participant_email=""kofi.mensah@atlas.com"", event_start=""2023-12-05 10:30:00"", duration=""30"")']"
"T53.v3","T53","multi_domain","If {sender_name} hasn't sent me any emails in the past {days} days, schedule a 30 minute meeting with them for {day_of_week} at {natural_language_time} called 'Catch up with {sender_name}'","if {sender_name} hasn't sent me any emails in the past {days} days, schedule a half hour meeting with them for {day_of_week} at {natural_language_time} and call it 'Catch up with {sender_name}'","3","if yuki hasn't sent me any emails in the past 4 days, schedule a half hour meeting with them for Friday at 12 and call it 'Catch up with yuki'","[]"
"T54.v1","T54","multi_domain","If I haven't met with {name} in the past {days} days, send them an email titled 'Catch up soon?' saying 'We haven't caught up in a while - can you send some availability over next week?'","If I haven't met with {name} in the past {days} days, send them an email titled 'Catch up soon?' saying 'We haven't caught up in a while - can you send some availability over next week?'","1","If I haven't met with sofia in the past 2 days, send them an email titled 'Catch up soon?' saying 'We haven't caught up in a while - can you send some availability over next week?'","['email.send_email.func(recipient=""sofia.santos@atlas.com"", subject=""Catch up soon?"", body=""We haven\'t caught up in a while - can you send some availability over next week?"")']"
"T54.v2","T54","multi_domain","If I haven't met with {name} in the past {days} days, send them an email titled 'Catch up soon?' saying 'We haven't caught up in a while - can you send some availability over next week?'","I haven't met with {name} in a while. if it's been longer than {days} days can you send them an email titled 'Catch up soon?' saying 'We haven't caught up in a while - can you send some availability over next week?'","5","I haven't met with amir in a while. if it's been longer than 2 days can you send them an email titled 'Catch up soon?' saying 'We haven't caught up in a while - can you send some availability over next week?'","['email.send_email.func(recipient=""amir.ali@atlas.com"", subject=""Catch up soon?"", body=""We haven\'t caught up in a while - can you send some availability over next week?"")']"
"T54.v3","T54","multi_domain","If I haven't met with {name} in the past {days} days, send them an email titled 'Catch up soon?' saying 'We haven't caught up in a while - can you send some availability over next week?'","can't remember the last time I met with {name}. Can you check if it's been over {days} days? If so, send them an email titled 'Catch up soon?' saying 'We haven't caught up in a while - can you send some availability over next week?'","4","can't remember the last time I met with nia. Can you check if it's been over 2 days? If so, send them an email titled 'Catch up soon?' saying 'We haven't caught up in a while - can you send some availability over next week?'","[]"
"T55.v1","T55","multi_domain","If I don't have any meetings scheduled with {name} in the next {days} days, send them an email titled 'Catch up soon?' saying 'We have not caught up in a while - can you send some availability over next week?'","If I don't have any meetings scheduled with {name} in the next {days} days, send them an email titled 'Catch up soon?' saying 'We have not caught up in a while - can you send some availability over next week?'","2","If I don't have any meetings scheduled with anaya in the next 4 days, send them an email titled 'Catch up soon?' saying 'We have not caught up in a while - can you send some availability over next week?'","['email.send_email.func(recipient=""anaya.patel@atlas.com"", subject=""Catch up soon?"", body=""We have not caught up in a while - can you send some availability over next week?"")']"
"T55.v2","T55","multi_domain","If I don't have any meetings scheduled with {name} in the next {days} days, send them an email titled 'Catch up soon?' saying 'We have not caught up in a while - can you send some availability over next week?'","Did I already schedule a meeting with {name} in the next {days} days? If not, send them an email titled 'Catch up soon?' saying 'We have not caught up in a while - can you send some availability over next week?'","5","Did I already schedule a meeting with leila in the next 3 days? If not, send them an email titled 'Catch up soon?' saying 'We have not caught up in a while - can you send some availability over next week?'","[]"
"T55.v3","T55","multi_domain","If I don't have any meetings scheduled with {name} in the next {days} days, send them an email titled 'Catch up soon?' saying 'We have not caught up in a while - can you send some availability over next week?'","I need to check if I have any meetings scheduled with {name} in the next {days} days. If not, send them an email titled 'Catch up soon?' saying 'We have not caught up in a while - can you send some availability over next week?'","3","I need to check if I have any meetings scheduled with akira in the next 4 days. If not, send them an email titled 'Catch up soon?' saying 'We have not caught up in a while - can you send some availability over next week?'","['email.send_email.func(recipient=""akira.sato@atlas.com"", subject=""Catch up soon?"", body=""We have not caught up in a while - can you send some availability over next week?"")']"
"T56.v1","T56","multi_domain","If {name} has any overdue tasks, send them an email titled 'Overdue tasks' saying 'You have a few overdue tasks - can you update me on them?'. Otherwise email them with 'Nice work keeping on top of your tasks this sprint!' titled 'Good work this sprint'","If {name} has any overdue tasks, send them an email titled 'Overdue tasks' saying 'You have a few overdue tasks - can you update me on them?'. Otherwise email them with 'Nice work keeping on top of your tasks this sprint!' titled 'Good work this sprint'","3","If chenwei has any overdue tasks, send them an email titled 'Overdue tasks' saying 'You have a few overdue tasks - can you update me on them?'. Otherwise email them with 'Nice work keeping on top of your tasks this sprint!' titled 'Good work this sprint'","['email.send_email.func(recipient=""chenwei.zhang@atlas.com"", subject=""Overdue tasks"", body=""You have a few overdue tasks - can you update me on them?"")']"
"T56.v2","T56","multi_domain","If {name} has any overdue tasks, send them an email titled 'Overdue tasks' saying 'You have a few overdue tasks - can you update me on them?'. Otherwise email them with 'Nice work keeping on top of your tasks this sprint!' titled 'Good work this sprint'","I think {name} might have some overdue tasks. Can you check and if so, send them an email titled 'Overdue tasks' saying 'You have a few overdue tasks - can you update me on them?'. Otherwise email them with 'Nice work keeping on top of your tasks this sprint!' titled 'Good work this sprint'","4","I think jinsoo might have some overdue tasks. Can you check and if so, send them an email titled 'Overdue tasks' saying 'You have a few overdue tasks - can you update me on them?'. Otherwise email them with 'Nice work keeping on top of your tasks this sprint!' titled 'Good work this sprint'","['email.send_email.func(recipient=""jinsoo.kim@atlas.com"", subject=""Overdue tasks"", body=""You have a few overdue tasks - can you update me on them?"")']"
"T56.v3","T56","multi_domain","If {name} has any overdue tasks, send them an email titled 'Overdue tasks' saying 'You have a few overdue tasks - can you update me on them?'. Otherwise email them with 'Nice work keeping on top of your tasks this sprint!' titled 'Good work this sprint'","can you check if {name} has any overdue tasks? If so, send them an email titled 'Overdue tasks' saying 'You have a few overdue tasks - can you update me on them?'. Otherwise email them with 'Nice work keeping on top of your tasks this sprint!' titled 'Good work this sprint'","3","can you check if carlos has any overdue tasks? If so, send them an email titled 'Overdue tasks' saying 'You have a few overdue tasks - can you update me on them?'. Otherwise email them with 'Nice work keeping on top of your tasks this sprint!' titled 'Good work this sprint'","['email.send_email.func(recipient=""carlos.rodriguez@atlas.com"", subject=""Good work this sprint"", body=""Nice work keeping on top of your tasks this sprint!"")']"
"T57.v1","T57","multi_domain","Book a half-hour meeting with {name} called 'Catch up on overdue tasks' at the earliest time I'm free tomorrowif they have any overdue tasks","Book a half-hour meeting with {name} called 'Catch up on overdue tasks' at the earliest time I'm free tomorrowif they have any overdue tasks","2","Book a half-hour meeting with jinsoo called 'Catch up on overdue tasks' at the earliest time I'm free tomorrowif they have any overdue tasks","['calendar.create_event.func(event_name=""Catch up on overdue tasks"", participant_email=""jinsoo.kim@atlas.com"", event_start=""2023-12-01 13:00:00"", duration=""30"")']"
"T57.v2","T57","multi_domain","Book a half-hour meeting with {name} called 'Catch up on overdue tasks' at the earliest time I'm free tomorrowif they have any overdue tasks","I think {name} might have some overdue tasks. Can you check and if so, book a half hour meeting with them called 'Catch up on overdue tasks' at the earliest time I'm free tomorrow","6","I think jinsoo might have some overdue tasks. Can you check and if so, book a half hour meeting with them called 'Catch up on overdue tasks' at the earliest time I'm free tomorrow","['calendar.create_event.func(event_name=""Catch up on overdue tasks"", participant_email=""jinsoo.kim@atlas.com"", event_start=""2023-12-01 13:00:00"", duration=""30"")']"
"T57.v3","T57","multi_domain","Book a half-hour meeting with {name} called 'Catch up on overdue tasks' at the earliest time I'm free tomorrowif they have any overdue tasks","can you check if {name} has any overdue tasks? If so, book a 30 minute meeting with them called 'Catch up on overdue tasks' at the earliest time I'm free tomorrow","2","can you check if fatima has any overdue tasks? If so, book a 30 minute meeting with them called 'Catch up on overdue tasks' at the earliest time I'm free tomorrow","[]"
"T58.v1","T58","multi_domain","If {natural_language_metric} was {more_or_less} than {threshold} at any time since {natural_language_date} send an email to {sender} titled 'Update on {natural_language_metric}' saying 'I noticed {natural_language_metric} was {more_or_less} than {threshold} - can you update me?'","If {natural_language_metric} was {more_or_less} than {threshold} at any time since {natural_language_date} send an email to {sender} titled 'Update on {natural_language_metric}' saying 'I noticed {natural_language_metric} was {more_or_less} than {threshold} - can you update me?'","2","If total visits was less than 3 at any time since September 16 send an email to nadia.moreau@atlas.com titled 'Update on total visits' saying 'I noticed total visits was less than 3 - can you update me?'","[]"
"T58.v2","T58","multi_domain","If {natural_language_metric} was {more_or_less} than {threshold} at any time since {natural_language_date} send an email to {sender} titled 'Update on {natural_language_metric}' saying 'I noticed {natural_language_metric} was {more_or_less} than {threshold} - can you update me?'","I think {natural_language_metric} might have been {more_or_less} than {threshold}. If it has been at any time since {natural_language_date}, can yousend an email to {sender} titled 'Update on {natural_language_metric}' saying 'I noticed {natural_language_metric} was {more_or_less} than {threshold} - can you update me?'","1","I think engaged users might have been more than 1. If it has been at any time since September 7, can yousend an email to amir.ali@atlas.com titled 'Update on engaged users' saying 'I noticed engaged users was more than 1 - can you update me?'","['email.send_email.func(recipient=""amir.ali@atlas.com"", subject=""Update on engaged users"", body=""I noticed engaged users was more than 1 - can you update me?"")']"
"T58.v3","T58","multi_domain","If {natural_language_metric} was {more_or_less} than {threshold} at any time since {natural_language_date} send an email to {sender} titled 'Update on {natural_language_metric}' saying 'I noticed {natural_language_metric} was {more_or_less} than {threshold} - can you update me?'","can you check if {natural_language_metric} was {more_or_less} than {threshold} at any time since {natural_language_date}? If so, send an email to {sender} titled 'Update on {natural_language_metric}' saying 'I noticed {natural_language_metric} was {more_or_less} than {threshold} - can you update me?'","7","can you check if engaged users was less than 11 at any time since November 26? If so, send an email to luis.ortiz@atlas.com titled 'Update on engaged users' saying 'I noticed engaged users was less than 11 - can you update me?'","['email.send_email.func(recipient=""luis.ortiz@atlas.com"", subject=""Update on engaged users"", body=""I noticed engaged users was less than 11 - can you update me?"")']"
"T59.v1","T59","multi_domain","If {natural_language_metric} was {more_or_less} than {threshold} at any time since {natural_language_date} schedule a half-hour meeting called 'Discuss {natural_language_metric}' with {sender_name} at the earliest time I'm free tomorrow","If {natural_language_metric} was {more_or_less} than {threshold} at any time since {natural_language_date} schedule a half-hour meeting called 'Discuss {natural_language_metric}' with {sender_name} at the earliest time I'm free tomorrow","2","If average session duration was more than 41 at any time since October 8 schedule a half-hour meeting called 'Discuss average session duration' with luis at the earliest time I'm free tomorrow","['calendar.create_event.func(event_name=""Discuss average session duration"", participant_email=""luis.ortiz@atlas.com"", event_start=""2023-12-01 13:00:00"", duration=""30"")']"
"T59.v2","T59","multi_domain","If {natural_language_metric} was {more_or_less} than {threshold} at any time since {natural_language_date} schedule a half-hour meeting called 'Discuss {natural_language_metric}' with {sender_name} at the earliest time I'm free tomorrow","I think {natural_language_metric} might have been {more_or_less} than {threshold} at any time since {natural_language_date}. Can you check and if so, schedule a half-hour meeting called 'Discuss {natural_language_metric}' with {sender_name} at the earliest time I'm free tomorrow","4","I think average session duration might have been more than 41 at any time since September 8. Can you check and if so, schedule a half-hour meeting called 'Discuss average session duration' with luis at the earliest time I'm free tomorrow","['calendar.create_event.func(event_name=""Discuss average session duration"", participant_email=""luis.ortiz@atlas.com"", event_start=""2023-12-01 13:00:00"", duration=""30"")']"
"T59.v3","T59","multi_domain","If {natural_language_metric} was {more_or_less} than {threshold} at any time since {natural_language_date} schedule a half-hour meeting called 'Discuss {natural_language_metric}' with {sender_name} at the earliest time I'm free tomorrow","can you check if {natural_language_metric} was {more_or_less} than {threshold} at any time since {natural_language_date}? If so, schedule a 30 minute meeting called 'Discuss {natural_language_metric}' with {sender_name} at the earliest time I'm free tomorrow","4","can you check if engaged users was less than 5 at any time since September 3? If so, schedule a 30 minute meeting called 'Discuss engaged users' with leila at the earliest time I'm free tomorrow","['calendar.create_event.func(event_name=""Discuss engaged users"", participant_email=""leila.azizi@atlas.com"", event_start=""2023-12-01 13:00:00"", duration=""30"")']"
"T60.v1","T60","multi_domain","If {natural_language_metric} was {more_or_less} than {threshold} at any time since {natural_language_date} make a backlog task called 'Improve {natural_language_metric}' for {name} on the front-end board with a deadline of next Friday","If {natural_language_metric} was {more_or_less} than {threshold} at any time since {natural_language_date} make a backlog task called 'Improve {natural_language_metric}' for {name} on the front-end board with a deadline of next Friday","2","If total visits was more than 21 at any time since November 29 make a backlog task called 'Improve total visits' for santiago on the front-end board with a deadline of next Friday","[]"
"T60.v2","T60","multi_domain","If {natural_language_metric} was {more_or_less} than {threshold} at any time since {natural_language_date} make a backlog task called 'Improve {natural_language_metric}' for {name} on the front-end board with a deadline of next Friday","Was {natural_language_metric} {more_or_less} than {threshold} at any time since {natural_language_date}? If so, make a backlog task called 'Improve {natural_language_metric}' on the front-end board and assign it to for {name} with next Friday as the deadline","2","Was average session duration more than 41 at any time since October 28? If so, make a backlog task called 'Improve average session duration' on the front-end board and assign it to for anaya with next Friday as the deadline","['project_management.create_task.func(task_name=""Improve average session duration"", board=""Front end"", assigned_to_email=""anaya.patel@atlas.com"", due_date=""2023-12-08"", list_name=""Backlog"")']"
"T60.v3","T60","multi_domain","If {natural_language_metric} was {more_or_less} than {threshold} at any time since {natural_language_date} make a backlog task called 'Improve {natural_language_metric}' for {name} on the front-end board with a deadline of next Friday","can you check if {natural_language_metric} was {more_or_less} than {threshold} at any time since {natural_language_date}? If so, make a backlog task called 'Improve {natural_language_metric}' for {name} on the front-end board with a deadline of next Friday","6","can you check if total visits was more than 21 at any time since October 12? If so, make a backlog task called 'Improve total visits' for dmitri on the front-end board with a deadline of next Friday","[]"
"T61.v1","T61","multi_domain","If {natural_language_metric} was {more_or_less} than {threshold} at any time since {natural_language_date} make a backlog task called 'Improve {natural_language_metric}' on the front-end board with a deadline of next Friday for the person with the most completed front end tasks","If {natural_language_metric} was {more_or_less} than {threshold} at any time since {natural_language_date} make a backlog task called 'Improve {natural_language_metric}' on the front-end board with a deadline of next Friday for the person with the most completed front end tasks","5","If average session duration was more than 19 at any time since November 27 make a backlog task called 'Improve average session duration' on the front-end board with a deadline of next Friday for the person with the most completed front end tasks","['project_management.create_task.func(task_name=""Improve average session duration"", board=""Front end"", assigned_to_email=""nia.johnson@atlas.com"", due_date=""2023-12-08"", list_name=""Backlog"")']"
"T61.v2","T61","multi_domain","If {natural_language_metric} was {more_or_less} than {threshold} at any time since {natural_language_date} make a backlog task called 'Improve {natural_language_metric}' on the front-end board with a deadline of next Friday for the person with the most completed front end tasks","Was {natural_language_metric} {more_or_less} than {threshold} at any time since {natural_language_date}? We need to fix this by next Friday if so - make a backlog task called 'Improve {natural_language_metric}' on the front-end board and assign it to the person with the most completed front end tasks","2","Was engaged users more than 11 at any time since September 28? We need to fix this by next Friday if so - make a backlog task called 'Improve engaged users' on the front-end board and assign it to the person with the most completed front end tasks","[]"
"T61.v3","T61","multi_domain","If {natural_language_metric} was {more_or_less} than {threshold} at any time since {natural_language_date} make a backlog task called 'Improve {natural_language_metric}' on the front-end board with a deadline of next Friday for the person with the most completed front end tasks","can you check if {natural_language_metric} was {more_or_less} than {threshold} at any time since {natural_language_date}? If so, make a backlog task called 'Improve {natural_language_metric}' due next Friday on the front-end board and assign it to the person with the most completed front end tasks","3","can you check if average session duration was less than 41 at any time since October 7? If so, make a backlog task called 'Improve average session duration' due next Friday on the front-end board and assign it to the person with the most completed front end tasks","['project_management.create_task.func(task_name=""Improve average session duration"", board=""Front end"", assigned_to_email=""nia.johnson@atlas.com"", due_date=""2023-12-08"", list_name=""Backlog"")']"
"T62.v1","T62","multi_domain","Check the percent growth of {natural_language_metric} since {day_of_week} and if was more than {natural_language_metric_2} make a backlog task called 'Improve {natural_language_metric_2}' for {name} on the front-end board with a deadline of next Friday","Check the percent growth of {natural_language_metric} since {day_of_week} and if was more than {natural_language_metric_2} make a backlog task called 'Improve {natural_language_metric_2}' for {name} on the front-end board with a deadline of next Friday","4","Check the percent growth of average session duration since Sunday and if was more than engaged users make a backlog task called 'Improve engaged users' for chenwei on the front-end board with a deadline of next Friday","[]"
"T62.v2","T62","multi_domain","Check the percent growth of {natural_language_metric} since {day_of_week} and if was more than {natural_language_metric_2} make a backlog task called 'Improve {natural_language_metric_2}' for {name} on the front-end board with a deadline of next Friday","I need to check the percent growth of {natural_language_metric} since {day_of_week}. If it grew by more than {natural_language_metric_2} make a backlog task called 'Improve {natural_language_metric_2}' for {name} on the front-end board with a deadline of next Friday","2","I need to check the percent growth of average session duration since Monday. If it grew by more than engaged users make a backlog task called 'Improve engaged users' for kofi on the front-end board with a deadline of next Friday","[]"
"T62.v3","T62","multi_domain","Check the percent growth of {natural_language_metric} since {day_of_week} and if was more than {natural_language_metric_2} make a backlog task called 'Improve {natural_language_metric_2}' for {name} on the front-end board with a deadline of next Friday","can you check the percent growth of {natural_language_metric} since {day_of_week}? If it grew by more than {natural_language_metric_2} make a task called 'Improve {natural_language_metric_2}' on the front-end backlog for {name} that's due next Friday","4","can you check the percent growth of engaged users since Wednesday? If it grew by more than total visits make a task called 'Improve total visits' on the front-end backlog for olga that's due next Friday","[]"
"T63.v1","T63","multi_domain","If {natural_language_metric} was {more_or_less} than {threshold} at any time since {natural_language_date} delete all {assigned_to_first_name}'s leads in the CRM","If {natural_language_metric} was {more_or_less} than {threshold} at any time since {natural_language_date} delete all {assigned_to_first_name}'s leads in the CRM","3","If average session duration was more than 41 at any time since November 9 delete all Sofia's leads in the CRM","['customer_relationship_manager.delete_customer.func(customer_id=""00000025"")', 'customer_relationship_manager.delete_customer.func(customer_id=""00000051"")', 'customer_relationship_manager.delete_customer.func(customer_id=""00000021"")', 'customer_relationship_manager.delete_customer.func(customer_id=""00000013"")', 'customer_relationship_manager.delete_customer.func(customer_id=""00000116"")', 'customer_relationship_manager.delete_customer.func(customer_id=""00000010"")']"
"T63.v2","T63","multi_domain","If {natural_language_metric} was {more_or_less} than {threshold} at any time since {natural_language_date} delete all {assigned_to_first_name}'s leads in the CRM","I think {natural_language_metric} might have been {more_or_less} than {threshold} at any time since {natural_language_date}. Can you check and if so, delete all {assigned_to_first_name}'s leads in the CRM","5","I think engaged users might have been more than 1 at any time since October 18. Can you check and if so, delete all Nadia's leads in the CRM","['customer_relationship_manager.delete_customer.func(customer_id=""00000117"")', 'customer_relationship_manager.delete_customer.func(customer_id=""00000133"")', 'customer_relationship_manager.delete_customer.func(customer_id=""00000109"")', 'customer_relationship_manager.delete_customer.func(customer_id=""00000115"")', 'customer_relationship_manager.delete_customer.func(customer_id=""00000128"")', 'customer_relationship_manager.delete_customer.func(customer_id=""00000031"")', 'customer_relationship_manager.delete_customer.func(customer_id=""00000151"")']"
"T63.v3","T63","multi_domain","If {natural_language_metric} was {more_or_less} than {threshold} at any time since {natural_language_date} delete all {assigned_to_first_name}'s leads in the CRM","can you check if {natural_language_metric} was {more_or_less} than {threshold} at any time since {natural_language_date}? If so, delete all the leads assigned to {assigned_to_first_name} in the CRM","2","can you check if engaged users was less than 11 at any time since October 10? If so, delete all the leads assigned to Lena in the CRM","['customer_relationship_manager.delete_customer.func(customer_id=""00000187"")', 'customer_relationship_manager.delete_customer.func(customer_id=""00000076"")', 'customer_relationship_manager.delete_customer.func(customer_id=""00000188"")', 'customer_relationship_manager.delete_customer.func(customer_id=""00000034"")', 'customer_relationship_manager.delete_customer.func(customer_id=""00000180"")', 'customer_relationship_manager.delete_customer.func(customer_id=""00000017"")', 'customer_relationship_manager.delete_customer.func(customer_id=""00000063"")', 'customer_relationship_manager.delete_customer.func(customer_id=""00000177"")', 'customer_relationship_manager.delete_customer.func(customer_id=""00000113"")', 'customer_relationship_manager.delete_customer.func(customer_id=""00000015"")', 'customer_relationship_manager.delete_customer.func(customer_id=""00000110"")']"
"T64.v1","T64","multi_domain","If {name} has any overdue tasks, book a half hour meeting with them called 'Catch up on overdue tasks' at the earliest time I'm free tomorrow and send them an email titled 'Discuss overdue tasks' saying 'I noticed you have a few overdue tasks - let's catch up tomorrow.' Otherwise email them with 'Nice work keeping on top of your tasks this sprint!' titled 'Good work this sprint'","If {name} has any overdue tasks, book a half hour meeting with them called 'Catch up on overdue tasks' at the earliest time I'm free tomorrow and send them an email titled 'Discuss overdue tasks' saying 'I noticed you have a few overdue tasks - let's catch up tomorrow.' Otherwise email them with 'Nice work keeping on top of your tasks this sprint!' titled 'Good work this sprint'","3","If olga has any overdue tasks, book a half hour meeting with them called 'Catch up on overdue tasks' at the earliest time I'm free tomorrow and send them an email titled 'Discuss overdue tasks' saying 'I noticed you have a few overdue tasks - let's catch up tomorrow.' Otherwise email them with 'Nice work keeping on top of your tasks this sprint!' titled 'Good work this sprint'","['calendar.create_event.func(event_name=""Catch up on overdue tasks"", participant_email=""olga.petrova@atlas.com"", event_start=""2023-12-01 13:00:00"", duration=""30"")', 'email.send_email.func(recipient=""olga.petrova@atlas.com"", subject=""Discuss overdue tasks"", body=""I noticed you have a few overdue tasks - let\'s catch up tomorrow."")']"
"T64.v2","T64","multi_domain","If {name} has any overdue tasks, book a half hour meeting with them called 'Catch up on overdue tasks' at the earliest time I'm free tomorrow and send them an email titled 'Discuss overdue tasks' saying 'I noticed you have a few overdue tasks - let's catch up tomorrow.' Otherwise email them with 'Nice work keeping on top of your tasks this sprint!' titled 'Good work this sprint'","I think {name} might have some overdue tasks. Can you check and if so, book a half hour meeting with them called 'Catch up on overdue tasks' at the earliest time I'm free tomorrow and send them an email titled 'Discuss overdue tasks' saying 'I noticed you have a few overdue tasks - let's catch up tomorrow.' Otherwise email them with 'Nice work keeping on top of your tasks this sprint!' titled 'Good work this sprint'","2","I think dmitri might have some overdue tasks. Can you check and if so, book a half hour meeting with them called 'Catch up on overdue tasks' at the earliest time I'm free tomorrow and send them an email titled 'Discuss overdue tasks' saying 'I noticed you have a few overdue tasks - let's catch up tomorrow.' Otherwise email them with 'Nice work keeping on top of your tasks this sprint!' titled 'Good work this sprint'","['email.send_email.func(recipient=""dmitri.ivanov@atlas.com"", subject=""Good work this sprint"", body=""Nice work keeping on top of your tasks this sprint!"")']"
"T64.v3","T64","multi_domain","If {name} has any overdue tasks, book a half hour meeting with them called 'Catch up on overdue tasks' at the earliest time I'm free tomorrow and send them an email titled 'Discuss overdue tasks' saying 'I noticed you have a few overdue tasks - let's catch up tomorrow.' Otherwise email them with 'Nice work keeping on top of your tasks this sprint!' titled 'Good work this sprint'","can you check if {name} has any overdue tasks? If so, book a 30 minute meeting with them called 'Catch up on overdue tasks' at the earliest time I'm free tomorrow and send them an email titled 'Discuss overdue tasks' saying 'I noticed you have a few overdue tasks - let's catch up tomorrow.' Otherwise send them an email saying 'Nice work keeping on top of your tasks this sprint!' titled 'Good work this sprint'","5","can you check if carlos has any overdue tasks? If so, book a 30 minute meeting with them called 'Catch up on overdue tasks' at the earliest time I'm free tomorrow and send them an email titled 'Discuss overdue tasks' saying 'I noticed you have a few overdue tasks - let's catch up tomorrow.' Otherwise send them an email saying 'Nice work keeping on top of your tasks this sprint!' titled 'Good work this sprint'","['email.send_email.func(recipient=""carlos.rodriguez@atlas.com"", subject=""Good work this sprint"", body=""Nice work keeping on top of your tasks this sprint!"")']"
"T65.v1","T65","multi_domain","If {natural_language_metric} was {more_or_less} than {threshold} at any time since {natural_language_date} make a backlog task 'Improve {natural_language_metric}' for {name} on the front-end board with a deadline of next Friday otherwise send them an email titled 'Recent {natural_language_metric}' saying 'I noticed {natural_language_metric} has been stable, nice work!' ","If {natural_language_metric} was {more_or_less} than {threshold} at any time since {natural_language_date} make a backlog task 'Improve {natural_language_metric}' for {name} on the front-end board with a deadline of next Friday otherwise send them an email titled 'Recent {natural_language_metric}' saying 'I noticed {natural_language_metric} has been stable, nice work!' ","3","If total visits was less than 21 at any time since November 13 make a backlog task 'Improve total visits' for dmitri on the front-end board with a deadline of next Friday otherwise send them an email titled 'Recent total visits' saying 'I noticed total visits has been stable, nice work!' ","['project_management.create_task.func(task_name=""Improve total visits"", board=""Front end"", assigned_to_email=""dmitri.ivanov@atlas.com"", due_date=""2023-12-08"", list_name=""Backlog"")']"
"T65.v2","T65","multi_domain","If {natural_language_metric} was {more_or_less} than {threshold} at any time since {natural_language_date} make a backlog task 'Improve {natural_language_metric}' for {name} on the front-end board with a deadline of next Friday otherwise send them an email titled 'Recent {natural_language_metric}' saying 'I noticed {natural_language_metric} has been stable, nice work!' ","Was {natural_language_metric} {more_or_less} than {threshold} at any time since {natural_language_date}? If so, make a backlog task called 'Improve {natural_language_metric}' for {name} on the front-end board with a deadline of next Friday otherwise send them an email titled 'Recent {natural_language_metric}' saying 'I noticed {natural_language_metric} has been stable, nice work!'","4","Was average session duration less than 19 at any time since October 13? If so, make a backlog task called 'Improve average session duration' for dmitri on the front-end board with a deadline of next Friday otherwise send them an email titled 'Recent average session duration' saying 'I noticed average session duration has been stable, nice work!'","['project_management.create_task.func(task_name=""Improve average session duration"", board=""Front end"", assigned_to_email=""dmitri.ivanov@atlas.com"", due_date=""2023-12-08"", list_name=""Backlog"")']"
"T65.v3","T65","multi_domain","If {natural_language_metric} was {more_or_less} than {threshold} at any time since {natural_language_date} make a backlog task 'Improve {natural_language_metric}' for {name} on the front-end board with a deadline of next Friday otherwise send them an email titled 'Recent {natural_language_metric}' saying 'I noticed {natural_language_metric} has been stable, nice work!' ","can you check if {natural_language_metric} was {more_or_less} than {threshold} at any time since {natural_language_date}? If so, make a task 'Improve {natural_language_metric}' for {name} on the front-end backlog with a deadline of next Friday otherwise send them an email titled 'Recent {natural_language_metric}' saying 'I noticed {natural_language_metric} has been stable, nice work!'","3","can you check if total visits was more than 10 at any time since November 19? If so, make a task 'Improve total visits' for aisha on the front-end backlog with a deadline of next Friday otherwise send them an email titled 'Recent total visits' saying 'I noticed total visits has been stable, nice work!'","['project_management.create_task.func(task_name=""Improve total visits"", board=""Front end"", assigned_to_email=""aisha.chen@atlas.com"", due_date=""2023-12-08"", list_name=""Backlog"")']"
"T66.v1","T66","multi_domain","Check the percent growth of {natural_language_metric} since {day_of_week} and if was more than {natural_language_metric_2} make a backlog task called 'Improve {natural_language_metric_2}' for {name} on the front-end board with a deadline of next Friday. Also schedule a half-hour meeting called 'Discuss {natural_language_metric}' with them at the first time I can do tomorrow","Check the percent growth of {natural_language_metric} since {day_of_week} and if was more than {natural_language_metric_2} make a backlog task called 'Improve {natural_language_metric_2}' for {name} on the front-end board with a deadline of next Friday. Also schedule a half-hour meeting called 'Discuss {natural_language_metric}' with them at the first time I can do tomorrow","3","Check the percent growth of total visits since Wednesday and if was more than engaged users make a backlog task called 'Improve engaged users' for carlos on the front-end board with a deadline of next Friday. Also schedule a half-hour meeting called 'Discuss total visits' with them at the first time I can do tomorrow","[]"
"T66.v2","T66","multi_domain","Check the percent growth of {natural_language_metric} since {day_of_week} and if was more than {natural_language_metric_2} make a backlog task called 'Improve {natural_language_metric_2}' for {name} on the front-end board with a deadline of next Friday. Also schedule a half-hour meeting called 'Discuss {natural_language_metric}' with them at the first time I can do tomorrow","can you check the percent growth of {natural_language_metric} since {day_of_week}? If it grew by more than {natural_language_metric_2} make a backlog task called 'Improve {natural_language_metric_2}' for {name} on the front-end board with a deadline of next Friday and schedule a half-hour meeting called 'Discuss {natural_language_metric}' for us at the first time I can do tomorrow","3","can you check the percent growth of engaged users since Wednesday? If it grew by more than total visits make a backlog task called 'Improve total visits' for yuki on the front-end board with a deadline of next Friday and schedule a half-hour meeting called 'Discuss engaged users' for us at the first time I can do tomorrow","[]"
"T66.v3","T66","multi_domain","Check the percent growth of {natural_language_metric} since {day_of_week} and if was more than {natural_language_metric_2} make a backlog task called 'Improve {natural_language_metric_2}' for {name} on the front-end board with a deadline of next Friday. Also schedule a half-hour meeting called 'Discuss {natural_language_metric}' with them at the first time I can do tomorrow","please check the percent growth of {natural_language_metric} since {day_of_week}. If it grew by more than {natural_language_metric_2} make a front-end backlog task called 'Improve {natural_language_metric_2}' for {name} that's due next Friday and schedule a 30 minute meeting called 'Discuss {natural_language_metric}' for us at the earliest slot i'm free tomorrow","4","please check the percent growth of engaged users since Friday. If it grew by more than average session duration make a front-end backlog task called 'Improve average session duration' for kofi that's due next Friday and schedule a 30 minute meeting called 'Discuss engaged users' for us at the earliest slot i'm free tomorrow","['project_management.create_task.func(task_name=""Improve average session duration"", board=""Front end"", assigned_to_email=""kofi.mensah@atlas.com"", due_date=""2023-12-08"", list_name=""Backlog"")', 'calendar.create_event.func(event_name=""Discuss engaged users"", participant_email=""kofi.mensah@atlas.com"", event_start=""2023-12-01 13:00:00"", duration=""30"")']"
"T67.v1","T67","multi_domain","If {natural_language_metric} was {more_or_less} than {threshold} at any time since {natural_language_date} delete {assigned_to_first_name}'s new leads in the CRM and send them an email titled 'Reprioritising'saying '{natural_language_metric} looks good, so we no longer need you finding new leads'.If not say in the email 'We need you to improve {natural_language_metric} - TBD.'","If {natural_language_metric} was {more_or_less} than {threshold} at any time since {natural_language_date} delete {assigned_to_first_name}'s new leads in the CRM and send them an email titled 'Reprioritising'saying '{natural_language_metric} looks good, so we no longer need you finding new leads'.If not say in the email 'We need you to improve {natural_language_metric} - TBD.'","1","If total visits was less than 21 at any time since October 30 delete Sofia's new leads in the CRM and send them an email titled 'Reprioritising'saying 'total visits looks good, so we no longer need you finding new leads'.If not say in the email 'We need you to improve total visits - TBD.'","['customer_relationship_manager.delete_customer.func(customer_id=""00000025"")', 'customer_relationship_manager.delete_customer.func(customer_id=""00000051"")', 'customer_relationship_manager.delete_customer.func(customer_id=""00000021"")', 'customer_relationship_manager.delete_customer.func(customer_id=""00000013"")', 'customer_relationship_manager.delete_customer.func(customer_id=""00000116"")', 'customer_relationship_manager.delete_customer.func(customer_id=""00000010"")', 'email.send_email.func(recipient=""sofia.santos@atlas.com"", subject=""Reprioritising"", body=""total visits looks good, so we no longer need you finding new leads"")']"
"T67.v2","T67","multi_domain","If {natural_language_metric} was {more_or_less} than {threshold} at any time since {natural_language_date} delete {assigned_to_first_name}'s new leads in the CRM and send them an email titled 'Reprioritising'saying '{natural_language_metric} looks good, so we no longer need you finding new leads'.If not say in the email 'We need you to improve {natural_language_metric} - TBD.'","Was {natural_language_metric} {more_or_less} than {threshold} at any time since {natural_language_date}? If so, delete all {assigned_to_first_name}'s leads in the CRM and then send them an email titled 'Reprioritising' saying '{natural_language_metric} looks good, so we no longer need you finding new leads'. If not say in the email 'We need you to improve {natural_language_metric} - TBD.'","4","Was engaged users less than 1 at any time since November 6? If so, delete all Raj's leads in the CRM and then send them an email titled 'Reprioritising' saying 'engaged users looks good, so we no longer need you finding new leads'. If not say in the email 'We need you to improve engaged users - TBD.'","['email.send_email.func(recipient=""raj.patel@atlas.com"", subject=""Reprioritising"", body=""We need you to improve engaged users - TBD."")']"
"T67.v3","T67","multi_domain","If {natural_language_metric} was {more_or_less} than {threshold} at any time since {natural_language_date} delete {assigned_to_first_name}'s new leads in the CRM and send them an email titled 'Reprioritising'saying '{natural_language_metric} looks good, so we no longer need you finding new leads'.If not say in the email 'We need you to improve {natural_language_metric} - TBD.'","can you check if {natural_language_metric} was {more_or_less} than {threshold} at any time since {natural_language_date}? If so, delete all the leads assigned to {assigned_to_first_name}'s in the CRM and send them an email titled 'Reprioritising' saying '{natural_language_metric} looks good, so we no longer need you finding new leads'. If not say 'We need you to improve {natural_language_metric} - TBD.'","5","can you check if engaged users was more than 5 at any time since October 3? If so, delete all the leads assigned to Nadia's in the CRM and send them an email titled 'Reprioritising' saying 'engaged users looks good, so we no longer need you finding new leads'. If not say 'We need you to improve engaged users - TBD.'","['customer_relationship_manager.delete_customer.func(customer_id=""00000117"")', 'customer_relationship_manager.delete_customer.func(customer_id=""00000133"")', 'customer_relationship_manager.delete_customer.func(customer_id=""00000109"")', 'customer_relationship_manager.delete_customer.func(customer_id=""00000115"")', 'customer_relationship_manager.delete_customer.func(customer_id=""00000128"")', 'customer_relationship_manager.delete_customer.func(customer_id=""00000031"")', 'customer_relationship_manager.delete_customer.func(customer_id=""00000151"")', 'email.send_email.func(recipient=""nadia.moreau@atlas.com"", subject=""Reprioritising"", body=""engaged users looks good, so we no longer need you finding new leads"")']"
"T68.v1","T68","multi_domain","If {natural_language_metric} was {more_or_less} than {threshold} at any time since {natural_language_date} make a backlog task 'Improve {natural_language_metric}' for {name} on the front-end board with a deadline of next Friday and schedule a half-hour meeting called 'Discuss {natural_language_metric}' for us at the first time I can do tomorrow otherwise send them an email titled 'Recent {natural_language_metric}' saying 'I noticed {natural_language_metric} has been stable, nice work!''","If {natural_language_metric} was {more_or_less} than {threshold} at any time since {natural_language_date} make a backlog task 'Improve {natural_language_metric}' for {name} on the front-end board with a deadline of next Friday and schedule a half-hour meeting called 'Discuss {natural_language_metric}' for us at the first time I can do tomorrow otherwise send them an email titled 'Recent {natural_language_metric}' saying 'I noticed {natural_language_metric} has been stable, nice work!''","1","If engaged users was less than 1 at any time since September 26 make a backlog task 'Improve engaged users' for chenwei on the front-end board with a deadline of next Friday and schedule a half-hour meeting called 'Discuss engaged users' for us at the first time I can do tomorrow otherwise send them an email titled 'Recent engaged users' saying 'I noticed engaged users has been stable, nice work!''","['project_management.create_task.func(task_name=""Improve engaged users"", board=""Front end"", assigned_to_email=""chenwei.zhang@atlas.com"", due_date=""2023-12-08"", list_name=""Backlog"")', 'calendar.create_event.func(event_name=""Discuss engaged users"", participant_email=""chenwei.zhang@atlas.com"", event_start=""2023-12-01 13:00:00"", duration=""30"")']"
"T68.v2","T68","multi_domain","If {natural_language_metric} was {more_or_less} than {threshold} at any time since {natural_language_date} make a backlog task 'Improve {natural_language_metric}' for {name} on the front-end board with a deadline of next Friday and schedule a half-hour meeting called 'Discuss {natural_language_metric}' for us at the first time I can do tomorrow otherwise send them an email titled 'Recent {natural_language_metric}' saying 'I noticed {natural_language_metric} has been stable, nice work!''","Was {natural_language_metric} {more_or_less} than {threshold} at any time since {natural_language_date}? If so, add a task to the backlog called 'Improve {natural_language_metric}' for {name} on the front-end board with a deadline of next Friday and schedule a half hour meeting called 'Discuss {natural_language_metric}' for us at the earliest time I'm free tomorrow otherwise send them an email titled 'Recent {natural_language_metric}' saying 'I noticed {natural_language_metric} has been stable, nice work!''","4","Was engaged users more than 5 at any time since September 4? If so, add a task to the backlog called 'Improve engaged users' for anaya on the front-end board with a deadline of next Friday and schedule a half hour meeting called 'Discuss engaged users' for us at the earliest time I'm free tomorrow otherwise send them an email titled 'Recent engaged users' saying 'I noticed engaged users has been stable, nice work!''","['project_management.create_task.func(task_name=""Improve engaged users"", board=""Front end"", assigned_to_email=""anaya.patel@atlas.com"", due_date=""2023-12-08"", list_name=""Backlog"")', 'calendar.create_event.func(event_name=""Discuss engaged users"", participant_email=""anaya.patel@atlas.com"", event_start=""2023-12-01 13:00:00"", duration=""30"")']"
"T68.v3","T68","multi_domain","If {natural_language_metric} was {more_or_less} than {threshold} at any time since {natural_language_date} make a backlog task 'Improve {natural_language_metric}' for {name} on the front-end board with a deadline of next Friday and schedule a half-hour meeting called 'Discuss {natural_language_metric}' for us at the first time I can do tomorrow otherwise send them an email titled 'Recent {natural_language_metric}' saying 'I noticed {natural_language_metric} has been stable, nice work!''","can you check if {natural_language_metric} was {more_or_less} than {threshold} at any time since {natural_language_date}? If so, make a task 'Improve {natural_language_metric}' for {name} on the front-end backlog that's due next Friday and schedule a half-hour meeting called 'Discuss {natural_language_metric}' for us at the first time I can do tomorrow otherwise send them an email titled 'Recent {natural_language_metric}' saying 'I noticed {natural_language_metric} has been stable, nice work!''","5","can you check if total visits was less than 10 at any time since October 8? If so, make a task 'Improve total visits' for luis on the front-end backlog that's due next Friday and schedule a half-hour meeting called 'Discuss total visits' for us at the first time I can do tomorrow otherwise send them an email titled 'Recent total visits' saying 'I noticed total visits has been stable, nice work!''","['project_management.create_task.func(task_name=""Improve total visits"", board=""Front end"", assigned_to_email=""luis.ortiz@atlas.com"", due_date=""2023-12-08"", list_name=""Backlog"")', 'calendar.create_event.func(event_name=""Discuss total visits"", participant_email=""luis.ortiz@atlas.com"", event_start=""2023-12-01 13:00:00"", duration=""30"")']"
"T69.v1","T69","multi_domain","If {natural_language_metric} was {more_or_less} than {threshold} at any time since {natural_language_date} make a backlog task called 'Improve {natural_language_metric}' for {name} on the front-end board with a deadline of next Friday and book a half-hour meeting for us called 'Discuss {natural_language_metric}' at the earliest time I'm free tomorrow. otherwise send them an email titled 'New leads for you' saying '{natural_language_metric} looks good, so there are new leads for you' and then give them all {assigned_to_first_name}'s leads in the CRM","If {natural_language_metric} was {more_or_less} than {threshold} at any time since {natural_language_date} make a backlog task called 'Improve {natural_language_metric}' for {name} on the front-end board with a deadline of next Friday and book a half-hour meeting for us called 'Discuss {natural_language_metric}' at the earliest time I'm free tomorrow. otherwise send them an email titled 'New leads for you' saying '{natural_language_metric} looks good, so there are new leads for you' and then give them all {assigned_to_first_name}'s leads in the CRM","3","If total visits was more than 10 at any time since October 1 make a backlog task called 'Improve total visits' for fatima on the front-end board with a deadline of next Friday and book a half-hour meeting for us called 'Discuss total visits' at the earliest time I'm free tomorrow. otherwise send them an email titled 'New leads for you' saying 'total visits looks good, so there are new leads for you' and then give them all Nadia's leads in the CRM","['project_management.create_task.func(task_name=""Improve total visits"", board=""Front end"", assigned_to_email=""fatima.khan@atlas.com"", due_date=""2023-12-08"", list_name=""Backlog"")', 'calendar.create_event.func(event_name=""Discuss total visits"", participant_email=""fatima.khan@atlas.com"", event_start=""2023-12-01 13:00:00"", duration=""30"")']"
"T69.v2","T69","multi_domain","If {natural_language_metric} was {more_or_less} than {threshold} at any time since {natural_language_date} make a backlog task called 'Improve {natural_language_metric}' for {name} on the front-end board with a deadline of next Friday and book a half-hour meeting for us called 'Discuss {natural_language_metric}' at the earliest time I'm free tomorrow. otherwise send them an email titled 'New leads for you' saying '{natural_language_metric} looks good, so there are new leads for you' and then give them all {assigned_to_first_name}'s leads in the CRM","Was {natural_language_metric} {more_or_less} than {threshold} at any time since {natural_language_date}? If so, make a backlog task called 'Improve {natural_language_metric}' for {name} on the front-end board with a deadline of next Friday and book a 30 minute meeting for us called 'Discuss {natural_language_metric}' at the earliest time I'm free tomorrow. otherwise send them an email and title it 'New leads for you' saying '{natural_language_metric} looks good, so there are new leads for you' and then give them all {assigned_to_first_name}'s leads in the CRM","4","Was total visits more than 21 at any time since November 12? If so, make a backlog task called 'Improve total visits' for anaya on the front-end board with a deadline of next Friday and book a 30 minute meeting for us called 'Discuss total visits' at the earliest time I'm free tomorrow. otherwise send them an email and title it 'New leads for you' saying 'total visits looks good, so there are new leads for you' and then give them all Lena's leads in the CRM","['customer_relationship_manager.update_customer.func(customer_id=""00000187"", field=""assigned_to_email"", new_value=""anaya.patel@atlas.com"")', 'customer_relationship_manager.update_customer.func(customer_id=""00000076"", field=""assigned_to_email"", new_value=""anaya.patel@atlas.com"")', 'customer_relationship_manager.update_customer.func(customer_id=""00000188"", field=""assigned_to_email"", new_value=""anaya.patel@atlas.com"")', 'customer_relationship_manager.update_customer.func(customer_id=""00000034"", field=""assigned_to_email"", new_value=""anaya.patel@atlas.com"")', 'customer_relationship_manager.update_customer.func(customer_id=""00000180"", field=""assigned_to_email"", new_value=""anaya.patel@atlas.com"")', 'customer_relationship_manager.update_customer.func(customer_id=""00000017"", field=""assigned_to_email"", new_value=""anaya.patel@atlas.com"")', 'customer_relationship_manager.update_customer.func(customer_id=""00000063"", field=""assigned_to_email"", new_value=""anaya.patel@atlas.com"")', 'customer_relationship_manager.update_customer.func(customer_id=""00000177"", field=""assigned_to_email"", new_value=""anaya.patel@atlas.com"")', 'customer_relationship_manager.update_customer.func(customer_id=""00000113"", field=""assigned_to_email"", new_value=""anaya.patel@atlas.com"")', 'customer_relationship_manager.update_customer.func(customer_id=""00000015"", field=""assigned_to_email"", new_value=""anaya.patel@atlas.com"")', 'customer_relationship_manager.update_customer.func(customer_id=""00000110"", field=""assigned_to_email"", new_value=""anaya.patel@atlas.com"")', 'email.send_email.func(recipient=""anaya.patel@atlas.com"", subject=""New leads for you"", body=""total visits looks good, so there are new leads for you"")']"
"T69.v3","T69","multi_domain","If {natural_language_metric} was {more_or_less} than {threshold} at any time since {natural_language_date} make a backlog task called 'Improve {natural_language_metric}' for {name} on the front-end board with a deadline of next Friday and book a half-hour meeting for us called 'Discuss {natural_language_metric}' at the earliest time I'm free tomorrow. otherwise send them an email titled 'New leads for you' saying '{natural_language_metric} looks good, so there are new leads for you' and then give them all {assigned_to_first_name}'s leads in the CRM","can you check if {natural_language_metric} was {more_or_less} than {threshold} at any time since {natural_language_date}? If so, make a task for {name} on the backlog called 'Improve {natural_language_metric}' on the front-end board that's due next Friday and book a half-hour meeting for us called 'Discuss {natural_language_metric}' at the earliest time I can do tomorrow. otherwise send them an email titled 'New leads for you' saying '{natural_language_metric} looks good, so there are new leads for you' and then give them all {assigned_to_first_name}'s leads in the CRM","3","can you check if average session duration was more than 41 at any time since November 20? If so, make a task for chenwei on the backlog called 'Improve average session duration' on the front-end board that's due next Friday and book a half-hour meeting for us called 'Discuss average session duration' at the earliest time I can do tomorrow. otherwise send them an email titled 'New leads for you' saying 'average session duration looks good, so there are new leads for you' and then give them all Nadia's leads in the CRM","['customer_relationship_manager.update_customer.func(customer_id=""00000117"", field=""assigned_to_email"", new_value=""chenwei.zhang@atlas.com"")', 'customer_relationship_manager.update_customer.func(customer_id=""00000133"", field=""assigned_to_email"", new_value=""chenwei.zhang@atlas.com"")', 'customer_relationship_manager.update_customer.func(customer_id=""00000109"", field=""assigned_to_email"", new_value=""chenwei.zhang@atlas.com"")', 'customer_relationship_manager.update_customer.func(customer_id=""00000115"", field=""assigned_to_email"", new_value=""chenwei.zhang@atlas.com"")', 'customer_relationship_manager.update_customer.func(customer_id=""00000128"", field=""assigned_to_email"", new_value=""chenwei.zhang@atlas.com"")', 'customer_relationship_manager.update_customer.func(customer_id=""00000031"", field=""assigned_to_email"", new_value=""chenwei.zhang@atlas.com"")', 'customer_relationship_manager.update_customer.func(customer_id=""00000151"", field=""assigned_to_email"", new_value=""chenwei.zhang@atlas.com"")', 'email.send_email.func(recipient=""chenwei.zhang@atlas.com"", subject=""New leads for you"", body=""average session duration looks good, so there are new leads for you"")']"
