dataset,model,task_uid,domain,run_id_en,run_id_bn,en_pass,bn_pass,pair_class,en_trajectory,bn_trajectory,en_final_state,bn_final_state,gt_state,en_error,bn_error
WorkBench,ollama-gemma4-31b,workbench:email:5,email,ollama-gemma4-31b_all_2026-10-04_11-42-18,ollama-gemma4-31b_all_2026-10-05_16-12-03,1,1,both_correct,WorkBench/data/results/c0/pilot_en/ollama-gemma4-31b/ollama-gemma4-31b_all_2026-10-04_11-42-18_traces.json#0,WorkBench/data/results/c6/pilot_bn/ollama-gemma4-31b/ollama-gemma4-31b_all_2026-10-05_16-12-03_traces.json#0,"{""state_changing"":[""email.delete_email.func(email_id=\""00000052\"")""],""read_only"":[""email.search_emails.func(query=\""leila\"")"",""email.search_emails.func(query=\""leila.azizi@atlas.com\"")"",""email.search_emails.func(query=\""to:leila.azizi@atlas.com\"")"",""email.search_emails.func(query=\""leila.azizi@atlas.com\"")""],""unrecognised"":[]}","{""state_changing"":[""email.delete_email.func(email_id=\""00000052\"")""],""read_only"":[""email.search_emails.func(query=\""leila\"")""],""unrecognised"":[]}","{""state_changing"":[""email.delete_email.func(email_id=\""00000052\"")""],""read_only"":[],""unrecognised"":[]}",,
WorkBench,ollama-gemma4-31b,workbench:email:6,email,ollama-gemma4-31b_all_2026-10-04_11-42-18,ollama-gemma4-31b_all_2026-10-05_16-12-03,1,1,both_correct,WorkBench/data/results/c0/pilot_en/ollama-gemma4-31b/ollama-gemma4-31b_all_2026-10-04_11-42-18_traces.json#1,WorkBench/data/results/c6/pilot_bn/ollama-gemma4-31b/ollama-gemma4-31b_all_2026-10-05_16-12-03_traces.json#1,"{""state_changing"":[""email.delete_email.func(email_id=\""00000211\"")""],""read_only"":[""email.search_emails.func(query=\""chenwei\"")""],""unrecognised"":[]}","{""state_changing"":[""email.delete_email.func(email_id=\""00000211\"")""],""read_only"":[""email.search_emails.func(query=\""chenwei\"")""],""unrecognised"":[]}","{""state_changing"":[""email.delete_email.func(email_id=\""00000211\"")""],""read_only"":[],""unrecognised"":[]}",,
WorkBench,ollama-gemma4-31b,workbench:email:16,email,ollama-gemma4-31b_all_2026-10-04_11-42-18,ollama-gemma4-31b_all_2026-10-05_16-12-03,1,1,both_correct,WorkBench/data/results/c0/pilot_en/ollama-gemma4-31b/ollama-gemma4-31b_all_2026-10-04_11-42-18_traces.json#2,WorkBench/data/results/c6/pilot_bn/ollama-gemma4-31b/ollama-gemma4-31b_all_2026-10-05_16-12-03_traces.json#2,"{""state_changing"":[""email.delete_email.func(email_id=\""00000479\"")""],""read_only"":[""email.search_emails.func(date_min=\""2023-11-28\"", query=\""nadia\"")""],""unrecognised"":[]}","{""state_changing"":[""email.delete_email.func(email_id=\""00000479\"")""],""read_only"":[""email.search_emails.func(date_min=\""2023-11-28\"", query=\""nadia\"")""],""unrecognised"":[]}","{""state_changing"":[""email.delete_email.func(email_id=\""00000479\"")""],""read_only"":[],""unrecognised"":[]}",,
WorkBench,ollama-gemma4-31b,workbench:email:20,email,ollama-gemma4-31b_all_2026-10-04_11-42-18,ollama-gemma4-31b_all_2026-10-05_16-12-03,1,1,both_correct,WorkBench/data/results/c0/pilot_en/ollama-gemma4-31b/ollama-gemma4-31b_all_2026-10-04_11-42-18_traces.json#3,WorkBench/data/results/c6/pilot_bn/ollama-gemma4-31b/ollama-gemma4-31b_all_2026-10-05_16-12-03_traces.json#3,"{""state_changing"":[""email.send_email.func(body=\""Hey kofi,\\n\\nI wanted to let you know that I've completed the tasks for the status briefing. Looking forward to your feedback.\\n\\nCheers,\\n\\nSam\"", recipient=\""kofi.mensah@atlas.com\"", subject=\""Task Update on Improve UX of onboarding process\"")""],""read_only"":[""company_directory.find_email_address.func(name=\""kofi\"")""],""unrecognised"":[]}","{""state_changing"":[""email.send_email.func(body=\""Hey kofi,\\n\\nI wanted to let you know that I've completed the tasks for the status briefing. Looking forward to your feedback.\\n\\nCheers,\\n\\nSam\"", recipient=\""kofi.mensah@atlas.com\"", subject=\""Task Update on Improve UX of onboarding process\"")""],""read_only"":[""company_directory.find_email_address.func(name=\""kofi\"")""],""unrecognised"":[]}","{""state_changing"":[""email.send_email.func(recipient=\""kofi.mensah@atlas.com\"", subject=\""Task Update on Improve UX of onboarding process\"", body=\""Hey kofi,\\n\\nI wanted to let you know that I've completed the tasks for the status briefing. Looking forward to your feedback.\\n\\nCheers,\\n\\nSam\"")""],""read_only"":[],""unrecognised"":[]}",,
WorkBench,ollama-gemma4-31b,workbench:email:21,email,ollama-gemma4-31b_all_2026-10-04_11-42-18,ollama-gemma4-31b_all_2026-10-05_16-12-03,1,1,both_correct,WorkBench/data/results/c0/pilot_en/ollama-gemma4-31b/ollama-gemma4-31b_all_2026-10-04_11-42-18_traces.json#4,WorkBench/data/results/c6/pilot_bn/ollama-gemma4-31b/ollama-gemma4-31b_all_2026-10-05_16-12-03_traces.json#4,"{""state_changing"":[""email.send_email.func(body=\""Hi jinsoo,\\n\\nStarting on 'Create wireframe for homepage' today. Any preliminary thoughts or resources you recommend before I dive in?\\n\\nBest,\\n\\nSam\"", recipient=\""jinsoo.kim@atlas.com\"", subject=\""Task Update on Design logo for website\"")""],""read_only"":[""company_directory.find_email_address.func(name=\""jinsoo\"")""],""unrecognised"":[]}","{""state_changing"":[""email.send_email.func(body=\""Hi jinsoo,\\n\\nStarting on 'Create wireframe for homepage' today. Any preliminary thoughts or resources you recommend before I dive in?\\n\\nBest,\\n\\nSam\"", recipient=\""jinsoo.kim@atlas.com\"", subject=\""Task Update on Design logo for website\"")""],""read_only"":[""company_directory.find_email_address.func(name=\""jinsoo\"")""],""unrecognised"":[]}","{""state_changing"":[""email.send_email.func(recipient=\""jinsoo.kim@atlas.com\"", subject=\""Task Update on Design logo for website\"", body=\""Hi jinsoo,\\n\\nStarting on 'Create wireframe for homepage' today. Any preliminary thoughts or resources you recommend before I dive in?\\n\\nBest,\\n\\nSam\"")""],""read_only"":[],""unrecognised"":[]}",,
WorkBench,ollama-gemma4-31b,workbench:email:35,email,ollama-gemma4-31b_all_2026-10-04_11-42-18,ollama-gemma4-31b_all_2026-10-05_16-12-03,1,1,both_correct,WorkBench/data/results/c0/pilot_en/ollama-gemma4-31b/ollama-gemma4-31b_all_2026-10-04_11-42-18_traces.json#5,WorkBench/data/results/c6/pilot_bn/ollama-gemma4-31b/ollama-gemma4-31b_all_2026-10-05_16-12-03_traces.json#5,"{""state_changing"":[""email.reply_email.func(body=\""Thanks for the update - I will get back to you tomorrow.\"", email_id=\""00000403\"")""],""read_only"":[""email.search_emails.func(query=\""Task Update on Design logo for website\"")""],""unrecognised"":[]}","{""state_changing"":[""email.reply_email.func(body=\""Thanks for the update - I will get back to you tomorrow.\"", email_id=\""00000403\"")""],""read_only"":[""email.search_emails.func(query=\""Task Update on Design logo for website nia\"")""],""unrecognised"":[]}","{""state_changing"":[""email.reply_email.func(email_id=\""00000403\"", body=\""Thanks for the update - I will get back to you tomorrow.\"")""],""read_only"":[],""unrecognised"":[]}",,
WorkBench,ollama-gemma4-31b,workbench:email:36,email,ollama-gemma4-31b_all_2026-10-04_11-42-18,ollama-gemma4-31b_all_2026-10-05_16-12-03,1,1,both_correct,WorkBench/data/results/c0/pilot_en/ollama-gemma4-31b/ollama-gemma4-31b_all_2026-10-04_11-42-18_traces.json#6,WorkBench/data/results/c6/pilot_bn/ollama-gemma4-31b/ollama-gemma4-31b_all_2026-10-05_16-12-03_traces.json#6,"{""state_changing"":[""email.reply_email.func(body=\""Thanks for the update - I will get back to you tomorrow.\"", email_id=\""00000048\"")""],""read_only"":[""email.search_emails.func(query=\""Update on Leadership Training Workshop\"")""],""unrecognised"":[]}","{""state_changing"":[""email.reply_email.func(body=\""Thanks for the update - I will get back to you tomorrow.\"", email_id=\""00000048\"")""],""read_only"":[""email.search_emails.func(query=\""Update on Leadership Training Workshop lena\"")""],""unrecognised"":[]}","{""state_changing"":[""email.reply_email.func(email_id=\""00000048\"", body=\""Thanks for the update - I will get back to you tomorrow.\"")""],""read_only"":[],""unrecognised"":[]}",,
WorkBench,ollama-gemma4-31b,workbench:email:41,email,ollama-gemma4-31b_all_2026-10-04_11-42-18,ollama-gemma4-31b_all_2026-10-05_16-12-03,1,0,ref_only,WorkBench/data/results/c0/pilot_en/ollama-gemma4-31b/ollama-gemma4-31b_all_2026-10-04_11-42-18_traces.json#7,WorkBench/data/results/c6/pilot_bn/ollama-gemma4-31b/ollama-gemma4-31b_all_2026-10-05_16-12-03_traces.json#7,"{""state_changing"":[""email.forward_email.func(email_id=\""00000120\"", recipient=\""nadia.moreau@atlas.com\"")"",""email.forward_email.func(email_id=\""00000346\"", recipient=\""nadia.moreau@atlas.com\"")""],""read_only"":[""company_directory.find_email_address.func(name=\""Anaya\"")"",""company_directory.find_email_address.func(name=\""Nadia\"")"",""email.search_emails.func(date_max=\""2023-11-26\"", date_min=\""2023-11-19\"", query=\""Update on Board of Directors Conclave\"")""],""unrecognised"":[]}","{""state_changing"":[],""read_only"":[""company_directory.find_email_address.func(name=\""anaya\"")"",""company_directory.find_email_address.func(name=\""nadia\"")"",""email.search_emails.func(date_max=\""2023-11-29\"", date_min=\""2023-11-23\"", query=\""Update on Board of Directors Conclave\"")"",""email.search_emails.func(date_max=\""2023-11-29\"", date_min=\""2023-11-23\"", query=\""Board of Directors Conclave\"")"",""email.search_emails.func(date_max=\""2023-11-29\"", date_min=\""2023-11-23\"", query=\""anaya.patel@atlas.com\"")"",""email.search_emails.func(query=\""Update on Board of Directors Conclave\"")""],""unrecognised"":[]}","{""state_changing"":[""email.forward_email.func(email_id=\""00000346\"", recipient=\""nadia.moreau@atlas.com\"")"",""email.forward_email.func(email_id=\""00000120\"", recipient=\""nadia.moreau@atlas.com\"")""],""read_only"":[],""unrecognised"":[]}",,
WorkBench,ollama-gemma4-31b,workbench:email:50,email,ollama-gemma4-31b_all_2026-10-04_11-42-18,ollama-gemma4-31b_all_2026-10-05_16-12-03,1,1,both_correct,WorkBench/data/results/c0/pilot_en/ollama-gemma4-31b/ollama-gemma4-31b_all_2026-10-04_11-42-18_traces.json#8,WorkBench/data/results/c6/pilot_bn/ollama-gemma4-31b/ollama-gemma4-31b_all_2026-10-05_16-12-03_traces.json#8,"{""state_changing"":[""email.forward_email.func(email_id=\""00000436\"", recipient=\""olga.petrova@atlas.com\"")""],""read_only"":[""email.search_emails.func(query=\""Task Update on Add authentication for email notification\"")"",""company_directory.find_email_address.func(name=\""olga\"")""],""unrecognised"":[]}","{""state_changing"":[""email.forward_email.func(email_id=\""00000436\"", recipient=\""olga.petrova@atlas.com\"")""],""read_only"":[""email.search_emails.func(query=\""Task Update on Add authentication for email notification\"")"",""company_directory.find_email_address.func(name=\""olga\"")""],""unrecognised"":[]}","{""state_changing"":[""email.forward_email.func(email_id=\""00000436\"", recipient=\""olga.petrova@atlas.com\"")""],""read_only"":[],""unrecognised"":[]}",,
WorkBench,ollama-gemma4-31b,workbench:email:51,email,ollama-gemma4-31b_all_2026-10-04_11-42-18,ollama-gemma4-31b_all_2026-10-05_16-12-03,1,1,both_correct,WorkBench/data/results/c0/pilot_en/ollama-gemma4-31b/ollama-gemma4-31b_all_2026-10-04_11-42-18_traces.json#9,WorkBench/data/results/c6/pilot_bn/ollama-gemma4-31b/ollama-gemma4-31b_all_2026-10-05_16-12-03_traces.json#9,"{""state_changing"":[""email.forward_email.func(email_id=\""00000206\"", recipient=\""santiago.martinez@atlas.com\"")""],""read_only"":[""company_directory.find_email_address.func(name=\""santiago\"")"",""email.search_emails.func(query=\""Update on Client Appreciation Gala\"")""],""unrecognised"":[]}","{""state_changing"":[""email.forward_email.func(email_id=\""00000206\"", recipient=\""santiago.martinez@atlas.com\"")""],""read_only"":[""email.search_emails.func(query=\""Update on Client Appreciation Gala\"")"",""company_directory.find_email_address.func(name=\""santiago\"")""],""unrecognised"":[]}","{""state_changing"":[""email.forward_email.func(email_id=\""00000206\"", recipient=\""santiago.martinez@atlas.com\"")""],""read_only"":[],""unrecognised"":[]}",,
WorkBench,ollama-gemma4-31b,workbench:email:66,email,ollama-gemma4-31b_all_2026-10-04_11-42-18,ollama-gemma4-31b_all_2026-10-05_16-12-03,1,1,both_correct,WorkBench/data/results/c0/pilot_en/ollama-gemma4-31b/ollama-gemma4-31b_all_2026-10-04_11-42-18_traces.json#10,WorkBench/data/results/c6/pilot_bn/ollama-gemma4-31b/ollama-gemma4-31b_all_2026-10-05_16-12-03_traces.json#10,"{""state_changing"":[""email.forward_email.func(email_id=\""00000052\"", recipient=\""fatima.khan@atlas.com\"")""],""read_only"":[""company_directory.find_email_address.func(name=\""fatima\"")"",""company_directory.find_email_address.func(name=\""leila\"")"",""email.search_emails.func(query=\""leila.azizi@atlas.com\"")""],""unrecognised"":[]}","{""state_changing"":[""email.forward_email.func(email_id=\""00000052\"", recipient=\""fatima.khan@atlas.com\"")""],""read_only"":[""company_directory.find_email_address.func(name=\""leila\"")"",""company_directory.find_email_address.func(name=\""fatima\"")"",""email.search_emails.func(query=\""leila.azizi@atlas.com\"")""],""unrecognised"":[]}","{""state_changing"":[""email.forward_email.func(email_id=\""00000052\"", recipient=\""fatima.khan@atlas.com\"")""],""read_only"":[],""unrecognised"":[]}",,
WorkBench,ollama-gemma4-31b,workbench:email:69,email,ollama-gemma4-31b_all_2026-10-04_11-42-18,ollama-gemma4-31b_all_2026-10-05_16-12-03,1,1,both_correct,WorkBench/data/results/c0/pilot_en/ollama-gemma4-31b/ollama-gemma4-31b_all_2026-10-04_11-42-18_traces.json#11,WorkBench/data/results/c6/pilot_bn/ollama-gemma4-31b/ollama-gemma4-31b_all_2026-10-05_16-12-03_traces.json#11,"{""state_changing"":[""email.forward_email.func(email_id=\""00000206\"", recipient=\""raj.patel@atlas.com\"")""],""read_only"":[""email.search_emails.func(query=\""olga\"")"",""company_directory.find_email_address.func(name=\""raj\"")""],""unrecognised"":[]}","{""state_changing"":[""email.forward_email.func(email_id=\""00000206\"", recipient=\""raj.patel@atlas.com\"")""],""read_only"":[""email.search_emails.func(query=\""Olga\"")"",""company_directory.find_email_address.func(name=\""Raj\"")""],""unrecognised"":[]}","{""state_changing"":[""email.forward_email.func(email_id=\""00000206\"", recipient=\""raj.patel@atlas.com\"")""],""read_only"":[],""unrecognised"":[]}",,
WorkBench,ollama-gemma4-31b,workbench:email:74,email,ollama-gemma4-31b_all_2026-10-04_11-42-18,ollama-gemma4-31b_all_2026-10-05_16-12-03,1,1,both_correct,WorkBench/data/results/c0/pilot_en/ollama-gemma4-31b/ollama-gemma4-31b_all_2026-10-04_11-42-18_traces.json#12,WorkBench/data/results/c6/pilot_bn/ollama-gemma4-31b/ollama-gemma4-31b_all_2026-10-05_16-12-03_traces.json#12,"{""state_changing"":[""email.forward_email.func(email_id=\""00000262\"", recipient=\""lena.schmidt@atlas.com\"")"",""email.forward_email.func(email_id=\""00000262\"", recipient=\""aisha.chen@atlas.com\"")""],""read_only"":[""email.search_emails.func(query=\""Update on Team Building Retreat\"")"",""company_directory.find_email_address.func(name=\""lena\"")"",""company_directory.find_email_address.func(name=\""aisha\"")""],""unrecognised"":[]}","{""state_changing"":[""email.forward_email.func(email_id=\""00000262\"", recipient=\""lena.schmidt@atlas.com\"")"",""email.forward_email.func(email_id=\""00000262\"", recipient=\""aisha.chen@atlas.com\"")""],""read_only"":[""email.search_emails.func(query=\""Update on Team Building Retreat\"")"",""company_directory.find_email_address.func(name=\""lena\"")"",""company_directory.find_email_address.func(name=\""aisha\"")""],""unrecognised"":[]}","{""state_changing"":[""email.forward_email.func(email_id=\""00000262\"", recipient=\""lena.schmidt@atlas.com\"")"",""email.forward_email.func(email_id=\""00000262\"", recipient=\""aisha.chen@atlas.com\"")""],""read_only"":[],""unrecognised"":[]}",,
WorkBench,ollama-gemma4-31b,workbench:email:75,email,ollama-gemma4-31b_all_2026-10-04_11-42-18,ollama-gemma4-31b_all_2026-10-05_16-12-03,1,1,both_correct,WorkBench/data/results/c0/pilot_en/ollama-gemma4-31b/ollama-gemma4-31b_all_2026-10-04_11-42-18_traces.json#13,WorkBench/data/results/c6/pilot_bn/ollama-gemma4-31b/ollama-gemma4-31b_all_2026-10-05_16-12-03_traces.json#13,"{""state_changing"":[""email.forward_email.func(email_id=\""00000120\"", recipient=\""akira.sato@atlas.com\"")"",""email.forward_email.func(email_id=\""00000120\"", recipient=\""yuki.tanaka@atlas.com\"")""],""read_only"":[""email.search_emails.func(query=\""Update on Board of Directors Conclave\"")"",""company_directory.find_email_address.func(name=\""akira\"")"",""company_directory.find_email_address.func(name=\""yuki\"")""],""unrecognised"":[]}","{""state_changing"":[""email.forward_email.func(email_id=\""00000120\"", recipient=\""akira.sato@atlas.com\"")"",""email.forward_email.func(email_id=\""00000120\"", recipient=\""yuki.tanaka@atlas.com\"")""],""read_only"":[""email.search_emails.func(query=\""Update on Board of Directors Conclave\"")"",""company_directory.find_email_address.func(name=\""akira\"")"",""company_directory.find_email_address.func(name=\""yuki\"")""],""unrecognised"":[]}","{""state_changing"":[""email.forward_email.func(email_id=\""00000120\"", recipient=\""akira.sato@atlas.com\"")"",""email.forward_email.func(email_id=\""00000120\"", recipient=\""yuki.tanaka@atlas.com\"")""],""read_only"":[],""unrecognised"":[]}",,
WorkBench,ollama-gemma4-31b,workbench:email:88,email,ollama-gemma4-31b_all_2026-10-04_11-42-18,ollama-gemma4-31b_all_2026-10-05_16-12-03,1,1,both_correct,WorkBench/data/results/c0/pilot_en/ollama-gemma4-31b/ollama-gemma4-31b_all_2026-10-04_11-42-18_traces.json#14,WorkBench/data/results/c6/pilot_bn/ollama-gemma4-31b/ollama-gemma4-31b_all_2026-10-05_16-12-03_traces.json#14,"{""state_changing"":[""email.reply_email.func(body=\""Got it, thank you!\"", email_id=\""00000348\"")""],""read_only"":[""email.search_emails.func(query=\""santiago\"")""],""unrecognised"":[]}","{""state_changing"":[""email.reply_email.func(body=\""Got it, thank you!\"", email_id=\""00000348\"")""],""read_only"":[""email.search_emails.func(query=\""santiago\"")""],""unrecognised"":[]}","{""state_changing"":[""email.reply_email.func(email_id=\""00000348\"", body=\""Got it, thank you!\"")""],""read_only"":[],""unrecognised"":[]}",,
WorkBench,ollama-gemma4-31b,workbench:calendar:7,calendar,ollama-gemma4-31b_all_2026-10-04_11-42-18,ollama-gemma4-31b_all_2026-10-05_16-12-03,1,1,both_correct,WorkBench/data/results/c0/pilot_en/ollama-gemma4-31b/ollama-gemma4-31b_all_2026-10-04_11-42-18_traces.json#15,WorkBench/data/results/c6/pilot_bn/ollama-gemma4-31b/ollama-gemma4-31b_all_2026-10-05_16-12-03_traces.json#15,"{""state_changing"":[""calendar.delete_event.func(event_id=\""00000047\"")""],""read_only"":[""calendar.search_events.func(time_max=\""2023-12-18 23:59:59\"", time_min=\""2023-12-18 00:00:00\"")""],""unrecognised"":[]}","{""state_changing"":[""calendar.delete_event.func(event_id=\""00000047\"")""],""read_only"":[""calendar.search_events.func(time_max=\""2023-12-18 23:59:59\"", time_min=\""2023-12-18 00:00:00\"")""],""unrecognised"":[]}","{""state_changing"":[""calendar.delete_event.func(event_id=\""00000047\"")""],""read_only"":[],""unrecognised"":[]}",,
WorkBench,ollama-gemma4-31b,workbench:calendar:13,calendar,ollama-gemma4-31b_all_2026-10-04_11-42-18,ollama-gemma4-31b_all_2026-10-05_16-12-03,1,1,both_correct,WorkBench/data/results/c0/pilot_en/ollama-gemma4-31b/ollama-gemma4-31b_all_2026-10-04_11-42-18_traces.json#16,WorkBench/data/results/c6/pilot_bn/ollama-gemma4-31b/ollama-gemma4-31b_all_2026-10-05_16-12-03_traces.json#16,"{""state_changing"":[""calendar.update_event.func(event_id=\""00000208\"", field=\""event_name\"", new_value=\""Machine Learning Chat\"")""],""read_only"":[""calendar.search_events.func(time_max=\""2023-12-12 23:59:59\"", time_min=\""2023-12-12 00:00:00\"")""],""unrecognised"":[]}","{""state_changing"":[""calendar.update_event.func(event_id=\""00000208\"", field=\""event_name\"", new_value=\""Machine Learning Chat\"")""],""read_only"":[""calendar.search_events.func(time_max=\""2023-12-12 23:59:59\"", time_min=\""2023-12-12 00:00:00\"")""],""unrecognised"":[]}","{""state_changing"":[""calendar.update_event.func(event_id=\""00000208\"", field=\""event_name\"", new_value=\""Machine Learning Chat\"")""],""read_only"":[],""unrecognised"":[]}",,
WorkBench,ollama-gemma4-31b,workbench:calendar:20,calendar,ollama-gemma4-31b_all_2026-10-04_11-42-18,ollama-gemma4-31b_all_2026-10-05_16-12-03,1,1,both_correct,WorkBench/data/results/c0/pilot_en/ollama-gemma4-31b/ollama-gemma4-31b_all_2026-10-04_11-42-18_traces.json#17,WorkBench/data/results/c6/pilot_bn/ollama-gemma4-31b/ollama-gemma4-31b_all_2026-10-05_16-12-03_traces.json#17,"{""state_changing"":[""calendar.update_event.func(event_id=\""00000109\"", field=\""event_start\"", new_value=\""2023-12-04 12:00:00\"")""],""read_only"":[""calendar.search_events.func(query=\""Kofi\"", time_max=\""2023-12-04 23:59:59\"", time_min=\""2023-12-04 00:00:00\"")""],""unrecognised"":[]}","{""state_changing"":[""calendar.update_event.func(event_id=\""00000109\"", field=\""event_start\"", new_value=\""2023-12-04 12:00:00\"")""],""read_only"":[""calendar.search_events.func(query=\""kofi\"", time_max=\""2023-12-04 23:59:59\"", time_min=\""2023-12-04 00:00:00\"")""],""unrecognised"":[]}","{""state_changing"":[""calendar.update_event.func(event_id=\""00000109\"", field=\""event_start\"", new_value=\""2023-12-04 12:00:00\"")""],""read_only"":[],""unrecognised"":[]}",,
WorkBench,ollama-gemma4-31b,workbench:calendar:38,calendar,ollama-gemma4-31b_all_2026-10-04_11-42-18,ollama-gemma4-31b_all_2026-10-05_16-12-03,1,1,both_correct,WorkBench/data/results/c0/pilot_en/ollama-gemma4-31b/ollama-gemma4-31b_all_2026-10-04_11-42-18_traces.json#18,WorkBench/data/results/c6/pilot_bn/ollama-gemma4-31b/ollama-gemma4-31b_all_2026-10-05_16-12-03_traces.json#18,"{""state_changing"":[""calendar.delete_event.func(event_id=\""00000121\"")""],""read_only"":[""calendar.search_events.func(query=\""Quarterly Sales Review\"", time_min=\""2023-11-30 00:00:00\"")""],""unrecognised"":[]}","{""state_changing"":[""calendar.delete_event.func(event_id=\""00000121\"")""],""read_only"":[""calendar.search_events.func(query=\""Quarterly Sales Review\"")""],""unrecognised"":[]}","{""state_changing"":[""calendar.delete_event.func(event_id=\""00000121\"")""],""read_only"":[],""unrecognised"":[]}",,
WorkBench,ollama-gemma4-31b,workbench:calendar:48,calendar,ollama-gemma4-31b_all_2026-10-04_11-42-18,ollama-gemma4-31b_all_2026-10-05_16-12-03,1,1,both_correct,WorkBench/data/results/c0/pilot_en/ollama-gemma4-31b/ollama-gemma4-31b_all_2026-10-04_11-42-18_traces.json#19,WorkBench/data/results/c6/pilot_bn/ollama-gemma4-31b/ollama-gemma4-31b_all_2026-10-05_16-12-03_traces.json#19,"{""state_changing"":[""calendar.update_event.func(event_id=\""00000237\"", field=\""event_name\"", new_value=\""team orientation\"")""],""read_only"":[""calendar.search_events.func(query=\""project checkpoint meeting\"")"",""calendar.search_events.func(query=\""checkpoint meeting\"")"",""calendar.search_events.func(query=\""project\"")"",""calendar.search_events.func(query=\""checkpoint\"")""],""unrecognised"":[]}","{""state_changing"":[""calendar.update_event.func(event_id=\""00000237\"", field=\""event_name\"", new_value=\""team orientation\"")""],""read_only"":[""calendar.search_events.func(query=\""project checkpoint\"", time_min=\""2023-11-30 00:00:00\"")""],""unrecognised"":[]}","{""state_changing"":[""calendar.update_event.func(event_id=\""00000237\"", field=\""event_name\"", new_value=\""team orientation\"")""],""read_only"":[],""unrecognised"":[]}",,
WorkBench,ollama-gemma4-31b,workbench:calendar:54,calendar,ollama-gemma4-31b_all_2026-10-04_11-42-18,ollama-gemma4-31b_all_2026-10-05_16-12-03,1,1,both_correct,WorkBench/data/results/c0/pilot_en/ollama-gemma4-31b/ollama-gemma4-31b_all_2026-10-04_11-42-18_traces.json#20,WorkBench/data/results/c6/pilot_bn/ollama-gemma4-31b/ollama-gemma4-31b_all_2026-10-05_16-12-03_traces.json#20,"{""state_changing"":[""calendar.delete_event.func(event_id=\""00000200\"")""],""read_only"":[""calendar.search_events.func(query=\""fatima\"", time_min=\""2023-11-30 00:00:00\"")""],""unrecognised"":[]}","{""state_changing"":[""calendar.delete_event.func(event_id=\""00000200\"")""],""read_only"":[""calendar.search_events.func(query=\""fatima\"", time_min=\""2023-11-30 00:00:00\"")""],""unrecognised"":[]}","{""state_changing"":[""calendar.delete_event.func(event_id=\""00000200\"")""],""read_only"":[],""unrecognised"":[]}",,
WorkBench,ollama-gemma4-31b,workbench:calendar:63,calendar,ollama-gemma4-31b_all_2026-10-04_11-42-18,ollama-gemma4-31b_all_2026-10-05_16-12-03,0,1,treat_only,WorkBench/data/results/c0/pilot_en/ollama-gemma4-31b/ollama-gemma4-31b_all_2026-10-04_11-42-18_traces.json#21,WorkBench/data/results/c6/pilot_bn/ollama-gemma4-31b/ollama-gemma4-31b_all_2026-10-05_16-12-03_traces.json#21,"{""state_changing"":[""calendar.create_event.func(duration=\""30\"", event_name=\""catch-up\"", event_start=\""2023-12-01 11:00:00\"", participant_email=\""fatima.khan@atlas.com\"")""],""read_only"":[""company_directory.find_email_address.func(name=\""fatima\"")"",""calendar.search_events.func(query=\""fatima.khan@atlas.com\"", time_min=\""2023-11-21 00:00:00\"")"",""calendar.search_events.func(time_max=\""2023-12-01 18:00:00\"", time_min=\""2023-12-01 09:00:00\"")""],""unrecognised"":[]}","{""state_changing"":[""calendar.create_event.func(duration=\""30\"", event_name=\""catch-up\"", event_start=\""2023-12-01 13:00:00\"", participant_email=\""fatima.khan@atlas.com\"")""],""read_only"":[""company_directory.find_email_address.func(name=\""fatima\"")"",""calendar.search_events.func(query=\""fatima.khan@atlas.com\"", time_min=\""2023-11-21 00:00:00\"")"",""calendar.search_events.func(time_max=\""2023-12-01 18:00:00\"", time_min=\""2023-12-01 09:00:00\"")""],""unrecognised"":[]}","{""state_changing"":[""calendar.create_event.func(event_name=\""catch-up\"", participant_email=\""fatima.khan@atlas.com\"", event_start=\""2023-12-01 13:00:00\"", duration=\""30\"")""],""read_only"":[],""unrecognised"":[]}",,
WorkBench,ollama-gemma4-31b,workbench:calendar:65,calendar,ollama-gemma4-31b_all_2026-10-04_11-42-18,ollama-gemma4-31b_all_2026-10-05_16-12-03,1,1,both_correct,WorkBench/data/results/c0/pilot_en/ollama-gemma4-31b/ollama-gemma4-31b_all_2026-10-04_11-42-18_traces.json#22,WorkBench/data/results/c6/pilot_bn/ollama-gemma4-31b/ollama-gemma4-31b_all_2026-10-05_16-12-03_traces.json#22,"{""state_changing"":[],""read_only"":[""company_directory.find_email_address.func(name=\""sofia\"")"",""calendar.search_events.func(query=\""sofia.santos@atlas.com\"", time_min=\""2023-11-22 00:00:00\"")""],""unrecognised"":[]}","{""state_changing"":[],""read_only"":[""company_directory.find_email_address.func(name=\""sofia\"")"",""calendar.search_events.func(query=\""sofia.santos@atlas.com\"", time_min=\""2023-11-22 00:00:00\"")""],""unrecognised"":[]}","{""state_changing"":[],""read_only"":[],""unrecognised"":[]}",,
WorkBench,ollama-gemma4-31b,workbench:calendar:79,calendar,ollama-gemma4-31b_all_2026-10-04_11-42-18,ollama-gemma4-31b_all_2026-10-05_16-12-03,0,0,both_wrong,WorkBench/data/results/c0/pilot_en/ollama-gemma4-31b/ollama-gemma4-31b_all_2026-10-04_11-42-18_traces.json#23,WorkBench/data/results/c6/pilot_bn/ollama-gemma4-31b/ollama-gemma4-31b_all_2026-10-05_16-12-03_traces.json#23,"{""state_changing"":[""calendar.delete_event.func(event_id=\""00000112\"")""],""read_only"":[""calendar.search_events.func(time_max=\""2023-12-01 00:00:00\"", time_min=\""2023-11-29 13:30:00\"")""],""unrecognised"":[]}","{""state_changing"":[""calendar.delete_event.func(event_id=\""00000090\"")"",""calendar.delete_event.func(event_id=\""00000112\"")""],""read_only"":[""calendar.search_events.func(time_min=\""2023-11-29 13:30:00\"", time_max=\""2023-11-29 23:59:59\"")""],""unrecognised"":[]}","{""state_changing"":[""calendar.delete_event.func(event_id=\""00000242\"")""],""read_only"":[],""unrecognised"":[]}",,
WorkBench,ollama-gemma4-31b,workbench:calendar:84,calendar,ollama-gemma4-31b_all_2026-10-04_11-42-18,ollama-gemma4-31b_all_2026-10-05_16-12-03,1,1,both_correct,WorkBench/data/results/c0/pilot_en/ollama-gemma4-31b/ollama-gemma4-31b_all_2026-10-04_11-42-18_traces.json#24,WorkBench/data/results/c6/pilot_bn/ollama-gemma4-31b/ollama-gemma4-31b_all_2026-10-05_16-12-03_traces.json#24,"{""state_changing"":[""calendar.delete_event.func(event_id=\""00000165\"")"",""calendar.delete_event.func(event_id=\""00000287\"")"",""calendar.delete_event.func(event_id=\""00000121\"")"",""calendar.delete_event.func(event_id=\""00000131\"")""],""read_only"":[""company_directory.find_email_address.func(name=\""olga\"")"",""calendar.search_events.func(query=\""olga.petrova@atlas.com\"", time_min=\""2023-11-30 00:00:00\"")""],""unrecognised"":[]}","{""state_changing"":[""calendar.delete_event.func(event_id=\""00000165\"")"",""calendar.delete_event.func(event_id=\""00000287\"")"",""calendar.delete_event.func(event_id=\""00000121\"")"",""calendar.delete_event.func(event_id=\""00000131\"")""],""read_only"":[""company_directory.find_email_address.func(name=\""olga\"")"",""calendar.search_events.func(query=\""olga.petrova@atlas.com\"", time_min=\""2023-11-30 00:00:00\"")""],""unrecognised"":[]}","{""state_changing"":[""calendar.delete_event.func(event_id=\""00000165\"")"",""calendar.delete_event.func(event_id=\""00000287\"")"",""calendar.delete_event.func(event_id=\""00000121\"")"",""calendar.delete_event.func(event_id=\""00000131\"")""],""read_only"":[],""unrecognised"":[]}",,
WorkBench,ollama-gemma4-31b,workbench:calendar:88,calendar,ollama-gemma4-31b_all_2026-10-04_11-42-18,ollama-gemma4-31b_all_2026-10-05_16-12-03,1,1,both_correct,WorkBench/data/results/c0/pilot_en/ollama-gemma4-31b/ollama-gemma4-31b_all_2026-10-04_11-42-18_traces.json#25,WorkBench/data/results/c6/pilot_bn/ollama-gemma4-31b/ollama-gemma4-31b_all_2026-10-05_16-12-03_traces.json#25,"{""state_changing"":[""calendar.delete_event.func(event_id=\""00000253\"")"",""calendar.delete_event.func(event_id=\""00000109\"")"",""calendar.delete_event.func(event_id=\""00000086\"")""],""read_only"":[""company_directory.find_email_address.func(name=\""kofi\"")"",""calendar.search_events.func(query=\""kofi.mensah@atlas.com\"", time_min=\""2023-11-30 00:00:00\"")""],""unrecognised"":[]}","{""state_changing"":[""calendar.delete_event.func(event_id=\""00000253\"")"",""calendar.delete_event.func(event_id=\""00000109\"")"",""calendar.delete_event.func(event_id=\""00000086\"")""],""read_only"":[""company_directory.find_email_address.func(name=\""kofi\"")"",""calendar.search_events.func(query=\""kofi.mensah@atlas.com\"", time_min=\""2023-11-30 00:00:00\"")""],""unrecognised"":[]}","{""state_changing"":[""calendar.delete_event.func(event_id=\""00000253\"")"",""calendar.delete_event.func(event_id=\""00000109\"")"",""calendar.delete_event.func(event_id=\""00000086\"")""],""read_only"":[],""unrecognised"":[]}",,
WorkBench,ollama-gemma4-31b,workbench:calendar:90,calendar,ollama-gemma4-31b_all_2026-10-04_11-42-18,ollama-gemma4-31b_all_2026-10-05_16-12-03,1,1,both_correct,WorkBench/data/results/c0/pilot_en/ollama-gemma4-31b/ollama-gemma4-31b_all_2026-10-04_11-42-18_traces.json#26,WorkBench/data/results/c6/pilot_bn/ollama-gemma4-31b/ollama-gemma4-31b_all_2026-10-05_16-12-03_traces.json#26,"{""state_changing"":[""calendar.delete_event.func(event_id=\""00000170\"")""],""read_only"":[""calendar.search_events.func(query=\""board of directors conclave\"", time_min=\""2023-11-30 00:00:00\"")""],""unrecognised"":[]}","{""state_changing"":[""calendar.delete_event.func(event_id=\""00000170\"")""],""read_only"":[""calendar.search_events.func(query=\""board of directors conclave\"", time_min=\""2023-11-30 00:00:00\"")""],""unrecognised"":[]}","{""state_changing"":[""calendar.delete_event.func(event_id=\""00000170\"")""],""read_only"":[],""unrecognised"":[]}",,
WorkBench,ollama-gemma4-31b,workbench:calendar:95,calendar,ollama-gemma4-31b_all_2026-10-04_11-42-18,ollama-gemma4-31b_all_2026-10-05_16-12-03,1,1,both_correct,WorkBench/data/results/c0/pilot_en/ollama-gemma4-31b/ollama-gemma4-31b_all_2026-10-04_11-42-18_traces.json#27,WorkBench/data/results/c6/pilot_bn/ollama-gemma4-31b/ollama-gemma4-31b_all_2026-10-05_16-12-03_traces.json#27,"{""state_changing"":[""calendar.delete_event.func(event_id=\""00000016\"")""],""read_only"":[""calendar.search_events.func(query=\""sync up\"", time_min=\""2023-11-30 00:00:00\"")""],""unrecognised"":[]}","{""state_changing"":[""calendar.delete_event.func(event_id=\""00000016\"")""],""read_only"":[""calendar.search_events.func(query=\""sync up\"", time_min=\""2023-11-30 00:00:00\"")""],""unrecognised"":[]}","{""state_changing"":[""calendar.delete_event.func(event_id=\""00000016\"")""],""read_only"":[],""unrecognised"":[]}",,
WorkBench,ollama-gemma4-31b,workbench:calendar:104,calendar,ollama-gemma4-31b_all_2026-10-04_11-42-18,ollama-gemma4-31b_all_2026-10-05_16-12-03,1,1,both_correct,WorkBench/data/results/c0/pilot_en/ollama-gemma4-31b/ollama-gemma4-31b_all_2026-10-04_11-42-18_traces.json#28,WorkBench/data/results/c6/pilot_bn/ollama-gemma4-31b/ollama-gemma4-31b_all_2026-10-05_16-12-03_traces.json#28,"{""state_changing"":[""calendar.create_event.func(duration=\""120\"", event_name=\""Board of Directors Conclave\"", event_start=\""2023-12-04 13:30:00\"", participant_email=\""fatima.khan@atlas.com\"")""],""read_only"":[""company_directory.find_email_address.func(name=\""fatima\"")""],""unrecognised"":[]}","{""state_changing"":[""calendar.create_event.func(duration=\""120\"", event_name=\""Board of Directors Conclave\"", event_start=\""2023-12-04 13:30:00\"", participant_email=\""fatima.khan@atlas.com\"")""],""read_only"":[""company_directory.find_email_address.func(name=\""fatima\"")""],""unrecognised"":[]}","{""state_changing"":[""calendar.create_event.func(event_name=\""Board of Directors Conclave\"", participant_email=\""fatima.khan@atlas.com\"", event_start=\""2023-12-04 13:30:00\"", duration=\""120\"")""],""read_only"":[],""unrecognised"":[]}",,
WorkBench,ollama-gemma4-31b,workbench:calendar:105,calendar,ollama-gemma4-31b_all_2026-10-04_11-42-18,ollama-gemma4-31b_all_2026-10-05_16-12-03,1,1,both_correct,WorkBench/data/results/c0/pilot_en/ollama-gemma4-31b/ollama-gemma4-31b_all_2026-10-04_11-42-18_traces.json#29,WorkBench/data/results/c6/pilot_bn/ollama-gemma4-31b/ollama-gemma4-31b_all_2026-10-05_16-12-03_traces.json#29,"{""state_changing"":[""calendar.create_event.func(duration=\""30\"", event_name=\""Digital Transformation Conference\"", event_start=\""2023-12-20 10:00:00\"", participant_email=\""yuki.tanaka@atlas.com\"")""],""read_only"":[""company_directory.find_email_address.func(name=\""yuki\"")""],""unrecognised"":[]}","{""state_changing"":[""calendar.create_event.func(duration=\""30\"", event_name=\""Digital Transformation Conference\"", event_start=\""2023-12-20 10:00:00\"", participant_email=\""yuki.tanaka@atlas.com\"")""],""read_only"":[""company_directory.find_email_address.func(name=\""yuki\"")""],""unrecognised"":[]}","{""state_changing"":[""calendar.create_event.func(event_name=\""Digital Transformation Conference\"", participant_email=\""yuki.tanaka@atlas.com\"", event_start=\""2023-12-20 10:00:00\"", duration=\""30\"")""],""read_only"":[],""unrecognised"":[]}",,
WorkBench,ollama-gemma4-31b,workbench:customer_relationship_manager:2,customer_relationship_manager,ollama-gemma4-31b_all_2026-10-04_11-42-18,ollama-gemma4-31b_all_2026-10-05_16-12-03,1,1,both_correct,WorkBench/data/results/c0/pilot_en/ollama-gemma4-31b/ollama-gemma4-31b_all_2026-10-04_11-42-18_traces.json#30,WorkBench/data/results/c6/pilot_bn/ollama-gemma4-31b/ollama-gemma4-31b_all_2026-10-05_16-12-03_traces.json#30,"{""state_changing"":[""customer_relationship_manager.update_customer.func(customer_id=\""00000149\"", field=\""status\"", new_value=\""Won\"")""],""read_only"":[""customer_relationship_manager.search_customers.func(customer_name=\""Jessie Thomas\"")""],""unrecognised"":[]}","{""state_changing"":[""customer_relationship_manager.update_customer.func(customer_id=\""00000149\"", field=\""status\"", new_value=\""Won\"")""],""read_only"":[""customer_relationship_manager.search_customers.func(customer_name=\""Jessie Thomas\"")""],""unrecognised"":[]}","{""state_changing"":[""customer_relationship_manager.update_customer.func(customer_id=\""00000149\"", field=\""status\"", new_value=\""Won\"")""],""read_only"":[],""unrecognised"":[]}",,
WorkBench,ollama-gemma4-31b,workbench:customer_relationship_manager:13,customer_relationship_manager,ollama-gemma4-31b_all_2026-10-04_11-42-18,ollama-gemma4-31b_all_2026-10-05_16-12-03,1,1,both_correct,WorkBench/data/results/c0/pilot_en/ollama-gemma4-31b/ollama-gemma4-31b_all_2026-10-04_11-42-18_traces.json#31,WorkBench/data/results/c6/pilot_bn/ollama-gemma4-31b/ollama-gemma4-31b_all_2026-10-05_16-12-03_traces.json#31,"{""state_changing"":[""customer_relationship_manager.delete_customer.func(customer_id=\""00000073\"")""],""read_only"":[""customer_relationship_manager.search_customers.func(customer_name=\""Rahul Moore\"")""],""unrecognised"":[]}","{""state_changing"":[""customer_relationship_manager.delete_customer.func(customer_id=\""00000073\"")""],""read_only"":[""customer_relationship_manager.search_customers.func(customer_name=\""Rahul Moore\"")""],""unrecognised"":[]}","{""state_changing"":[""customer_relationship_manager.delete_customer.func(customer_id=\""00000073\"")""],""read_only"":[],""unrecognised"":[]}",,
WorkBench,ollama-gemma4-31b,workbench:customer_relationship_manager:19,customer_relationship_manager,ollama-gemma4-31b_all_2026-10-04_11-42-18,ollama-gemma4-31b_all_2026-10-05_16-12-03,1,1,both_correct,WorkBench/data/results/c0/pilot_en/ollama-gemma4-31b/ollama-gemma4-31b_all_2026-10-04_11-42-18_traces.json#32,WorkBench/data/results/c6/pilot_bn/ollama-gemma4-31b/ollama-gemma4-31b_all_2026-10-05_16-12-03_traces.json#32,"{""state_changing"":[""customer_relationship_manager.delete_customer.func(customer_id=\""00000052\"")""],""read_only"":[""customer_relationship_manager.search_customers.func(customer_name=\""Jaden White\"")""],""unrecognised"":[]}","{""state_changing"":[""customer_relationship_manager.delete_customer.func(customer_id=\""00000052\"")""],""read_only"":[""customer_relationship_manager.search_customers.func(customer_name=\""Jaden White\"")""],""unrecognised"":[]}","{""state_changing"":[""customer_relationship_manager.delete_customer.func(customer_id=\""00000052\"")""],""read_only"":[],""unrecognised"":[]}",,
WorkBench,ollama-gemma4-31b,workbench:customer_relationship_manager:20,customer_relationship_manager,ollama-gemma4-31b_all_2026-10-04_11-42-18,ollama-gemma4-31b_all_2026-10-05_16-12-03,1,1,both_correct,WorkBench/data/results/c0/pilot_en/ollama-gemma4-31b/ollama-gemma4-31b_all_2026-10-04_11-42-18_traces.json#33,WorkBench/data/results/c6/pilot_bn/ollama-gemma4-31b/ollama-gemma4-31b_all_2026-10-05_16-12-03_traces.json#33,"{""state_changing"":[""customer_relationship_manager.add_customer.func(assigned_to_email=\""nadia.moreau@atlas.com\"", customer_name=\""Morgan Wilson\"", status=\""Lead\"")""],""read_only"":[""company_directory.find_email_address.func(name=\""Nadia\"")""],""unrecognised"":[]}","{""state_changing"":[""customer_relationship_manager.add_customer.func(assigned_to_email=\""nadia.moreau@atlas.com\"", customer_name=\""Morgan Wilson\"", status=\""Lead\"")""],""read_only"":[""company_directory.find_email_address.func(name=\""Nadia\"")""],""unrecognised"":[]}","{""state_changing"":[""customer_relationship_manager.add_customer.func(customer_name=\""Morgan Wilson\"", assigned_to_email=\""nadia.moreau@atlas.com\"", status=\""Lead\"")""],""read_only"":[],""unrecognised"":[]}",,
WorkBench,ollama-gemma4-31b,workbench:customer_relationship_manager:22,customer_relationship_manager,ollama-gemma4-31b_all_2026-10-04_11-42-18,ollama-gemma4-31b_all_2026-10-05_16-12-03,1,1,both_correct,WorkBench/data/results/c0/pilot_en/ollama-gemma4-31b/ollama-gemma4-31b_all_2026-10-04_11-42-18_traces.json#34,WorkBench/data/results/c6/pilot_bn/ollama-gemma4-31b/ollama-gemma4-31b_all_2026-10-05_16-12-03_traces.json#34,"{""state_changing"":[""customer_relationship_manager.add_customer.func(assigned_to_email=\""akira.sato@atlas.com\"", customer_name=\""Jordan Moore\"", status=\""Lead\"")""],""read_only"":[""company_directory.find_email_address.func(name=\""Akira\"")""],""unrecognised"":[]}","{""state_changing"":[""customer_relationship_manager.add_customer.func(assigned_to_email=\""akira.sato@atlas.com\"", customer_name=\""Jordan Moore\"", status=\""Lead\"")""],""read_only"":[""company_directory.find_email_address.func(name=\""Akira\"")""],""unrecognised"":[]}","{""state_changing"":[""customer_relationship_manager.add_customer.func(customer_name=\""Jordan Moore\"", assigned_to_email=\""akira.sato@atlas.com\"", status=\""Lead\"")""],""read_only"":[],""unrecognised"":[]}",,
WorkBench,ollama-gemma4-31b,workbench:customer_relationship_manager:32,customer_relationship_manager,ollama-gemma4-31b_all_2026-10-04_11-42-18,ollama-gemma4-31b_all_2026-10-05_16-12-03,1,1,both_correct,WorkBench/data/results/c0/pilot_en/ollama-gemma4-31b/ollama-gemma4-31b_all_2026-10-04_11-42-18_traces.json#35,WorkBench/data/results/c6/pilot_bn/ollama-gemma4-31b/ollama-gemma4-31b_all_2026-10-05_16-12-03_traces.json#35,"{""state_changing"":[],""read_only"":[""company_directory.find_email_address.func(name=\""Raj\"")"",""company_directory.find_email_address.func(name=\""Alex Jackson\"")"",""customer_relationship_manager.search_customers.func(assigned_to_email=\""alex.jackson@atlas.com\"")"",""company_directory.find_email_address.func(name=\""Alex\"")"",""customer_relationship_manager.search_customers.func(assigned_to_email=\""alex.jackson@example.com\"")"",""company_directory.find_email_address.func(name=\""Jackson\"")"",""customer_relationship_manager.search_customers.func()"",""email.search_emails.func(query=\""Alex Jackson\"")"",""company_directory.find_email_address.func(name=\""Alex Jackson\"")"",""company_directory.find_email_address.func(name=\""Raj\"")"",""customer_relationship_manager.search_customers.func(assigned_to_email=\""alex.jackson@atlas.com\"")"",""customer_relationship_manager.search_customers.func(assigned_to_email=\""ajackson@atlas.com\"")"",""customer_relationship_manager.search_customers.func(assigned_to_email=\""alex@atlas.com\"")"",""email.search_emails.func(query=\""Alex\"")"",""customer_relationship_manager.search_customers.func(status=\""Lead\"")"",""customer_relationship_manager.search_customers.func(status=\""Qualified\"")"",""customer_relationship_manager.search_customers.func(status=\""Proposal\"")"",""customer_relationship_manager.search_customers.func(status=\""Won\"")"",""customer_relationship_manager.search_customers.func(status=\""Lost\"")"",""email.search_emails.func(query=\""Alex Jackson\"")"",""email.search_emails.func(query=\""Alex\"")"",""email.search_emails.func(query=\""Jackson\"")""],""unrecognised"":[]}","{""state_changing"":[],""read_only"":[""company_directory.find_email_address.func(name=\""Alex Jackson\"")"",""company_directory.find_email_address.func(name=\""Raj\"")"",""company_directory.find_email_address.func(name=\""Alex\"")"",""customer_relationship_manager.search_customers.func(assigned_to_email=\""alex.jackson@atlas.com\"")"",""customer_relationship_manager.search_customers.func(assigned_to_email=\""alex@atlas.com\"")"",""customer_relationship_manager.search_customers.func(assigned_to_email=\""alex.jackson@example.com\"")"",""customer_relationship_manager.search_customers.func(assigned_to_email=\""alex.jackson@gmail.com\"")""],""unrecognised"":[]}","{""state_changing"":[""customer_relationship_manager.update_customer.func(customer_id=\""00000038\"", field=\""assigned_to_email\"", new_value=\""raj.patel@atlas.com\"")""],""read_only"":[],""unrecognised"":[]}",,
WorkBench,ollama-gemma4-31b,workbench:customer_relationship_manager:38,customer_relationship_manager,ollama-gemma4-31b_all_2026-10-04_11-42-18,ollama-gemma4-31b_all_2026-10-05_16-12-03,1,1,both_correct,WorkBench/data/results/c0/pilot_en/ollama-gemma4-31b/ollama-gemma4-31b_all_2026-10-04_11-42-18_traces.json#36,WorkBench/data/results/c6/pilot_bn/ollama-gemma4-31b/ollama-gemma4-31b_all_2026-10-05_16-12-03_traces.json#36,"{""state_changing"":[""customer_relationship_manager.update_customer.func(customer_id=\""00000189\"", field=\""assigned_to_email\"", new_value=\""raj.patel@atlas.com\"")""],""read_only"":[""company_directory.find_email_address.func(name=\""Raj\"")"",""customer_relationship_manager.search_customers.func(customer_name=\""Taylor Jackson\"")""],""unrecognised"":[]}","{""state_changing"":[""customer_relationship_manager.update_customer.func(customer_id=\""00000189\"", field=\""assigned_to_email\"", new_value=\""raj.patel@atlas.com\"")""],""read_only"":[""company_directory.find_email_address.func(name=\""Taylor Jackson\"")"",""company_directory.find_email_address.func(name=\""Raj\"")"",""customer_relationship_manager.search_customers.func(assigned_to_email=\""taylor.jackson@atlas.com\"")"",""customer_relationship_manager.search_customers.func(customer_name=\""Taylor Jackson\"")""],""unrecognised"":[]}","{""state_changing"":[""customer_relationship_manager.update_customer.func(customer_id=\""00000189\"", field=\""assigned_to_email\"", new_value=\""raj.patel@atlas.com\"")""],""read_only"":[],""unrecognised"":[]}",,
WorkBench,ollama-gemma4-31b,workbench:customer_relationship_manager:42,customer_relationship_manager,ollama-gemma4-31b_all_2026-10-04_11-42-18,ollama-gemma4-31b_all_2026-10-05_16-12-03,0,1,treat_only,WorkBench/data/results/c0/pilot_en/ollama-gemma4-31b/ollama-gemma4-31b_all_2026-10-04_11-42-18_traces.json#37,WorkBench/data/results/c6/pilot_bn/ollama-gemma4-31b/ollama-gemma4-31b_all_2026-10-05_16-12-03_traces.json#37,"{""state_changing"":[""customer_relationship_manager.update_customer.func(customer_id=\""00000186\"", field=\""assigned_to_email\"", new_value=\""lena.schmidt@atlas.com\"")"",""customer_relationship_manager.update_customer.func(customer_id=\""00000090\"", field=\""assigned_to_email\"", new_value=\""lena.schmidt@atlas.com\"")"",""customer_relationship_manager.update_customer.func(customer_id=\""00000140\"", field=\""assigned_to_email\"", new_value=\""lena.schmidt@atlas.com\"")"",""customer_relationship_manager.update_customer.func(customer_id=\""00000111\"", field=\""assigned_to_email\"", new_value=\""lena.schmidt@atlas.com\"")"",""customer_relationship_manager.update_customer.func(customer_id=\""00000002\"", field=\""assigned_to_email\"", new_value=\""lena.schmidt@atlas.com\"")""],""read_only"":[""company_directory.find_email_address.func(name=\""Nadia\"")"",""company_directory.find_email_address.func(name=\""Lena\"")"",""customer_relationship_manager.search_customers.func(assigned_to_email=\""nadia.moreau@atlas.com\"", product_interest=\""Training\"", status=\""Lead\"")"",""customer_relationship_manager.search_customers.func(assigned_to_email=\""nadia.moreau@atlas.com\"", product_interest=\""Training\"")""],""unrecognised"":[]}","{""state_changing"":[],""read_only"":[""company_directory.find_email_address.func(name=\""Nadia\"")"",""company_directory.find_email_address.func(name=\""Lena\"")"",""customer_relationship_manager.search_customers.func(assigned_to_email=\""nadia.moreau@atlas.com\"", product_interest=\""Training\"", status=\""Lead\"")"",""customer_relationship_manager.search_customers.func(assigned_to_email=\""nadia.moreau@atlas.com\"", product_interest=\""Training\"")""],""unrecognised"":[]}","{""state_changing"":[],""read_only"":[],""unrecognised"":[]}",,
WorkBench,ollama-gemma4-31b,workbench:customer_relationship_manager:46,customer_relationship_manager,ollama-gemma4-31b_all_2026-10-04_11-42-18,ollama-gemma4-31b_all_2026-10-05_16-12-03,0,1,treat_only,WorkBench/data/results/c0/pilot_en/ollama-gemma4-31b/ollama-gemma4-31b_all_2026-10-04_11-42-18_traces.json#38,WorkBench/data/results/c6/pilot_bn/ollama-gemma4-31b/ollama-gemma4-31b_all_2026-10-05_16-12-03_traces.json#38,"{""state_changing"":[""customer_relationship_manager.update_customer.func(customer_id=\""00000187\"", field=\""assigned_to_email\"", new_value=\""akira.sato@atlas.com\"")"",""customer_relationship_manager.update_customer.func(customer_id=\""00000165\"", field=\""assigned_to_email\"", new_value=\""akira.sato@atlas.com\"")"",""customer_relationship_manager.update_customer.func(customer_id=\""00000180\"", field=\""assigned_to_email\"", new_value=\""akira.sato@atlas.com\"")"",""customer_relationship_manager.update_customer.func(customer_id=\""00000017\"", field=\""assigned_to_email\"", new_value=\""akira.sato@atlas.com\"")"",""customer_relationship_manager.update_customer.func(customer_id=\""00000066\"", field=\""assigned_to_email\"", new_value=\""akira.sato@atlas.com\"")""],""read_only"":[""company_directory.find_email_address.func(name=\""Akira\"")"",""company_directory.find_email_address.func(name=\""Lena\"")"",""customer_relationship_manager.search_customers.func(assigned_to_email=\""lena.schmidt@atlas.com\"", product_interest=\""Hardware\"")""],""unrecognised"":[]}","{""state_changing"":[""customer_relationship_manager.update_customer.func(customer_id=\""00000187\"", field=\""assigned_to_email\"", new_value=\""akira.sato@atlas.com\"")"",""customer_relationship_manager.update_customer.func(customer_id=\""00000180\"", field=\""assigned_to_email\"", new_value=\""akira.sato@atlas.com\"")"",""customer_relationship_manager.update_customer.func(customer_id=\""00000017\"", field=\""assigned_to_email\"", new_value=\""akira.sato@atlas.com\"")"",""customer_relationship_manager.update_customer.func(customer_id=\""00000015\"", field=\""assigned_to_email\"", new_value=\""akira.sato@atlas.com\"")""],""read_only"":[""company_directory.find_email_address.func(name=\""Lena\"")"",""company_directory.find_email_address.func(name=\""Akira\"")"",""customer_relationship_manager.search_customers.func(assigned_to_email=\""lena.schmidt@atlas.com\"", product_interest=\""Hardware\"", status=\""Lead\"")""],""unrecognised"":[]}","{""state_changing"":[""customer_relationship_manager.update_customer.func(customer_id=\""00000187\"", field=\""assigned_to_email\"", new_value=\""akira.sato@atlas.com\"")"",""customer_relationship_manager.update_customer.func(customer_id=\""00000180\"", field=\""assigned_to_email\"", new_value=\""akira.sato@atlas.com\"")"",""customer_relationship_manager.update_customer.func(customer_id=\""00000017\"", field=\""assigned_to_email\"", new_value=\""akira.sato@atlas.com\"")"",""customer_relationship_manager.update_customer.func(customer_id=\""00000015\"", field=\""assigned_to_email\"", new_value=\""akira.sato@atlas.com\"")""],""read_only"":[],""unrecognised"":[]}",,
WorkBench,ollama-gemma4-31b,workbench:customer_relationship_manager:53,customer_relationship_manager,ollama-gemma4-31b_all_2026-10-04_11-42-18,ollama-gemma4-31b_all_2026-10-05_16-12-03,1,1,both_correct,WorkBench/data/results/c0/pilot_en/ollama-gemma4-31b/ollama-gemma4-31b_all_2026-10-04_11-42-18_traces.json#39,WorkBench/data/results/c6/pilot_bn/ollama-gemma4-31b/ollama-gemma4-31b_all_2026-10-05_16-12-03_traces.json#39,"{""state_changing"":[""customer_relationship_manager.update_customer.func(customer_id=\""00000042\"", field=\""assigned_to_email\"", new_value=\""nadia.moreau@atlas.com\"")"",""customer_relationship_manager.update_customer.func(customer_id=\""00000184\"", field=\""assigned_to_email\"", new_value=\""nadia.moreau@atlas.com\"")"",""customer_relationship_manager.update_customer.func(customer_id=\""00000120\"", field=\""assigned_to_email\"", new_value=\""nadia.moreau@atlas.com\"")""],""read_only"":[""company_directory.find_email_address.func(name=\""Sofia\"")"",""company_directory.find_email_address.func(name=\""Nadia\"")"",""customer_relationship_manager.search_customers.func(assigned_to_email=\""sofia.santos@atlas.com\"", product_interest=\""Training\"", status=\""Qualified\"")"",""customer_relationship_manager.search_customers.func(assigned_to_email=\""sofia.santos@atlas.com\"", product_interest=\""Training\"", status=\""Proposal\"")""],""unrecognised"":[]}","{""state_changing"":[""customer_relationship_manager.update_customer.func(customer_id=\""00000042\"", field=\""assigned_to_email\"", new_value=\""nadia.moreau@atlas.com\"")"",""customer_relationship_manager.update_customer.func(customer_id=\""00000184\"", field=\""assigned_to_email\"", new_value=\""nadia.moreau@atlas.com\"")"",""customer_relationship_manager.update_customer.func(customer_id=\""00000120\"", field=\""assigned_to_email\"", new_value=\""nadia.moreau@atlas.com\"")""],""read_only"":[""company_directory.find_email_address.func(name=\""Sofia\"")"",""company_directory.find_email_address.func(name=\""Nadia\"")"",""customer_relationship_manager.search_customers.func(assigned_to_email=\""sofia.santos@atlas.com\"", product_interest=\""Training\"", status=\""Qualified\"")"",""customer_relationship_manager.search_customers.func(assigned_to_email=\""sofia.santos@atlas.com\"", product_interest=\""Training\"", status=\""Proposal\"")""],""unrecognised"":[]}","{""state_changing"":[""customer_relationship_manager.update_customer.func(customer_id=\""00000120\"", field=\""assigned_to_email\"", new_value=\""nadia.moreau@atlas.com\"")"",""customer_relationship_manager.update_customer.func(customer_id=\""00000042\"", field=\""assigned_to_email\"", new_value=\""nadia.moreau@atlas.com\"")"",""customer_relationship_manager.update_customer.func(customer_id=\""00000184\"", field=\""assigned_to_email\"", new_value=\""nadia.moreau@atlas.com\"")""],""read_only"":[],""unrecognised"":[]}",,
WorkBench,ollama-gemma4-31b,workbench:customer_relationship_manager:57,customer_relationship_manager,ollama-gemma4-31b_all_2026-10-04_11-42-18,ollama-gemma4-31b_all_2026-10-05_16-12-03,0,1,treat_only,WorkBench/data/results/c0/pilot_en/ollama-gemma4-31b/ollama-gemma4-31b_all_2026-10-04_11-42-18_traces.json#40,WorkBench/data/results/c6/pilot_bn/ollama-gemma4-31b/ollama-gemma4-31b_all_2026-10-05_16-12-03_traces.json#40,"{""state_changing"":[""email.send_email.func(body=\""Hi Akira,\\n\\nHere are the customers assigned to Nadia who are interested in hardware and are either qualified or in the proposal stage:\\n\\n1. Taylor Thomas (Qualified) - taylor.thomas@solarmindlabs\\n2. Jessie Garcia (Proposal) - jessie.garcia@aerobiotech\\n3. Taylor Jones (Proposal) - taylor.jones@scopesystems\\n4. Jamie Miller (Proposal) - jamie.miller@accesscloud\\n\\nBest,\\n[Your Name]\"", recipient=\""akira.sato@atlas.com\"", subject=\""Nadia's Hardware Customers (Qualified/Proposal)\"")""],""read_only"":[""company_directory.find_email_address.func(name=\""Akira\"")"",""company_directory.find_email_address.func(name=\""Nadia\"")"",""customer_relationship_manager.search_customers.func(assigned_to_email=\""nadia.moreau@atlas.com\"", product_interest=\""Hardware\"", status=\""Qualified\"")"",""customer_relationship_manager.search_customers.func(assigned_to_email=\""nadia.moreau@atlas.com\"", product_interest=\""Hardware\"", status=\""Proposal\"")""],""unrecognised"":[]}","{""state_changing"":[""customer_relationship_manager.update_customer.func(customer_id=\""00000138\"", field=\""assigned_to_email\"", new_value=\""akira.sato@atlas.com\"")"",""customer_relationship_manager.update_customer.func(customer_id=\""00000037\"", field=\""assigned_to_email\"", new_value=\""akira.sato@atlas.com\"")"",""customer_relationship_manager.update_customer.func(customer_id=\""00000195\"", field=\""assigned_to_email\"", new_value=\""akira.sato@atlas.com\"")"",""customer_relationship_manager.update_customer.func(customer_id=\""00000132\"", field=\""assigned_to_email\"", new_value=\""akira.sato@atlas.com\"")""],""read_only"":[""company_directory.find_email_address.func(name=\""Nadia\"")"",""company_directory.find_email_address.func(name=\""Akira\"")"",""customer_relationship_manager.search_customers.func(assigned_to_email=\""nadia.moreau@atlas.com\"", product_interest=\""Hardware\"", status=\""Qualified\"")"",""customer_relationship_manager.search_customers.func(assigned_to_email=\""nadia.moreau@atlas.com\"", product_interest=\""Hardware\"", status=\""Proposal\"")""],""unrecognised"":[]}","{""state_changing"":[""customer_relationship_manager.update_customer.func(customer_id=\""00000037\"", field=\""assigned_to_email\"", new_value=\""akira.sato@atlas.com\"")"",""customer_relationship_manager.update_customer.func(customer_id=\""00000195\"", field=\""assigned_to_email\"", new_value=\""akira.sato@atlas.com\"")"",""customer_relationship_manager.update_customer.func(customer_id=\""00000138\"", field=\""assigned_to_email\"", new_value=\""akira.sato@atlas.com\"")"",""customer_relationship_manager.update_customer.func(customer_id=\""00000132\"", field=\""assigned_to_email\"", new_value=\""akira.sato@atlas.com\"")""],""read_only"":[],""unrecognised"":[]}",,
WorkBench,ollama-gemma4-31b,workbench:customer_relationship_manager:60,customer_relationship_manager,ollama-gemma4-31b_all_2026-10-04_11-42-18,ollama-gemma4-31b_all_2026-10-05_16-12-03,1,1,both_correct,WorkBench/data/results/c0/pilot_en/ollama-gemma4-31b/ollama-gemma4-31b_all_2026-10-04_11-42-18_traces.json#41,WorkBench/data/results/c6/pilot_bn/ollama-gemma4-31b/ollama-gemma4-31b_all_2026-10-05_16-12-03_traces.json#41,"{""state_changing"":[""customer_relationship_manager.delete_customer.func(customer_id=\""00000048\"")""],""read_only"":[""company_directory.find_email_address.func(name=\""Sofia\"")"",""customer_relationship_manager.search_customers.func(assigned_to_email=\""sofia.santos@atlas.com\"", product_interest=\""Services\"", status=\""Won\"")""],""unrecognised"":[]}","{""state_changing"":[""customer_relationship_manager.delete_customer.func(customer_id=\""00000048\"")""],""read_only"":[""company_directory.find_email_address.func(name=\""Sofia\"")"",""customer_relationship_manager.search_customers.func(assigned_to_email=\""sofia.santos@atlas.com\"", product_interest=\""Services\"", status=\""Won\"")""],""unrecognised"":[]}","{""state_changing"":[""customer_relationship_manager.delete_customer.func(customer_id=\""00000048\"")""],""read_only"":[],""unrecognised"":[]}",,
WorkBench,ollama-gemma4-31b,workbench:customer_relationship_manager:66,customer_relationship_manager,ollama-gemma4-31b_all_2026-10-04_11-42-18,ollama-gemma4-31b_all_2026-10-05_16-12-03,1,1,both_correct,WorkBench/data/results/c0/pilot_en/ollama-gemma4-31b/ollama-gemma4-31b_all_2026-10-04_11-42-18_traces.json#42,WorkBench/data/results/c6/pilot_bn/ollama-gemma4-31b/ollama-gemma4-31b_all_2026-10-05_16-12-03_traces.json#42,"{""state_changing"":[],""read_only"":[""company_directory.find_email_address.func(name=\""Nadia\"")"",""customer_relationship_manager.search_customers.func(assigned_to_email=\""nadia.moreau@atlas.com\"", product_interest=\""Training\"", status=\""Qualified\"")""],""unrecognised"":[]}","{""state_changing"":[],""read_only"":[""company_directory.find_email_address.func(name=\""Nadia\"")"",""customer_relationship_manager.search_customers.func(assigned_to_email=\""nadia.moreau@atlas.com\"", product_interest=\""Training\"", status=\""Qualified\"")""],""unrecognised"":[]}","{""state_changing"":[],""read_only"":[],""unrecognised"":[]}",,
WorkBench,ollama-gemma4-31b,workbench:customer_relationship_manager:74,customer_relationship_manager,ollama-gemma4-31b_all_2026-10-04_11-42-18,ollama-gemma4-31b_all_2026-10-05_16-12-03,0,0,both_wrong,WorkBench/data/results/c0/pilot_en/ollama-gemma4-31b/ollama-gemma4-31b_all_2026-10-04_11-42-18_traces.json#43,WorkBench/data/results/c6/pilot_bn/ollama-gemma4-31b/ollama-gemma4-31b_all_2026-10-05_16-12-03_traces.json#43,"{""state_changing"":[""customer_relationship_manager.update_customer.func(customer_id=\""00000195\"", field=\""status\"", new_value=\""Lost\"")"",""customer_relationship_manager.update_customer.func(customer_id=\""00000058\"", field=\""status\"", new_value=\""Lost\"")""],""read_only"":[""customer_relationship_manager.search_customers.func(product_interest=\""Hardware\"", status=\""Proposal\"")""],""unrecognised"":[]}","{""state_changing"":[],""read_only"":[],""unrecognised"":[]}","{""state_changing"":[""customer_relationship_manager.update_customer.func(customer_id=\""00000132\"", field=\""status\"", new_value=\""Lost\"")"",""customer_relationship_manager.update_customer.func(customer_id=\""00000088\"", field=\""status\"", new_value=\""Lost\"")""],""read_only"":[],""unrecognised"":[]}",,
WorkBench,ollama-gemma4-31b,workbench:customer_relationship_manager:77,customer_relationship_manager,ollama-gemma4-31b_all_2026-10-04_11-42-18,ollama-gemma4-31b_all_2026-10-05_16-12-03,1,0,ref_only,WorkBench/data/results/c0/pilot_en/ollama-gemma4-31b/ollama-gemma4-31b_all_2026-10-04_11-42-18_traces.json#44,WorkBench/data/results/c6/pilot_bn/ollama-gemma4-31b/ollama-gemma4-31b_all_2026-10-05_16-12-03_traces.json#44,"{""state_changing"":[""customer_relationship_manager.update_customer.func(customer_id=\""00000147\"", field=\""status\"", new_value=\""Lost\"")"",""customer_relationship_manager.update_customer.func(customer_id=\""00000147\"", field=\""status\"", new_value=\""Proposal\"")"",""customer_relationship_manager.update_customer.func(customer_id=\""00000147\"", field=\""status\"", new_value=\""Proposal\"")""],""read_only"":[""customer_relationship_manager.search_customers.func(product_interest=\""Software\"", status=\""Proposal\"")""],""unrecognised"":[]}","{""state_changing"":[""customer_relationship_manager.update_customer.func(customer_id=\""00000147\"", field=\""status\"", new_value=\""Lost\"")""],""read_only"":[""customer_relationship_manager.search_customers.func(product_interest=\""Software\"", status=\""Proposal\"")""],""unrecognised"":[""customer_relationship_manager_update_task.func(field=\""status\"", new_value=\""Lost\"", task_id=\""00000147\"")""]}","{""state_changing"":[],""read_only"":[],""unrecognised"":[]}",,
WorkBench,ollama-gemma4-31b,workbench:analytics:0,analytics,ollama-gemma4-31b_all_2026-10-04_11-42-18,ollama-gemma4-31b_all_2026-10-05_16-12-03,1,1,both_correct,WorkBench/data/results/c0/pilot_en/ollama-gemma4-31b/ollama-gemma4-31b_all_2026-10-04_11-42-18_traces.json#45,WorkBench/data/results/c6/pilot_bn/ollama-gemma4-31b/ollama-gemma4-31b_all_2026-10-05_16-12-03_traces.json#45,"{""state_changing"":[""analytics.create_plot.func(plot_type=\""bar\"", time_min=\""2023-11-21\"", time_max=\""2023-11-30\"", value_to_plot=\""total_visits\"")""],""read_only"":[],""unrecognised"":[]}","{""state_changing"":[""analytics.create_plot.func(plot_type=\""bar\"", time_min=\""2023-11-21\"", time_max=\""2023-11-30\"", value_to_plot=\""total_visits\"")""],""read_only"":[],""unrecognised"":[]}","{""state_changing"":[""analytics.create_plot.func(time_min=\""2023-11-21\"", time_max=\""2023-11-29\"", value_to_plot=\""total_visits\"", plot_type=\""bar\"")""],""read_only"":[],""unrecognised"":[]}",,
WorkBench,ollama-gemma4-31b,workbench:analytics:15,analytics,ollama-gemma4-31b_all_2026-10-04_11-42-18,ollama-gemma4-31b_all_2026-10-05_16-12-03,1,1,both_correct,WorkBench/data/results/c0/pilot_en/ollama-gemma4-31b/ollama-gemma4-31b_all_2026-10-04_11-42-18_traces.json#46,WorkBench/data/results/c6/pilot_bn/ollama-gemma4-31b/ollama-gemma4-31b_all_2026-10-05_16-12-03_traces.json#46,"{""state_changing"":[""analytics.create_plot.func(plot_type=\""histogram\"", time_max=\""2023-09-11\"", time_min=\""2023-09-11\"", value_to_plot=\""session_duration_seconds\"")""],""read_only"":[],""unrecognised"":[]}","{""state_changing"":[""analytics.create_plot.func(plot_type=\""histogram\"", time_max=\""2023-09-11\"", time_min=\""2023-09-11\"", value_to_plot=\""session_duration_seconds\"")""],""read_only"":[],""unrecognised"":[]}","{""state_changing"":[""analytics.create_plot.func(time_min=\""2023-09-11\"", time_max=\""2023-09-11\"", value_to_plot=\""session_duration_seconds\"", plot_type=\""histogram\"")""],""read_only"":[],""unrecognised"":[]}",,
WorkBench,ollama-gemma4-31b,workbench:analytics:20,analytics,ollama-gemma4-31b_all_2026-10-04_11-42-18,ollama-gemma4-31b_all_2026-10-05_16-12-03,1,0,ref_only,WorkBench/data/results/c0/pilot_en/ollama-gemma4-31b/ollama-gemma4-31b_all_2026-10-04_11-42-18_traces.json#47,WorkBench/data/results/c6/pilot_bn/ollama-gemma4-31b/ollama-gemma4-31b_all_2026-10-05_16-12-03_traces.json#47,"{""state_changing"":[""analytics.create_plot.func(plot_type=\""histogram\"", time_max=\""2023-11-21\"", time_min=\""2023-11-05\"", value_to_plot=\""user_engaged\"")"",""analytics.create_plot.func(plot_type=\""histogram\"", time_max=\""2023-11-21\"", time_min=\""2023-11-05\"", value_to_plot=\""total_visits\"")""],""read_only"":[],""unrecognised"":[]}","{""state_changing"":[""analytics.create_plot.func(plot_type=\""line\"", time_max=\""2023-11-21\"", time_min=\""2023-11-05\"", value_to_plot=\""user_engaged\"")"",""analytics.create_plot.func(plot_type=\""line\"", time_max=\""2023-11-21\"", time_min=\""2023-11-05\"", value_to_plot=\""total_visits\"")""],""read_only"":[],""unrecognised"":[]}","{""state_changing"":[""analytics.create_plot.func(time_min=\""2023-11-05\"", time_max=\""2023-11-21\"", value_to_plot=\""user_engaged\"", plot_type=\""histogram\"")"",""analytics.create_plot.func(time_min=\""2023-11-05\"", time_max=\""2023-11-21\"", value_to_plot=\""total_visits\"", plot_type=\""histogram\"")""],""read_only"":[],""unrecognised"":[]}",,
WorkBench,ollama-gemma4-31b,workbench:analytics:21,analytics,ollama-gemma4-31b_all_2026-10-04_11-42-18,ollama-gemma4-31b_all_2026-10-05_16-12-03,1,1,both_correct,WorkBench/data/results/c0/pilot_en/ollama-gemma4-31b/ollama-gemma4-31b_all_2026-10-04_11-42-18_traces.json#48,WorkBench/data/results/c6/pilot_bn/ollama-gemma4-31b/ollama-gemma4-31b_all_2026-10-05_16-12-03_traces.json#48,"{""state_changing"":[""analytics.create_plot.func(plot_type=\""histogram\"", time_max=\""2023-11-13\"", time_min=\""2023-09-29\"", value_to_plot=\""total_visits\"")"",""analytics.create_plot.func(plot_type=\""histogram\"", time_max=\""2023-11-13\"", time_min=\""2023-09-29\"", value_to_plot=\""session_duration_seconds\"")""],""read_only"":[],""unrecognised"":[]}","{""state_changing"":[""analytics.create_plot.func(plot_type=\""histogram\"", time_max=\""2023-11-13\"", time_min=\""2023-09-29\"", value_to_plot=\""total_visits\"")"",""analytics.create_plot.func(plot_type=\""histogram\"", time_max=\""2023-11-13\"", time_min=\""2023-09-29\"", value_to_plot=\""session_duration_seconds\"")""],""read_only"":[],""unrecognised"":[]}","{""state_changing"":[""analytics.create_plot.func(time_min=\""2023-09-29\"", time_max=\""2023-11-13\"", value_to_plot=\""total_visits\"", plot_type=\""histogram\"")"",""analytics.create_plot.func(time_min=\""2023-09-29\"", time_max=\""2023-11-13\"", value_to_plot=\""session_duration_seconds\"", plot_type=\""histogram\"")""],""read_only"":[],""unrecognised"":[]}",,
WorkBench,ollama-gemma4-31b,workbench:analytics:32,analytics,ollama-gemma4-31b_all_2026-10-04_11-42-18,ollama-gemma4-31b_all_2026-10-05_16-12-03,1,1,both_correct,WorkBench/data/results/c0/pilot_en/ollama-gemma4-31b/ollama-gemma4-31b_all_2026-10-04_11-42-18_traces.json#49,WorkBench/data/results/c6/pilot_bn/ollama-gemma4-31b/ollama-gemma4-31b_all_2026-10-05_16-12-03_traces.json#49,"{""state_changing"":[""analytics.create_plot.func(plot_type=\""line\"", time_max=\""2023-11-30\"", time_min=\""2023-10-28\"", value_to_plot=\""total_visits\"")""],""read_only"":[""analytics.total_visits_count.func(time_min=\""2023-10-28\"", time_max=\""2023-11-30\"")""],""unrecognised"":[]}","{""state_changing"":[""analytics.create_plot.func(plot_type=\""line\"", time_max=\""2023-11-30\"", time_min=\""2023-10-28\"", value_to_plot=\""total_visits\"")""],""read_only"":[""analytics.total_visits_count.func(time_min=\""2023-10-28\"", time_max=\""2023-11-30\"")""],""unrecognised"":[]}","{""state_changing"":[""analytics.create_plot.func(time_min=\""2023-10-28\"", time_max=\""2023-11-29\"", value_to_plot=\""total_visits\"", plot_type=\""line\"")""],""read_only"":[],""unrecognised"":[]}",,
WorkBench,ollama-gemma4-31b,workbench:analytics:42,analytics,ollama-gemma4-31b_all_2026-10-04_11-42-18,ollama-gemma4-31b_all_2026-10-05_16-12-03,1,1,both_correct,WorkBench/data/results/c0/pilot_en/ollama-gemma4-31b/ollama-gemma4-31b_all_2026-10-04_11-42-18_traces.json#50,WorkBench/data/results/c6/pilot_bn/ollama-gemma4-31b/ollama-gemma4-31b_all_2026-10-05_16-12-03_traces.json#50,"{""state_changing"":[""analytics.create_plot.func(plot_type=\""bar\"", time_min=\""2023-11-10\"", time_max=\""2023-11-30\"", value_to_plot=\""total_visits\"")"",""analytics.create_plot.func(plot_type=\""bar\"", time_min=\""2023-11-10\"", time_max=\""2023-11-30\"", value_to_plot=\""user_engaged\"")""],""read_only"":[],""unrecognised"":[]}","{""state_changing"":[""analytics.create_plot.func(plot_type=\""bar\"", time_min=\""2023-11-10\"", time_max=\""2023-11-30\"", value_to_plot=\""total_visits\"")"",""analytics.create_plot.func(plot_type=\""bar\"", time_min=\""2023-11-10\"", time_max=\""2023-11-30\"", value_to_plot=\""user_engaged\"")""],""read_only"":[],""unrecognised"":[]}","{""state_changing"":[""analytics.create_plot.func(time_min=\""2023-11-10\"", time_max=\""2023-11-29\"", value_to_plot=\""total_visits\"", plot_type=\""bar\"")"",""analytics.create_plot.func(time_min=\""2023-11-10\"", time_max=\""2023-11-29\"", value_to_plot=\""user_engaged\"", plot_type=\""bar\"")""],""read_only"":[],""unrecognised"":[]}",,
WorkBench,ollama-gemma4-31b,workbench:analytics:43,analytics,ollama-gemma4-31b_all_2026-10-04_11-42-18,ollama-gemma4-31b_all_2026-10-05_16-12-03,1,1,both_correct,WorkBench/data/results/c0/pilot_en/ollama-gemma4-31b/ollama-gemma4-31b_all_2026-10-04_11-42-18_traces.json#51,WorkBench/data/results/c6/pilot_bn/ollama-gemma4-31b/ollama-gemma4-31b_all_2026-10-05_16-12-03_traces.json#51,"{""state_changing"":[""analytics.create_plot.func(plot_type=\""bar\"", time_min=\""2023-09-24\"", time_max=\""2023-11-30\"", value_to_plot=\""user_engaged\"")"",""analytics.create_plot.func(plot_type=\""bar\"", time_min=\""2023-09-24\"", time_max=\""2023-11-30\"", value_to_plot=\""session_duration_seconds\"")""],""read_only"":[],""unrecognised"":[]}","{""state_changing"":[""analytics.create_plot.func(plot_type=\""bar\"", time_min=\""2023-09-24\"", time_max=\""2023-11-30\"", value_to_plot=\""user_engaged\"")"",""analytics.create_plot.func(plot_type=\""bar\"", time_min=\""2023-09-24\"", time_max=\""2023-11-30\"", value_to_plot=\""session_duration_seconds\"")""],""read_only"":[],""unrecognised"":[]}","{""state_changing"":[""analytics.create_plot.func(time_min=\""2023-09-24\"", time_max=\""2023-11-29\"", value_to_plot=\""user_engaged\"", plot_type=\""bar\"")"",""analytics.create_plot.func(time_min=\""2023-09-24\"", time_max=\""2023-11-29\"", value_to_plot=\""session_duration_seconds\"", plot_type=\""bar\"")""],""read_only"":[],""unrecognised"":[]}",,
WorkBench,ollama-gemma4-31b,workbench:analytics:51,analytics,ollama-gemma4-31b_all_2026-10-04_11-42-18,ollama-gemma4-31b_all_2026-10-05_16-12-03,1,1,both_correct,WorkBench/data/results/c0/pilot_en/ollama-gemma4-31b/ollama-gemma4-31b_all_2026-10-04_11-42-18_traces.json#52,WorkBench/data/results/c6/pilot_bn/ollama-gemma4-31b/ollama-gemma4-31b_all_2026-10-05_16-12-03_traces.json#52,"{""state_changing"":[""analytics.create_plot.func(plot_type=\""line\"", time_max=\""2023-11-30\"", time_min=\""2023-11-16\"", value_to_plot=\""session_duration_seconds\"")""],""read_only"":[""analytics.get_average_session_duration.func(time_max=\""2023-11-30\"", time_min=\""2023-11-16\"")""],""unrecognised"":[]}","{""state_changing"":[""analytics.create_plot.func(plot_type=\""line\"", time_max=\""2023-11-30\"", time_min=\""2023-11-16\"", value_to_plot=\""session_duration_seconds\"")""],""read_only"":[""analytics.get_average_session_duration.func(time_max=\""2023-11-30\"", time_min=\""2023-11-16\"")""],""unrecognised"":[]}","{""state_changing"":[""analytics.create_plot.func(time_min=\""2023-11-16\"", time_max=\""2023-11-29\"", value_to_plot=\""session_duration_seconds\"", plot_type=\""line\"")""],""read_only"":[],""unrecognised"":[]}",,
WorkBench,ollama-gemma4-31b,workbench:analytics:54,analytics,ollama-gemma4-31b_all_2026-10-04_11-42-18,ollama-gemma4-31b_all_2026-10-05_16-12-03,1,1,both_correct,WorkBench/data/results/c0/pilot_en/ollama-gemma4-31b/ollama-gemma4-31b_all_2026-10-04_11-42-18_traces.json#53,WorkBench/data/results/c6/pilot_bn/ollama-gemma4-31b/ollama-gemma4-31b_all_2026-10-05_16-12-03_traces.json#53,"{""state_changing"":[],""read_only"":[""analytics.total_visits_count.func(time_max=\""2023-11-30\"", time_min=\""2023-11-23\"")""],""unrecognised"":[]}","{""state_changing"":[],""read_only"":[""analytics.total_visits_count.func(time_max=\""2023-11-30\"", time_min=\""2023-11-23\"")""],""unrecognised"":[]}","{""state_changing"":[],""read_only"":[],""unrecognised"":[]}",,
WorkBench,ollama-gemma4-31b,workbench:analytics:69,analytics,ollama-gemma4-31b_all_2026-10-04_11-42-18,ollama-gemma4-31b_all_2026-10-05_16-12-03,0,0,both_wrong,WorkBench/data/results/c0/pilot_en/ollama-gemma4-31b/ollama-gemma4-31b_all_2026-10-04_11-42-18_traces.json#54,WorkBench/data/results/c6/pilot_bn/ollama-gemma4-31b/ollama-gemma4-31b_all_2026-10-05_16-12-03_traces.json#54,"{""state_changing"":[""analytics.create_plot.func(plot_type=\""line\"", time_max=\""2023-11-30\"", time_min=\""2023-10-05\"", value_to_plot=\""session_duration_seconds\"")""],""read_only"":[""analytics.get_average_session_duration.func(time_max=\""2023-10-04\"", time_min=\""2023-10-04\"")"",""analytics.get_average_session_duration.func(time_max=\""2023-11-30\"", time_min=\""2023-10-05\"")""],""unrecognised"":[]}","{""state_changing"":[""analytics.create_plot.func(plot_type=\""line\"", time_max=\""2023-11-30\"", time_min=\""2023-10-05\"", value_to_plot=\""session_duration_seconds\"")""],""read_only"":[""analytics.get_average_session_duration.func(time_min=\""2023-10-04\"", time_max=\""2023-10-04\"")"",""analytics.get_average_session_duration.func(time_min=\""2023-10-05\"", time_max=\""2023-11-30\"")""],""unrecognised"":[]}","{""state_changing"":[""analytics.create_plot.func(time_min=\""2023-10-04\"", time_max=\""2023-11-29\"", value_to_plot=\""session_duration_seconds\"", plot_type=\""line\"")""],""read_only"":[],""unrecognised"":[]}",,
WorkBench,ollama-gemma4-31b,workbench:analytics:76,analytics,ollama-gemma4-31b_all_2026-10-04_11-42-18,ollama-gemma4-31b_all_2026-10-05_16-12-03,0,0,both_wrong,WorkBench/data/results/c0/pilot_en/ollama-gemma4-31b/ollama-gemma4-31b_all_2026-10-04_11-42-18_traces.json#55,WorkBench/data/results/c6/pilot_bn/ollama-gemma4-31b/ollama-gemma4-31b_all_2026-10-05_16-12-03_traces.json#55,"{""state_changing"":[],""read_only"":[""analytics.engaged_users_count.func(time_max=\""2023-11-30\"", time_min=\""2023-11-26\"")"",""analytics.engaged_users_count.func(time_max=\""2023-11-30\"", time_min=\""2023-11-30\"")"",""analytics.engaged_users_count.func(time_max=\""2023-11-30\"", time_min=\""2023-11-26\"")"",""analytics.engaged_users_count.func(time_max=\""2023-11-30\"", time_min=\""2023-11-26\"")"",""analytics.engaged_users_count.func(time_max=\""2023-11-30\"", time_min=\""2023-11-26\"")"",""analytics.engaged_users_count.func(time_max=\""2023-11-30\"", time_min=\""2023-11-30\"")"",""analytics.engaged_users_count.func(time_max=\""2023-11-30\"", time_min=\""2023-11-26\"")"",""analytics.engaged_users_count.func(time_max=\""2023-11-30\"", time_min=\""2023-11-26\"")"",""analytics.engaged_users_count.func(time_max=\""2023-11-30\"", time_min=\""2023-11-26\"")"",""analytics.engaged_users_count.func(time_max=\""2023-11-30\"", time_min=\""2023-11-26\"")"",""analytics.engaged_users_count.func(time_max=\""2023-11-30\"", time_min=\""2023-11-26\"")"",""analytics.engaged_users_count.func(time_max=\""2023-11-30\"", time_min=\""2023-11-30\"")"",""analytics.engaged_users_count.func(time_max=\""2023-11-30\"", time_min=\""2023-11-26\"")"",""analytics.engaged_users_count.func(time_max=\""2023-11-30\"", time_min=\""2023-11-30\"")"",""analytics.engaged_users_count.func(time_max=\""2023-11-30\"", time_min=\""2023-11-26\"")"",""analytics.engaged_users_count.func(time_max=\""2023-11-30\"", time_min=\""2023-11-30\"")"",""analytics.engaged_users_count.func(time_max=\""2023-11-30\"", time_min=\""2023-11-26\"")"",""analytics.engaged_users_count.func(time_max=\""2023-11-30\"", time_min=\""2023-11-30\"")"",""analytics.engaged_users_count.func(time_max=\""2023-11-30\"", time_min=\""2023-11-26\"")"",""analytics.engaged_users_count.func(time_max=\""2023-11-30\"", time_min=\""2023-11-30\"")""],""unrecognised"":[]}","{""state_changing"":[""analytics.create_plot.func(plot_type=\""line\"", time_max=\""2023-11-30\"", time_min=\""2023-11-28\"", value_to_plot=\""user_engaged\"")""],""read_only"":[""analytics.engaged_users_count.func(time_max=\""2023-11-30\"", time_min=\""2023-11-26\"")""],""unrecognised"":[]}","{""state_changing"":[],""read_only"":[],""unrecognised"":[]}",Agent stopped due to iteration limit or time limit.,
WorkBench,ollama-gemma4-31b,workbench:analytics:84,analytics,ollama-gemma4-31b_all_2026-10-04_11-42-18,ollama-gemma4-31b_all_2026-10-05_16-12-03,1,1,both_correct,WorkBench/data/results/c0/pilot_en/ollama-gemma4-31b/ollama-gemma4-31b_all_2026-10-04_11-42-18_traces.json#56,WorkBench/data/results/c6/pilot_bn/ollama-gemma4-31b/ollama-gemma4-31b_all_2026-10-05_16-12-03_traces.json#56,"{""state_changing"":[""analytics.create_plot.func(plot_type=\""line\"", time_max=\""2023-11-25\"", time_min=\""2023-11-18\"", value_to_plot=\""session_duration_seconds\"")""],""read_only"":[""analytics.get_average_session_duration.func(time_max=\""2023-11-25\"", time_min=\""2023-11-25\"")"",""analytics.get_average_session_duration.func(time_max=\""2023-11-18\"", time_min=\""2023-11-18\"")""],""unrecognised"":[]}","{""state_changing"":[""analytics.create_plot.func(plot_type=\""line\"", time_max=\""2023-11-25\"", time_min=\""2023-11-18\"", value_to_plot=\""session_duration_seconds\"")""],""read_only"":[""analytics.get_average_session_duration.func(time_max=\""2023-11-30\"", time_min=\""2023-11-30\"")"",""analytics.get_average_session_duration.func(time_max=\""2023-11-25\"", time_min=\""2023-11-25\"")"",""analytics.get_average_session_duration.func(time_max=\""2023-11-18\"", time_min=\""2023-11-18\"")""],""unrecognised"":[]}","{""state_changing"":[""analytics.create_plot.func(time_min=\""2023-11-18\"", time_max=\""2023-11-25\"", value_to_plot=\""session_duration_seconds\"", plot_type=\""line\"")""],""read_only"":[],""unrecognised"":[]}",,
WorkBench,ollama-gemma4-31b,workbench:analytics:98,analytics,ollama-gemma4-31b_all_2026-10-04_11-42-18,ollama-gemma4-31b_all_2026-10-05_16-12-03,1,0,ref_only,WorkBench/data/results/c0/pilot_en/ollama-gemma4-31b/ollama-gemma4-31b_all_2026-10-04_11-42-18_traces.json#57,WorkBench/data/results/c6/pilot_bn/ollama-gemma4-31b/ollama-gemma4-31b_all_2026-10-05_16-12-03_traces.json#57,"{""state_changing"":[],""read_only"":[""analytics.get_average_session_duration.func(time_min=\""2023-11-29\"", time_max=\""2023-11-30\"")"",""analytics.total_visits_count.func(time_min=\""2023-11-29\"", time_max=\""2023-11-30\"")"",""analytics.get_average_session_duration.func(time_max=\""2023-11-29\"", time_min=\""2023-11-29\"")"",""analytics.total_visits_count.func(time_max=\""2023-11-29\"", time_min=\""2023-11-29\"")"",""analytics.get_average_session_duration.func(time_max=\""2023-11-30\"", time_min=\""2023-11-29\"")"",""analytics.total_visits_count.func(time_max=\""2023-11-30\"", time_min=\""2023-11-29\"")"",""analytics.get_average_session_duration.func(time_max=\""2023-11-30\"", time_min=\""2023-11-29\"")"",""analytics.total_visits_count.func(time_max=\""2023-11-30\"", time_min=\""2023-11-29\"")"",""analytics.get_average_session_duration.func(time_max=\""2023-11-30\"", time_min=\""2023-11-29\"")"",""analytics.total_visits_count.func(time_max=\""2023-11-30\"", time_min=\""2023-11-29\"")"",""analytics.get_average_session_duration.func(time_max=\""2023-11-30\"", time_min=\""2023-11-29\"")"",""analytics.total_visits_count.func(time_max=\""2023-11-30\"", time_min=\""2023-11-29\"")"",""analytics.get_average_session_duration.func(time_max=\""2023-11-30\"", time_min=\""2023-11-29\"")"",""analytics.total_visits_count.func(time_max=\""2023-11-30\"", time_min=\""2023-11-29\"")"",""analytics.get_average_session_duration.func(time_max=\""2023-11-30\"", time_min=\""2023-11-29\"")"",""analytics.total_visits_count.func(time_max=\""2023-11-30\"", time_min=\""2023-11-29\"")"",""analytics.get_average_session_duration.func(time_max=\""2023-11-29\"", time_min=\""2023-11-29\"")"",""analytics.total_visits_count.func(time_max=\""2023-11-29\"", time_min=\""2023-11-29\"")"",""analytics.get_average_session_duration.func(time_max=\""2023-11-30\"", time_min=\""2023-11-30\"")"",""analytics.total_visits_count.func(time_max=\""2023-11-30\"", time_min=\""2023-11-30\"")"",""analytics.get_average_session_duration.func(time_max=\""2023-11-29\"", time_min=\""2023-11-29\"")"",""analytics.total_visits_count.func(time_max=\""2023-11-29\"", time_min=\""2023-11-29\"")"",""analytics.get_average_session_duration.func(time_max=\""2023-11-30\"", time_min=\""2023-11-30\"")"",""analytics.total_visits_count.func(time_max=\""2023-11-30\"", time_min=\""2023-11-30\"")""],""unrecognised"":[]}","{""state_changing"":[""analytics.create_plot.func(plot_type=\""line\"", time_max=\""2023-11-30\"", time_min=\""2023-11-28\"", value_to_plot=\""session_duration_seconds\"")"",""analytics.create_plot.func(plot_type=\""line\"", time_max=\""2023-11-30\"", time_min=\""2023-11-28\"", value_to_plot=\""total_visits\"")""],""read_only"":[""analytics.get_average_session_duration.func(time_max=\""2023-11-30\"", time_min=\""2023-11-29\"")"",""analytics.total_visits_count.func(time_max=\""2023-11-30\"", time_min=\""2023-11-29\"")"",""analytics.get_average_session_duration.func(time_max=\""2023-11-28\"", time_min=\""2023-11-28\"")"",""analytics.total_visits_count.func(time_max=\""2023-11-28\"", time_min=\""2023-11-28\"")""],""unrecognised"":[]}","{""state_changing"":[],""read_only"":[],""unrecognised"":[]}",,
WorkBench,ollama-gemma4-31b,workbench:analytics:105,analytics,ollama-gemma4-31b_all_2026-10-04_11-42-18,ollama-gemma4-31b_all_2026-10-05_16-12-03,1,1,both_correct,WorkBench/data/results/c0/pilot_en/ollama-gemma4-31b/ollama-gemma4-31b_all_2026-10-04_11-42-18_traces.json#58,WorkBench/data/results/c6/pilot_bn/ollama-gemma4-31b/ollama-gemma4-31b_all_2026-10-05_16-12-03_traces.json#58,"{""state_changing"":[""analytics.create_plot.func(plot_type=\""line\"", time_max=\""2023-11-30\"", time_min=\""2023-11-24\"", value_to_plot=\""visits_direct\"")""],""read_only"":[""analytics.traffic_source_count.func(time_min=\""2023-11-24\"", traffic_source=\""direct\"")"",""analytics.traffic_source_count.func(time_min=\""2023-11-24\"", traffic_source=\""referral\"")"",""analytics.traffic_source_count.func(time_min=\""2023-11-24\"", traffic_source=\""search engine\"")"",""analytics.traffic_source_count.func(time_min=\""2023-11-24\"", traffic_source=\""social media\"")""],""unrecognised"":[]}","{""state_changing"":[""analytics.create_plot.func(plot_type=\""line\"", time_max=\""2023-11-30\"", time_min=\""2023-11-24\"", value_to_plot=\""visits_direct\"")""],""read_only"":[""analytics.traffic_source_count.func(time_min=\""2023-11-24\"", traffic_source=\""direct\"")"",""analytics.traffic_source_count.func(time_min=\""2023-11-24\"", traffic_source=\""referral\"")"",""analytics.traffic_source_count.func(time_min=\""2023-11-24\"", traffic_source=\""search engine\"")"",""analytics.traffic_source_count.func(time_min=\""2023-11-24\"", traffic_source=\""social media\"")""],""unrecognised"":[]}","{""state_changing"":[""analytics.create_plot.func(time_min=\""2023-11-24\"", time_max=\""2023-11-29\"", value_to_plot=\""visits_direct\"", plot_type=\""line\"")""],""read_only"":[],""unrecognised"":[]}",,
WorkBench,ollama-gemma4-31b,workbench:analytics:119,analytics,ollama-gemma4-31b_all_2026-10-04_11-42-18,ollama-gemma4-31b_all_2026-10-05_16-12-03,1,0,ref_only,WorkBench/data/results/c0/pilot_en/ollama-gemma4-31b/ollama-gemma4-31b_all_2026-10-04_11-42-18_traces.json#59,WorkBench/data/results/c6/pilot_bn/ollama-gemma4-31b/ollama-gemma4-31b_all_2026-10-05_16-12-03_traces.json#59,"{""state_changing"":[""analytics.create_plot.func(plot_type=\""bar\"", time_max=\""2023-11-30\"", time_min=\""2023-11-02\"", value_to_plot=\""visits_social_media\"")"",""analytics.create_plot.func(plot_type=\""bar\"", time_max=\""2023-11-30\"", time_min=\""2023-11-02\"", value_to_plot=\""visits_search_engine\"")""],""read_only"":[""analytics.traffic_source_count.func(time_max=\""2023-11-30\"", time_min=\""2023-11-02\"", traffic_source=\""social media\"")"",""analytics.traffic_source_count.func(time_max=\""2023-11-30\"", time_min=\""2023-11-02\"", traffic_source=\""search engine\"")""],""unrecognised"":[]}","{""state_changing"":[""analytics.create_plot.func(plot_type=\""bar\"", time_max=\""2023-11-30\"", time_min=\""2023-10-26\"", value_to_plot=\""visits_social_media\"")"",""analytics.create_plot.func(plot_type=\""bar\"", time_max=\""2023-11-30\"", time_min=\""2023-10-26\"", value_to_plot=\""visits_search_engine\"")""],""read_only"":[""analytics.traffic_source_count.func(time_max=\""2023-11-30\"", time_min=\""2023-10-26\"", traffic_source=\""social media\"")"",""analytics.traffic_source_count.func(time_max=\""2023-11-30\"", time_min=\""2023-10-26\"", traffic_source=\""search engine\"")""],""unrecognised"":[]}","{""state_changing"":[""analytics.create_plot.func(time_min=\""2023-11-02\"", time_max=\""2023-11-29\"", value_to_plot=\""visits_social_media\"", plot_type=\""bar\"")"",""analytics.create_plot.func(time_min=\""2023-11-02\"", time_max=\""2023-11-29\"", value_to_plot=\""visits_search_engine\"", plot_type=\""bar\"")""],""read_only"":[],""unrecognised"":[]}",,
WorkBench,ollama-gemma4-31b,workbench:project_management:2,project_management,ollama-gemma4-31b_all_2026-10-04_11-42-18,ollama-gemma4-31b_all_2026-10-05_16-12-03,1,1,both_correct,WorkBench/data/results/c0/pilot_en/ollama-gemma4-31b/ollama-gemma4-31b_all_2026-10-04_11-42-18_traces.json#60,WorkBench/data/results/c6/pilot_bn/ollama-gemma4-31b/ollama-gemma4-31b_all_2026-10-05_16-12-03_traces.json#60,"{""state_changing"":[""project_management.update_task.func(field=\""list_name\"", new_value=\""In Review\"", task_id=\""00000091\"")""],""read_only"":[""company_directory.find_email_address.func(name=\""yuki\"")"",""project_management.search_tasks.func(assigned_to_email=\""yuki.tanaka@atlas.com\"", list_name=\""In Progress\"")""],""unrecognised"":[]}","{""state_changing"":[""project_management.update_task.func(field=\""list_name\"", new_value=\""In Review\"", task_id=\""00000091\"")""],""read_only"":[""company_directory.find_email_address.func(name=\""yuki\"")"",""project_management.search_tasks.func(assigned_to_email=\""yuki.tanaka@atlas.com\"", list_name=\""In Progress\"")""],""unrecognised"":[]}","{""state_changing"":[""project_management.update_task.func(task_id=\""00000091\"", field=\""list_name\"", new_value=\""In Review\"")""],""read_only"":[],""unrecognised"":[]}",,
WorkBench,ollama-gemma4-31b,workbench:project_management:5,project_management,ollama-gemma4-31b_all_2026-10-04_11-42-18,ollama-gemma4-31b_all_2026-10-05_16-12-03,1,1,both_correct,WorkBench/data/results/c0/pilot_en/ollama-gemma4-31b/ollama-gemma4-31b_all_2026-10-04_11-42-18_traces.json#61,WorkBench/data/results/c6/pilot_bn/ollama-gemma4-31b/ollama-gemma4-31b_all_2026-10-05_16-12-03_traces.json#61,"{""state_changing"":[],""read_only"":[""company_directory.find_email_address.func(name=\""kofi\"")"",""project_management.search_tasks.func(assigned_to_email=\""kofi.mensah@atlas.com\"", list_name=\""In Progress\"")""],""unrecognised"":[]}","{""state_changing"":[],""read_only"":[""company_directory.find_email_address.func(name=\""kofi\"")"",""project_management.search_tasks.func(assigned_to_email=\""kofi.mensah@atlas.com\"", list_name=\""In Progress\"")""],""unrecognised"":[]}","{""state_changing"":[],""read_only"":[],""unrecognised"":[]}",,
WorkBench,ollama-gemma4-31b,workbench:project_management:17,project_management,ollama-gemma4-31b_all_2026-10-04_11-42-18,ollama-gemma4-31b_all_2026-10-05_16-12-03,1,1,both_correct,WorkBench/data/results/c0/pilot_en/ollama-gemma4-31b/ollama-gemma4-31b_all_2026-10-04_11-42-18_traces.json#62,WorkBench/data/results/c6/pilot_bn/ollama-gemma4-31b/ollama-gemma4-31b_all_2026-10-05_16-12-03_traces.json#62,"{""state_changing"":[""project_management.create_task.func(assigned_to_email=\""anaya.patel@atlas.com\"", board=\""Back end\"", due_date=\""2023-12-05\"", list_name=\""Backlog\"", task_name=\""Fix alignment issue in homepage\"")""],""read_only"":[""company_directory.find_email_address.func(name=\""anaya\"")""],""unrecognised"":[]}","{""state_changing"":[""project_management.create_task.func(assigned_to_email=\""anaya.patel@atlas.com\"", board=\""Back end\"", due_date=\""2023-12-05\"", list_name=\""Backlog\"", task_name=\""Fix alignment issue in homepage\"")""],""read_only"":[""company_directory.find_email_address.func(name=\""anaya\"")""],""unrecognised"":[]}","{""state_changing"":[""project_management.create_task.func(task_name=\""Fix alignment issue in homepage\"", board=\""Back end\"", assigned_to_email=\""anaya.patel@atlas.com\"", due_date=\""2023-12-05\"", list_name=\""Backlog\"")""],""read_only"":[],""unrecognised"":[]}",,
WorkBench,ollama-gemma4-31b,workbench:project_management:18,project_management,ollama-gemma4-31b_all_2026-10-04_11-42-18,ollama-gemma4-31b_all_2026-10-05_16-12-03,1,1,both_correct,WorkBench/data/results/c0/pilot_en/ollama-gemma4-31b/ollama-gemma4-31b_all_2026-10-04_11-42-18_traces.json#63,WorkBench/data/results/c6/pilot_bn/ollama-gemma4-31b/ollama-gemma4-31b_all_2026-10-05_16-12-03_traces.json#63,"{""state_changing"":[""project_management.create_task.func(assigned_to_email=\""carlos.rodriguez@atlas.com\"", board=\""Design\"", due_date=\""2023-12-03\"", list_name=\""Backlog\"", task_name=\""Design UI for profile page\"")""],""read_only"":[""company_directory.find_email_address.func(name=\""carlos\"")""],""unrecognised"":[]}","{""state_changing"":[""project_management.create_task.func(assigned_to_email=\""carlos.rodriguez@atlas.com\"", board=\""Design\"", due_date=\""2023-12-03\"", list_name=\""Backlog\"", task_name=\""Design UI for profile page\"")""],""read_only"":[""company_directory.find_email_address.func(name=\""carlos\"")""],""unrecognised"":[]}","{""state_changing"":[""project_management.create_task.func(task_name=\""Design UI for profile page\"", board=\""Design\"", assigned_to_email=\""carlos.rodriguez@atlas.com\"", due_date=\""2023-12-03\"", list_name=\""Backlog\"")""],""read_only"":[],""unrecognised"":[]}",,
WorkBench,ollama-gemma4-31b,workbench:project_management:20,project_management,ollama-gemma4-31b_all_2026-10-04_11-42-18,ollama-gemma4-31b_all_2026-10-05_16-12-03,1,1,both_correct,WorkBench/data/results/c0/pilot_en/ollama-gemma4-31b/ollama-gemma4-31b_all_2026-10-04_11-42-18_traces.json#64,WorkBench/data/results/c6/pilot_bn/ollama-gemma4-31b/ollama-gemma4-31b_all_2026-10-05_16-12-03_traces.json#64,"{""state_changing"":[],""read_only"":[""company_directory.find_email_address.func(name=\""aisha\"")"",""project_management.search_tasks.func(assigned_to_email=\""aisha.chen@atlas.com\"", list_name=\""Backlog\"")""],""unrecognised"":[]}","{""state_changing"":[],""read_only"":[""company_directory.find_email_address.func(name=\""aisha\"")"",""project_management.search_tasks.func(assigned_to_email=\""aisha.chen@atlas.com\"", list_name=\""Backlog\"")""],""unrecognised"":[]}","{""state_changing"":[],""read_only"":[],""unrecognised"":[]}",,
WorkBench,ollama-gemma4-31b,workbench:project_management:28,project_management,ollama-gemma4-31b_all_2026-10-04_11-42-18,ollama-gemma4-31b_all_2026-10-05_16-12-03,0,1,treat_only,WorkBench/data/results/c0/pilot_en/ollama-gemma4-31b/ollama-gemma4-31b_all_2026-10-04_11-42-18_traces.json#65,WorkBench/data/results/c6/pilot_bn/ollama-gemma4-31b/ollama-gemma4-31b_all_2026-10-05_16-12-03_traces.json#65,"{""state_changing"":[""project_management.update_task.func(field=\""list_name\"", new_value=\""In Progress\"", task_id=\""00000162\"")""],""read_only"":[""company_directory.find_email_address.func(name=\""nia\"")"",""project_management.search_tasks.func(assigned_to_email=\""nia.johnson@atlas.com\"", list_name=\""Backlog\"")""],""unrecognised"":[]}","{""state_changing"":[],""read_only"":[""company_directory.find_email_address.func(name=\""nia\"")"",""project_management.search_tasks.func(assigned_to_email=\""nia.johnson@atlas.com\"", list_name=\""Backlog\"")""],""unrecognised"":[]}","{""state_changing"":[],""read_only"":[],""unrecognised"":[]}",,
WorkBench,ollama-gemma4-31b,workbench:project_management:30,project_management,ollama-gemma4-31b_all_2026-10-04_11-42-18,ollama-gemma4-31b_all_2026-10-05_16-12-03,1,1,both_correct,WorkBench/data/results/c0/pilot_en/ollama-gemma4-31b/ollama-gemma4-31b_all_2026-10-04_11-42-18_traces.json#66,WorkBench/data/results/c6/pilot_bn/ollama-gemma4-31b/ollama-gemma4-31b_all_2026-10-05_16-12-03_traces.json#66,"{""state_changing"":[""project_management.update_task.func(field=\""list_name\"", new_value=\""Completed\"", task_id=\""00000249\"")"",""project_management.update_task.func(field=\""list_name\"", new_value=\""Completed\"", task_id=\""00000272\"")"",""project_management.update_task.func(field=\""list_name\"", new_value=\""Completed\"", task_id=\""00000296\"")"",""project_management.update_task.func(field=\""list_name\"", new_value=\""Completed\"", task_id=\""00000280\"")""],""read_only"":[""company_directory.find_email_address.func(name=\""luis\"")"",""project_management.search_tasks.func(assigned_to_email=\""luis.ortiz@atlas.com\"", list_name=\""In Review\"")""],""unrecognised"":[]}","{""state_changing"":[""project_management.update_task.func(field=\""list_name\"", new_value=\""Completed\"", task_id=\""00000249\"")"",""project_management.update_task.func(field=\""list_name\"", new_value=\""Completed\"", task_id=\""00000272\"")"",""project_management.update_task.func(field=\""list_name\"", new_value=\""Completed\"", task_id=\""00000296\"")"",""project_management.update_task.func(field=\""list_name\"", new_value=\""Completed\"", task_id=\""00000280\"")""],""read_only"":[""company_directory.find_email_address.func(name=\""luis\"")"",""project_management.search_tasks.func(assigned_to_email=\""luis.ortiz@atlas.com\"", list_name=\""In Review\"")""],""unrecognised"":[]}","{""state_changing"":[""project_management.update_task.func(task_id=\""00000249\"", field=\""list_name\"", new_value=\""Completed\"")"",""project_management.update_task.func(task_id=\""00000272\"", field=\""list_name\"", new_value=\""Completed\"")"",""project_management.update_task.func(task_id=\""00000296\"", field=\""list_name\"", new_value=\""Completed\"")"",""project_management.update_task.func(task_id=\""00000280\"", field=\""list_name\"", new_value=\""Completed\"")""],""read_only"":[],""unrecognised"":[]}",,
WorkBench,ollama-gemma4-31b,workbench:project_management:35,project_management,ollama-gemma4-31b_all_2026-10-04_11-42-18,ollama-gemma4-31b_all_2026-10-05_16-12-03,1,1,both_correct,WorkBench/data/results/c0/pilot_en/ollama-gemma4-31b/ollama-gemma4-31b_all_2026-10-04_11-42-18_traces.json#67,WorkBench/data/results/c6/pilot_bn/ollama-gemma4-31b/ollama-gemma4-31b_all_2026-10-05_16-12-03_traces.json#67,"{""state_changing"":[""project_management.update_task.func(field=\""list_name\"", new_value=\""Completed\"", task_id=\""00000035\"")""],""read_only"":[""company_directory.find_email_address.func(name=\""fatima\"")"",""project_management.search_tasks.func(assigned_to_email=\""fatima.khan@atlas.com\"", list_name=\""In Review\"")""],""unrecognised"":[]}","{""state_changing"":[""project_management.update_task.func(field=\""list_name\"", new_value=\""Completed\"", task_id=\""00000035\"")""],""read_only"":[""company_directory.find_email_address.func(name=\""fatima\"")"",""project_management.search_tasks.func(assigned_to_email=\""fatima.khan@atlas.com\"", list_name=\""In Review\"")""],""unrecognised"":[]}","{""state_changing"":[""project_management.update_task.func(task_id=\""00000035\"", field=\""list_name\"", new_value=\""Completed\"")""],""read_only"":[],""unrecognised"":[]}",,
WorkBench,ollama-gemma4-31b,workbench:project_management:42,project_management,ollama-gemma4-31b_all_2026-10-04_11-42-18,ollama-gemma4-31b_all_2026-10-05_16-12-03,1,1,both_correct,WorkBench/data/results/c0/pilot_en/ollama-gemma4-31b/ollama-gemma4-31b_all_2026-10-04_11-42-18_traces.json#68,WorkBench/data/results/c6/pilot_bn/ollama-gemma4-31b/ollama-gemma4-31b_all_2026-10-05_16-12-03_traces.json#68,"{""state_changing"":[""project_management.update_task.func(field=\""assigned_to_email\"", new_value=\""carlos.rodriguez@atlas.com\"", task_id=\""00000091\"")""],""read_only"":[""company_directory.find_email_address.func(name=\""yuki\"")"",""company_directory.find_email_address.func(name=\""carlos\"")"",""project_management.search_tasks.func(assigned_to_email=\""yuki.tanaka@atlas.com\"", list_name=\""In Progress\"")""],""unrecognised"":[]}","{""state_changing"":[""project_management.update_task.func(field=\""assigned_to_email\"", new_value=\""carlos.rodriguez@atlas.com\"", task_id=\""00000091\"")""],""read_only"":[""company_directory.find_email_address.func(name=\""yuki\"")"",""company_directory.find_email_address.func(name=\""carlos\"")"",""project_management.search_tasks.func(assigned_to_email=\""yuki.tanaka@atlas.com\"", list_name=\""In Progress\"")""],""unrecognised"":[]}","{""state_changing"":[""project_management.update_task.func(task_id=\""00000091\"", field=\""assigned_to_email\"", new_value=\""carlos.rodriguez@atlas.com\"")""],""read_only"":[],""unrecognised"":[]}",,
WorkBench,ollama-gemma4-31b,workbench:project_management:49,project_management,ollama-gemma4-31b_all_2026-10-04_11-42-18,ollama-gemma4-31b_all_2026-10-05_16-12-03,1,1,both_correct,WorkBench/data/results/c0/pilot_en/ollama-gemma4-31b/ollama-gemma4-31b_all_2026-10-04_11-42-18_traces.json#69,WorkBench/data/results/c6/pilot_bn/ollama-gemma4-31b/ollama-gemma4-31b_all_2026-10-05_16-12-03_traces.json#69,"{""state_changing"":[""project_management.update_task.func(field=\""assigned_to_email\"", new_value=\""leila.azizi@atlas.com\"", task_id=\""00000196\"")"",""project_management.update_task.func(field=\""assigned_to_email\"", new_value=\""leila.azizi@atlas.com\"", task_id=\""00000159\"")""],""read_only"":[""company_directory.find_email_address.func(name=\""anaya\"")"",""company_directory.find_email_address.func(name=\""leila\"")"",""project_management.search_tasks.func(assigned_to_email=\""anaya.patel@atlas.com\"", list_name=\""In Progress\"")""],""unrecognised"":[]}","{""state_changing"":[""project_management.update_task.func(field=\""assigned_to_email\"", new_value=\""leila.azizi@atlas.com\"", task_id=\""00000196\"")"",""project_management.update_task.func(field=\""assigned_to_email\"", new_value=\""leila.azizi@atlas.com\"", task_id=\""00000159\"")""],""read_only"":[""company_directory.find_email_address.func(name=\""anaya\"")"",""company_directory.find_email_address.func(name=\""leila\"")"",""project_management.search_tasks.func(assigned_to_email=\""anaya.patel@atlas.com\"", list_name=\""In Progress\"")""],""unrecognised"":[]}","{""state_changing"":[""project_management.update_task.func(task_id=\""00000196\"", field=\""assigned_to_email\"", new_value=\""leila.azizi@atlas.com\"")"",""project_management.update_task.func(task_id=\""00000159\"", field=\""assigned_to_email\"", new_value=\""leila.azizi@atlas.com\"")""],""read_only"":[],""unrecognised"":[]}",,
WorkBench,ollama-gemma4-31b,workbench:project_management:57,project_management,ollama-gemma4-31b_all_2026-10-04_11-42-18,ollama-gemma4-31b_all_2026-10-05_16-12-03,1,1,both_correct,WorkBench/data/results/c0/pilot_en/ollama-gemma4-31b/ollama-gemma4-31b_all_2026-10-04_11-42-18_traces.json#70,WorkBench/data/results/c6/pilot_bn/ollama-gemma4-31b/ollama-gemma4-31b_all_2026-10-05_16-12-03_traces.json#70,"{""state_changing"":[""project_management.update_task.func(field=\""list_name\"", new_value=\""Backlog\"", task_id=\""00000086\"")""],""read_only"":[""company_directory.find_email_address.func(name=\""Carlos\"")"",""project_management.search_tasks.func(assigned_to_email=\""carlos.rodriguez@atlas.com\"", list_name=\""In Progress\"")""],""unrecognised"":[]}","{""state_changing"":[""project_management.update_task.func(field=\""list_name\"", new_value=\""Backlog\"", task_id=\""00000086\"")""],""read_only"":[""company_directory.find_email_address.func(name=\""carlos\"")"",""project_management.search_tasks.func(assigned_to_email=\""carlos.rodriguez@atlas.com\"", list_name=\""In Progress\"")""],""unrecognised"":[]}","{""state_changing"":[""project_management.update_task.func(task_id=\""00000086\"", field=\""list_name\"", new_value=\""Backlog\"")""],""read_only"":[],""unrecognised"":[]}",,
WorkBench,ollama-gemma4-31b,workbench:project_management:60,project_management,ollama-gemma4-31b_all_2026-10-04_11-42-18,ollama-gemma4-31b_all_2026-10-05_16-12-03,1,1,both_correct,WorkBench/data/results/c0/pilot_en/ollama-gemma4-31b/ollama-gemma4-31b_all_2026-10-04_11-42-18_traces.json#71,WorkBench/data/results/c6/pilot_bn/ollama-gemma4-31b/ollama-gemma4-31b_all_2026-10-05_16-12-03_traces.json#71,"{""state_changing"":[""project_management.update_task.func(field=\""assigned_to_email\"", new_value=\""aisha.chen@atlas.com\"", task_id=\""00000250\"")"",""project_management.update_task.func(field=\""assigned_to_email\"", new_value=\""aisha.chen@atlas.com\"", task_id=\""00000257\"")""],""read_only"":[""company_directory.find_email_address.func(name=\""Jinsoo\"")"",""company_directory.find_email_address.func(name=\""Aisha\"")"",""project_management.search_tasks.func(assigned_to_email=\""jinsoo.kim@atlas.com\"", list_name=\""Backlog\"")""],""unrecognised"":[]}","{""state_changing"":[""project_management.update_task.func(field=\""assigned_to_email\"", new_value=\""aisha.chen@atlas.com\"", task_id=\""00000250\"")"",""project_management.update_task.func(field=\""assigned_to_email\"", new_value=\""aisha.chen@atlas.com\"", task_id=\""00000257\"")""],""read_only"":[""company_directory.find_email_address.func(name=\""jinsoo\"")"",""company_directory.find_email_address.func(name=\""aisha\"")"",""project_management.search_tasks.func(assigned_to_email=\""jinsoo.kim@atlas.com\"", list_name=\""Backlog\"")""],""unrecognised"":[]}","{""state_changing"":[""project_management.update_task.func(task_id=\""00000250\"", field=\""assigned_to_email\"", new_value=\""aisha.chen@atlas.com\"")"",""project_management.update_task.func(task_id=\""00000257\"", field=\""assigned_to_email\"", new_value=\""aisha.chen@atlas.com\"")""],""read_only"":[],""unrecognised"":[]}",,
WorkBench,ollama-gemma4-31b,workbench:project_management:64,project_management,ollama-gemma4-31b_all_2026-10-04_11-42-18,ollama-gemma4-31b_all_2026-10-05_16-12-03,0,0,both_wrong,WorkBench/data/results/c0/pilot_en/ollama-gemma4-31b/ollama-gemma4-31b_all_2026-10-04_11-42-18_traces.json#72,WorkBench/data/results/c6/pilot_bn/ollama-gemma4-31b/ollama-gemma4-31b_all_2026-10-05_16-12-03_traces.json#72,"{""state_changing"":[""project_management.update_task.func(field=\""assigned_to_email\"", new_value=\""yuki.tanaka@atlas.com\"", task_id=\""00000039\"")""],""read_only"":[""company_directory.find_email_address.func(name=\""Yuki\"")"",""company_directory.find_email_address.func(name=\""Carlos\"")"",""project_management.search_tasks.func(assigned_to_email=\""carlos.rodriguez@atlas.com\"", list_name=\""Backlog\"")""],""unrecognised"":[]}","{""state_changing"":[""project_management.update_task.func(field=\""assigned_to_email\"", new_value=\""yuki.tanaka@atlas.com\"", task_id=\""00000039\"")""],""read_only"":[""company_directory.find_email_address.func(name=\""yuki\"")"",""company_directory.find_email_address.func(name=\""carlos\"")"",""project_management.search_tasks.func(assigned_to_email=\""carlos.rodriguez@atlas.com\"", list_name=\""Backlog\"")""],""unrecognised"":[]}","{""state_changing"":[],""read_only"":[],""unrecognised"":[]}",,
WorkBench,ollama-gemma4-31b,workbench:project_management:72,project_management,ollama-gemma4-31b_all_2026-10-04_11-42-18,ollama-gemma4-31b_all_2026-10-05_16-12-03,1,1,both_correct,WorkBench/data/results/c0/pilot_en/ollama-gemma4-31b/ollama-gemma4-31b_all_2026-10-04_11-42-18_traces.json#73,WorkBench/data/results/c6/pilot_bn/ollama-gemma4-31b/ollama-gemma4-31b_all_2026-10-05_16-12-03_traces.json#73,"{""state_changing"":[""project_management.update_task.func(field=\""assigned_to_email\"", new_value=\""olga.petrova@atlas.com\"", task_id=\""00000162\"")""],""read_only"":[""company_directory.find_email_address.func(name=\""nia\"")"",""company_directory.find_email_address.func(name=\""olga\"")"",""project_management.search_tasks.func(assigned_to_email=\""nia.johnson@atlas.com\"")""],""unrecognised"":[]}","{""state_changing"":[""project_management.update_task.func(field=\""assigned_to_email\"", new_value=\""olga.petrova@atlas.com\"", task_id=\""00000162\"")""],""read_only"":[""company_directory.find_email_address.func(name=\""nia\"")"",""company_directory.find_email_address.func(name=\""olga\"")"",""project_management.search_tasks.func(assigned_to_email=\""nia.johnson@atlas.com\"")""],""unrecognised"":[]}","{""state_changing"":[""project_management.update_task.func(task_id=\""00000162\"", field=\""assigned_to_email\"", new_value=\""olga.petrova@atlas.com\"")""],""read_only"":[],""unrecognised"":[]}",,
WorkBench,ollama-gemma4-31b,workbench:project_management:78,project_management,ollama-gemma4-31b_all_2026-10-04_11-42-18,ollama-gemma4-31b_all_2026-10-05_16-12-03,1,1,both_correct,WorkBench/data/results/c0/pilot_en/ollama-gemma4-31b/ollama-gemma4-31b_all_2026-10-04_11-42-18_traces.json#74,WorkBench/data/results/c6/pilot_bn/ollama-gemma4-31b/ollama-gemma4-31b_all_2026-10-05_16-12-03_traces.json#74,"{""state_changing"":[""project_management.update_task.func(field=\""assigned_to_email\"", new_value=\""kofi.mensah@atlas.com\"", task_id=\""00000066\"")""],""read_only"":[""company_directory.find_email_address.func(name=\""fatima\"")"",""company_directory.find_email_address.func(name=\""kofi\"")"",""project_management.search_tasks.func(assigned_to_email=\""fatima.khan@atlas.com\"")""],""unrecognised"":[]}","{""state_changing"":[""project_management.update_task.func(field=\""assigned_to_email\"", new_value=\""kofi.mensah@atlas.com\"", task_id=\""00000066\"")""],""read_only"":[""company_directory.find_email_address.func(name=\""fatima\"")"",""company_directory.find_email_address.func(name=\""kofi\"")"",""project_management.search_tasks.func(assigned_to_email=\""fatima.khan@atlas.com\"")""],""unrecognised"":[]}","{""state_changing"":[""project_management.update_task.func(task_id=\""00000066\"", field=\""assigned_to_email\"", new_value=\""kofi.mensah@atlas.com\"")""],""read_only"":[],""unrecognised"":[]}",,
WorkBench,ollama-gemma4-31b,workbench:multi_domain:6,multi_domain,ollama-gemma4-31b_all_2026-10-04_11-42-18,ollama-gemma4-31b_all_2026-10-05_16-12-03,0,1,treat_only,WorkBench/data/results/c0/pilot_en/ollama-gemma4-31b/ollama-gemma4-31b_all_2026-10-04_11-42-18_traces.json#75,WorkBench/data/results/c6/pilot_bn/ollama-gemma4-31b/ollama-gemma4-31b_all_2026-10-05_16-12-03_traces.json#75,"{""state_changing"":[""calendar.create_event.func(duration=\""30\"", event_name=\""Update on Jamie Anderson\"", event_start=\""2023-12-01 12:00:00\"", participant_email=\""nadia.moreau@atlas.com\"")"",""calendar.create_event.func(duration=\""30\"", event_name=\""Update on Jamie Anderson\"", event_start=\""2023-12-01 13:00:00\"", participant_email=\""nadia.moreau@atlas.com\"")"",""calendar.delete_event.func(event_id=\""00000300\"")""],""read_only"":[""customer_relationship_manager.search_customers.func(customer_name=\""Jamie Anderson\"")"",""calendar.search_events.func(time_max=\""2023-12-01 18:00:00\"", time_min=\""2023-12-01 09:00:00\"")""],""unrecognised"":[]}","{""state_changing"":[""calendar.create_event.func(duration=\""30\"", event_name=\""Update on Jamie Anderson\"", event_start=\""2023-12-01 13:00:00\"", participant_email=\""nadia.moreau@atlas.com\"")""],""read_only"":[""customer_relationship_manager.search_customers.func(customer_name=\""Jamie Anderson\"")"",""calendar.search_events.func(time_max=\""2023-12-01 18:00:00\"", time_min=\""2023-12-01 09:00:00\"")""],""unrecognised"":[]}","{""state_changing"":[""calendar.create_event.func(event_name=\""Update on Jamie Anderson\"", participant_email=\""nadia.moreau@atlas.com\"", event_start=\""2023-12-01 13:00:00\"", duration=\""30\"")""],""read_only"":[],""unrecognised"":[]}",,
WorkBench,ollama-gemma4-31b,workbench:multi_domain:18,multi_domain,ollama-gemma4-31b_all_2026-10-04_11-42-18,ollama-gemma4-31b_all_2026-10-05_16-12-03,0,0,both_wrong,WorkBench/data/results/c0/pilot_en/ollama-gemma4-31b/ollama-gemma4-31b_all_2026-10-04_11-42-18_traces.json#76,WorkBench/data/results/c6/pilot_bn/ollama-gemma4-31b/ollama-gemma4-31b_all_2026-10-05_16-12-03_traces.json#76,"{""state_changing"":[""customer_relationship_manager.add_customer.func(assigned_to_email=\""nia.johnson@atlas.com\"", customer_name=\""Jamie Davis\"", status=\""Lead\"")""],""read_only"":[""project_management.search_tasks.func()"",""project_management.search_tasks.func(list_name=\""Backlog\"")"",""project_management.search_tasks.func(list_name=\""In Progress\"")"",""project_management.search_tasks.func(list_name=\""In Review\"")"",""project_management.search_tasks.func(list_name=\""Completed\"")""],""unrecognised"":[]}","{""state_changing"":[""customer_relationship_manager.add_customer.func(assigned_to_email=\""nia.johnson@atlas.com\"", customer_name=\""Jamie Davis\"", status=\""Lead\"")""],""read_only"":[""project_management.search_tasks.func()"",""project_management.search_tasks.func(list_name=\""Backlog\"")"",""project_management.search_tasks.func(list_name=\""In Progress\"")"",""project_management.search_tasks.func(list_name=\""In Review\"")"",""project_management.search_tasks.func(list_name=\""Completed\"")""],""unrecognised"":[]}","{""state_changing"":[""customer_relationship_manager.add_customer.func(customer_name=\""Jamie Davis\"", assigned_to_email=\""yuki.tanaka@atlas.com\"", status=\""Lead\"")""],""read_only"":[],""unrecognised"":[]}",,
WorkBench,ollama-gemma4-31b,workbench:multi_domain:25,multi_domain,ollama-gemma4-31b_all_2026-10-04_11-42-18,ollama-gemma4-31b_all_2026-10-05_16-12-03,1,1,both_correct,WorkBench/data/results/c0/pilot_en/ollama-gemma4-31b/ollama-gemma4-31b_all_2026-10-04_11-42-18_traces.json#77,WorkBench/data/results/c6/pilot_bn/ollama-gemma4-31b/ollama-gemma4-31b_all_2026-10-05_16-12-03_traces.json#77,"{""state_changing"":[""calendar.create_event.func(duration=\""30\"", event_name=\""Task Update on Implement payment gateway API\"", event_start=\""2023-12-18 12:30:00\"", participant_email=\""leila.azizi@atlas.com\"")""],""read_only"":[""email.search_emails.func(date_max=\""2023-11-20\"", date_min=\""2023-11-20\"", query=\""Task Update on Implement payment gateway API\"")""],""unrecognised"":[]}","{""state_changing"":[""calendar.create_event.func(duration=\""30\"", event_name=\""Task Update on Implement payment gateway API\"", event_start=\""2023-12-18 12:30:00\"", participant_email=\""leila.azizi@atlas.com\"")""],""read_only"":[""email.search_emails.func(date_max=\""2023-11-20\"", date_min=\""2023-11-20\"", query=\""Task Update on Implement payment gateway API\"")""],""unrecognised"":[]}","{""state_changing"":[""calendar.create_event.func(event_name=\""Task Update on Implement payment gateway API\"", participant_email=\""leila.azizi@atlas.com\"", event_start=\""2023-12-18 12:30:00\"", duration=\""30\"")""],""read_only"":[],""unrecognised"":[]}",,
WorkBench,ollama-gemma4-31b,workbench:multi_domain:31,multi_domain,ollama-gemma4-31b_all_2026-10-04_11-42-18,ollama-gemma4-31b_all_2026-10-05_16-12-03,1,1,both_correct,WorkBench/data/results/c0/pilot_en/ollama-gemma4-31b/ollama-gemma4-31b_all_2026-10-04_11-42-18_traces.json#78,WorkBench/data/results/c6/pilot_bn/ollama-gemma4-31b/ollama-gemma4-31b_all_2026-10-05_16-12-03_traces.json#78,"{""state_changing"":[""email.send_email.func(body=\""Remember to attend this event.\"", recipient=\""nia.johnson@atlas.com\"", subject=\""Annual Budget Planning Session\"")""],""read_only"":[""calendar.search_events.func(time_max=\""2023-12-11 23:59:59\"", time_min=\""2023-12-11 00:00:00\"")""],""unrecognised"":[]}","{""state_changing"":[""email.send_email.func(body=\""Remember to attend this event.\"", recipient=\""nia.johnson@atlas.com\"", subject=\""Annual Budget Planning Session\"")""],""read_only"":[""calendar.search_events.func(time_max=\""2023-12-11 23:59:59\"", time_min=\""2023-12-11 00:00:00\"")""],""unrecognised"":[]}","{""state_changing"":[""email.send_email.func(recipient=\""nia.johnson@atlas.com\"", subject=\""Annual Budget Planning Session\"", body=\""Remember to attend this event.\"")""],""read_only"":[],""unrecognised"":[]}",,
WorkBench,ollama-gemma4-31b,workbench:multi_domain:66,multi_domain,ollama-gemma4-31b_all_2026-10-04_11-42-18,ollama-gemma4-31b_all_2026-10-05_16-12-03,1,1,both_correct,WorkBench/data/results/c0/pilot_en/ollama-gemma4-31b/ollama-gemma4-31b_all_2026-10-04_11-42-18_traces.json#79,WorkBench/data/results/c6/pilot_bn/ollama-gemma4-31b/ollama-gemma4-31b_all_2026-10-05_16-12-03_traces.json#79,"{""state_changing"":[],""read_only"":[""company_directory.find_email_address.func(name=\""aisha\"")"",""calendar.search_events.func(query=\""aisha.chen@atlas.com\"", time_max=\""2023-12-03 23:59:59\"", time_min=\""2023-11-30 00:00:00\"")""],""unrecognised"":[]}","{""state_changing"":[],""read_only"":[""company_directory.find_email_address.func(name=\""aisha\"")"",""calendar.search_events.func(query=\""aisha.chen@atlas.com\"", time_max=\""2023-12-03 23:59:59\"", time_min=\""2023-11-30 00:00:00\"")""],""unrecognised"":[]}","{""state_changing"":[],""read_only"":[],""unrecognised"":[]}",,
WorkBench,ollama-gemma4-31b,workbench:multi_domain:76,multi_domain,ollama-gemma4-31b_all_2026-10-04_11-42-18,ollama-gemma4-31b_all_2026-10-05_16-12-03,1,1,both_correct,WorkBench/data/results/c0/pilot_en/ollama-gemma4-31b/ollama-gemma4-31b_all_2026-10-04_11-42-18_traces.json#80,WorkBench/data/results/c6/pilot_bn/ollama-gemma4-31b/ollama-gemma4-31b_all_2026-10-05_16-12-03_traces.json#80,"{""state_changing"":[""email.send_email.func(body=\""Nice work keeping on top of your tasks this sprint!\"", recipient=\""carlos.rodriguez@atlas.com\"", subject=\""Good work this sprint\"")""],""read_only"":[""company_directory.find_email_address.func(name=\""carlos\"")"",""project_management.search_tasks.func(assigned_to_email=\""carlos.rodriguez@atlas.com\"")""],""unrecognised"":[]}","{""state_changing"":[""email.send_email.func(body=\""Nice work keeping on top of your tasks this sprint!\"", recipient=\""carlos.rodriguez@atlas.com\"", subject=\""Good work this sprint\"")""],""read_only"":[""company_directory.find_email_address.func(name=\""carlos\"")"",""project_management.search_tasks.func(assigned_to_email=\""carlos.rodriguez@atlas.com\"")""],""unrecognised"":[]}","{""state_changing"":[""email.send_email.func(recipient=\""carlos.rodriguez@atlas.com\"", subject=\""Good work this sprint\"", body=\""Nice work keeping on top of your tasks this sprint!\"")""],""read_only"":[],""unrecognised"":[]}",,
WorkBench,ollama-gemma4-31b,workbench:multi_domain:84,multi_domain,ollama-gemma4-31b_all_2026-10-04_11-42-18,ollama-gemma4-31b_all_2026-10-05_16-12-03,1,0,ref_only,WorkBench/data/results/c0/pilot_en/ollama-gemma4-31b/ollama-gemma4-31b_all_2026-10-04_11-42-18_traces.json#81,WorkBench/data/results/c6/pilot_bn/ollama-gemma4-31b/ollama-gemma4-31b_all_2026-10-05_16-12-03_traces.json#81,"{""state_changing"":[""calendar.create_event.func(duration=\""30\"", event_name=\""Catch up on overdue tasks\"", event_start=\""2023-12-01 13:00:00\"", participant_email=\""olga.petrova@atlas.com\"")""],""read_only"":[""company_directory.find_email_address.func(name=\""olga\"")"",""project_management.search_tasks.func(assigned_to_email=\""olga.petrova@atlas.com\"")"",""calendar.search_events.func(time_max=\""2023-12-01 18:00:00\"", time_min=\""2023-12-01 09:00:00\"")""],""unrecognised"":[]}","{""state_changing"":[""calendar.create_event.func(duration=\""30\"", event_name=\""Catch up on overdue tasks\"", event_start=\""2023-12-01 15:00:00\"", participant_email=\""olga.petrova@atlas.com\"")""],""read_only"":[""company_directory.find_email_address.func(name=\""olga\"")"",""project_management.search_tasks.func(assigned_to_email=\""olga.petrova@atlas.com\"")"",""calendar.search_events.func(time_max=\""2023-12-01 18:00:00\"", time_min=\""2023-12-01 09:00:00\"")""],""unrecognised"":[]}","{""state_changing"":[""calendar.create_event.func(event_name=\""Catch up on overdue tasks\"", participant_email=\""olga.petrova@atlas.com\"", event_start=\""2023-12-01 13:00:00\"", duration=\""30\"")""],""read_only"":[],""unrecognised"":[]}",,
WorkBench,ollama-gemma4-31b,workbench:multi_domain:94,multi_domain,ollama-gemma4-31b_all_2026-10-04_11-42-18,ollama-gemma4-31b_all_2026-10-05_16-12-03,1,1,both_correct,WorkBench/data/results/c0/pilot_en/ollama-gemma4-31b/ollama-gemma4-31b_all_2026-10-04_11-42-18_traces.json#82,WorkBench/data/results/c6/pilot_bn/ollama-gemma4-31b/ollama-gemma4-31b_all_2026-10-05_16-12-03_traces.json#82,"{""state_changing"":[""email.send_email.func(body=\""I noticed engaged users was more than 5 - can you update me?\"", recipient=\""leila.azizi@atlas.com\"", subject=\""Update on engaged users\"")""],""read_only"":[""analytics.engaged_users_count.func(time_max=\""2023-11-30\"", time_min=\""2023-11-01\"")""],""unrecognised"":[]}","{""state_changing"":[""email.send_email.func(body=\""I noticed engaged users was more than 5 - can you update me?\"", recipient=\""leila.azizi@atlas.com\"", subject=\""Update on engaged users\"")""],""read_only"":[""analytics.engaged_users_count.func(time_max=\""2023-11-30\"", time_min=\""2023-11-01\"")""],""unrecognised"":[]}","{""state_changing"":[""email.send_email.func(recipient=\""leila.azizi@atlas.com\"", subject=\""Update on engaged users\"", body=\""I noticed engaged users was more than 5 - can you update me?\"")""],""read_only"":[],""unrecognised"":[]}",,
WorkBench,ollama-gemma4-31b,workbench:multi_domain:102,multi_domain,ollama-gemma4-31b_all_2026-10-04_11-42-18,ollama-gemma4-31b_all_2026-10-05_16-12-03,0,1,treat_only,WorkBench/data/results/c0/pilot_en/ollama-gemma4-31b/ollama-gemma4-31b_all_2026-10-04_11-42-18_traces.json#83,WorkBench/data/results/c6/pilot_bn/ollama-gemma4-31b/ollama-gemma4-31b_all_2026-10-05_16-12-03_traces.json#83,"{""state_changing"":[""calendar.create_event.func(duration=\""30\"", event_name=\""Discuss total visits\"", event_start=\""2023-12-01 12:00:00\"", participant_email=\""lena.schmidt@atlas.com\"")"",""calendar.delete_event.func(event_id=\""00000300\"")"",""calendar.create_event.func(duration=\""30\"", event_name=\""Discuss total visits\"", event_start=\""2023-12-01 15:00:00\"", participant_email=\""lena.schmidt@atlas.com\"")""],""read_only"":[""analytics.total_visits_count.func(time_min=\""2023-09-24\"", time_max=\""2023-11-30\"")"",""company_directory.find_email_address.func(name=\""lena\"")"",""calendar.search_events.func(time_max=\""2023-12-01 18:00:00\"", time_min=\""2023-12-01 09:00:00\"")""],""unrecognised"":[]}","{""state_changing"":[""calendar.create_event.func(duration=\""30\"", event_name=\""Discuss total visits\"", event_start=\""2023-12-01 13:00:00\"", participant_email=\""lena.schmidt@atlas.com\"")""],""read_only"":[""analytics.total_visits_count.func(time_max=\""2023-11-30\"", time_min=\""2023-09-24\"")"",""company_directory.find_email_address.func(name=\""lena\"")"",""calendar.search_events.func(time_max=\""2023-12-01 18:00:00\"", time_min=\""2023-12-01 09:00:00\"")""],""unrecognised"":[]}","{""state_changing"":[""calendar.create_event.func(event_name=\""Discuss total visits\"", participant_email=\""lena.schmidt@atlas.com\"", event_start=\""2023-12-01 13:00:00\"", duration=\""30\"")""],""read_only"":[],""unrecognised"":[]}",,
WorkBench,ollama-gemma4-31b,workbench:multi_domain:120,multi_domain,ollama-gemma4-31b_all_2026-10-04_11-42-18,ollama-gemma4-31b_all_2026-10-05_16-12-03,1,0,ref_only,WorkBench/data/results/c0/pilot_en/ollama-gemma4-31b/ollama-gemma4-31b_all_2026-10-04_11-42-18_traces.json#84,WorkBench/data/results/c6/pilot_bn/ollama-gemma4-31b/ollama-gemma4-31b_all_2026-10-05_16-12-03_traces.json#84,"{""state_changing"":[""project_management.create_task.func(assigned_to_email=\""nia.johnson@atlas.com\"", board=\""Front end\"", due_date=\""2023-12-08\"", list_name=\""Backlog\"", task_name=\""Improve average session duration\"")""],""read_only"":[""analytics.get_average_session_duration.func(time_min=\""2023-11-27\"", time_max=\""2023-11-30\"")"",""project_management.search_tasks.func(board=\""Front end\"", list_name=\""Completed\"")""],""unrecognised"":[]}","{""state_changing"":[""project_management.create_task.func(assigned_to_email=\""nia.johnson@atlas.com\"", board=\""Front end\"", due_date=\""2023-12-01\"", list_name=\""Backlog\"", task_name=\""Improve average session duration\"")""],""read_only"":[""analytics.get_average_session_duration.func(time_max=\""2023-11-30\"", time_min=\""2023-11-27\"")"",""project_management.search_tasks.func(board=\""Front end\"", list_name=\""Completed\"")""],""unrecognised"":[]}","{""state_changing"":[""project_management.create_task.func(task_name=\""Improve average session duration\"", board=\""Front end\"", assigned_to_email=\""nia.johnson@atlas.com\"", due_date=\""2023-12-08\"", list_name=\""Backlog\"")""],""read_only"":[],""unrecognised"":[]}",,
WorkBench,ollama-gemma4-31b,workbench:multi_domain:130,multi_domain,ollama-gemma4-31b_all_2026-10-04_11-42-18,ollama-gemma4-31b_all_2026-10-05_16-12-03,0,1,treat_only,WorkBench/data/results/c0/pilot_en/ollama-gemma4-31b/ollama-gemma4-31b_all_2026-10-04_11-42-18_traces.json#85,WorkBench/data/results/c6/pilot_bn/ollama-gemma4-31b/ollama-gemma4-31b_all_2026-10-05_16-12-03_traces.json#85,"{""state_changing"":[""project_management.create_task.func(assigned_to_email=\""chenwei.zhang@atlas.com\"", board=\""Front end\"", due_date=\""2023-12-08\"", list_name=\""Backlog\"", task_name=\""Improve engaged users\"")""],""read_only"":[""analytics.get_average_session_duration.func(time_min=\""2023-11-26\"", time_max=\""2023-11-30\"")"",""analytics.engaged_users_count.func(time_min=\""2023-11-26\"", time_max=\""2023-11-30\"")"",""company_directory.find_email_address.func(name=\""chenwei\"")""],""unrecognised"":[]}","{""state_changing"":[],""read_only"":[""analytics.get_average_session_duration.func(time_max=\""2023-11-30\"", time_min=\""2023-11-26\"")"",""analytics.engaged_users_count.func(time_max=\""2023-11-30\"", time_min=\""2023-11-26\"")"",""company_directory.find_email_address.func(name=\""chenwei\"")""],""unrecognised"":[]}","{""state_changing"":[],""read_only"":[],""unrecognised"":[]}",,
WorkBench,ollama-gemma4-31b,workbench:multi_domain:149,multi_domain,ollama-gemma4-31b_all_2026-10-04_11-42-18,ollama-gemma4-31b_all_2026-10-05_16-12-03,0,0,both_wrong,WorkBench/data/results/c0/pilot_en/ollama-gemma4-31b/ollama-gemma4-31b_all_2026-10-04_11-42-18_traces.json#86,WorkBench/data/results/c6/pilot_bn/ollama-gemma4-31b/ollama-gemma4-31b_all_2026-10-05_16-12-03_traces.json#86,"{""state_changing"":[""customer_relationship_manager.delete_customer.func(customer_id=\""00000025\"")"",""customer_relationship_manager.delete_customer.func(customer_id=\""00000051\"")"",""customer_relationship_manager.delete_customer.func(customer_id=\""00000021\"")"",""customer_relationship_manager.delete_customer.func(customer_id=\""00000013\"")"",""customer_relationship_manager.delete_customer.func(customer_id=\""00000116\"")""],""read_only"":[""analytics.total_visits_count.func(time_min=\""2023-09-08\"", time_max=\""2023-11-30\"")"",""company_directory.find_email_address.func(name=\""Sofia\"")"",""customer_relationship_manager.search_customers.func(assigned_to_email=\""sofia.santos@atlas.com\"", status=\""Lead\"")""],""unrecognised"":[]}","{""state_changing"":[],""read_only"":[""analytics.total_visits_count.func(time_max=\""2023-11-30\"", time_min=\""2023-09-08\"")"",""company_directory.find_email_address.func(name=\""Sofia\"")""],""unrecognised"":[]}","{""state_changing"":[""customer_relationship_manager.delete_customer.func(customer_id=\""00000025\"")"",""customer_relationship_manager.delete_customer.func(customer_id=\""00000051\"")"",""customer_relationship_manager.delete_customer.func(customer_id=\""00000021\"")"",""customer_relationship_manager.delete_customer.func(customer_id=\""00000013\"")"",""customer_relationship_manager.delete_customer.func(customer_id=\""00000116\"")"",""customer_relationship_manager.delete_customer.func(customer_id=\""00000010\"")""],""read_only"":[],""unrecognised"":[]}",,
WorkBench,ollama-gemma4-31b,workbench:multi_domain:169,multi_domain,ollama-gemma4-31b_all_2026-10-04_11-42-18,ollama-gemma4-31b_all_2026-10-05_16-12-03,1,1,both_correct,WorkBench/data/results/c0/pilot_en/ollama-gemma4-31b/ollama-gemma4-31b_all_2026-10-04_11-42-18_traces.json#87,WorkBench/data/results/c6/pilot_bn/ollama-gemma4-31b/ollama-gemma4-31b_all_2026-10-05_16-12-03_traces.json#87,"{""state_changing"":[""project_management.create_task.func(assigned_to_email=\""leila.azizi@atlas.com\"", board=\""Front end\"", due_date=\""2023-12-08\"", list_name=\""Backlog\"", task_name=\""Improve average session duration\"")""],""read_only"":[""analytics.get_average_session_duration.func(time_min=\""2023-10-30\"", time_max=\""2023-11-30\"")"",""company_directory.find_email_address.func(name=\""leila\"")""],""unrecognised"":[]}","{""state_changing"":[""project_management.create_task.func(assigned_to_email=\""leila.azizi@atlas.com\"", board=\""Front end\"", due_date=\""2023-12-08\"", list_name=\""Backlog\"", task_name=\""Improve average session duration\"")""],""read_only"":[""analytics.get_average_session_duration.func(time_max=\""2023-11-30\"", time_min=\""2023-10-30\"")"",""company_directory.find_email_address.func(name=\""leila\"")""],""unrecognised"":[]}","{""state_changing"":[""project_management.create_task.func(task_name=\""Improve average session duration\"", board=\""Front end\"", assigned_to_email=\""leila.azizi@atlas.com\"", due_date=\""2023-12-08\"", list_name=\""Backlog\"")""],""read_only"":[],""unrecognised"":[]}",,
WorkBench,ollama-gemma4-31b,workbench:multi_domain:182,multi_domain,ollama-gemma4-31b_all_2026-10-04_11-42-18,ollama-gemma4-31b_all_2026-10-05_16-12-03,0,0,both_wrong,WorkBench/data/results/c0/pilot_en/ollama-gemma4-31b/ollama-gemma4-31b_all_2026-10-04_11-42-18_traces.json#88,WorkBench/data/results/c6/pilot_bn/ollama-gemma4-31b/ollama-gemma4-31b_all_2026-10-05_16-12-03_traces.json#88,"{""state_changing"":[""customer_relationship_manager.delete_customer.func(customer_id=\""00000025\"")"",""customer_relationship_manager.delete_customer.func(customer_id=\""00000051\"")"",""customer_relationship_manager.delete_customer.func(customer_id=\""00000021\"")"",""customer_relationship_manager.delete_customer.func(customer_id=\""00000013\"")"",""customer_relationship_manager.delete_customer.func(customer_id=\""00000116\"")"",""email.send_email.func(body=\""total visits looks good, so we no longer need you finding new leads\"", recipient=\""sofia.santos@atlas.com\"", subject=\""Reprioritising\"")""],""read_only"":[""analytics.total_visits_count.func(time_min=\""2023-10-30\"", time_max=\""2023-11-30\"")"",""company_directory.find_email_address.func(name=\""Sofia\"")"",""customer_relationship_manager.search_customers.func(assigned_to_email=\""sofia.santos@atlas.com\"", status=\""Lead\"")""],""unrecognised"":[]}","{""state_changing"":[""email.send_email.func(body=\""total visits looks good, so we no longer need you finding new leads\"", recipient=\""sofia.santos@atlas.com\"", subject=\""Reprioritising\"")"",""customer_relationship_manager.delete_customer.func(customer_id=\""00000025\"")"",""customer_relationship_manager.delete_customer.func(customer_id=\""00000051\"")"",""customer_relationship_manager.delete_customer.func(customer_id=\""00000021\"")"",""customer_relationship_manager.delete_customer.func(customer_id=\""00000013\"")"",""customer_relationship_manager.delete_customer.func(customer_id=\""00000116\"")""],""read_only"":[""analytics.total_visits_count.func(time_max=\""2023-11-30\"", time_min=\""2023-10-30\"")"",""company_directory.find_email_address.func(name=\""Sofia\"")"",""customer_relationship_manager.search_customers.func(assigned_to_email=\""sofia.santos@atlas.com\"", status=\""Lead\"")""],""unrecognised"":[]}","{""state_changing"":[""customer_relationship_manager.delete_customer.func(customer_id=\""00000025\"")"",""customer_relationship_manager.delete_customer.func(customer_id=\""00000051\"")"",""customer_relationship_manager.delete_customer.func(customer_id=\""00000021\"")"",""customer_relationship_manager.delete_customer.func(customer_id=\""00000013\"")"",""customer_relationship_manager.delete_customer.func(customer_id=\""00000116\"")"",""customer_relationship_manager.delete_customer.func(customer_id=\""00000010\"")"",""email.send_email.func(recipient=\""sofia.santos@atlas.com\"", subject=\""Reprioritising\"", body=\""total visits looks good, so we no longer need you finding new leads\"")""],""read_only"":[],""unrecognised"":[]}",,
WorkBench,ollama-gemma4-31b,workbench:multi_domain:200,multi_domain,ollama-gemma4-31b_all_2026-10-04_11-42-18,ollama-gemma4-31b_all_2026-10-05_16-12-03,0,0,both_wrong,WorkBench/data/results/c0/pilot_en/ollama-gemma4-31b/ollama-gemma4-31b_all_2026-10-04_11-42-18_traces.json#89,WorkBench/data/results/c6/pilot_bn/ollama-gemma4-31b/ollama-gemma4-31b_all_2026-10-05_16-12-03_traces.json#89,"{""state_changing"":[""project_management.create_task.func(assigned_to_email=\""fatima.khan@atlas.com\"", board=\""Front end\"", due_date=\""2023-12-08\"", list_name=\""Backlog\"", task_name=\""Improve total visits\"")"",""calendar.create_event.func(duration=\""30\"", event_name=\""Discuss total visits\"", event_start=\""2023-12-01 11:00:00\"", participant_email=\""fatima.khan@atlas.com\"")""],""read_only"":[""analytics.total_visits_count.func(time_min=\""2023-10-01\"", time_max=\""2023-11-30\"")"",""company_directory.find_email_address.func(name=\""fatima\"")"",""company_directory.find_email_address.func(name=\""Nadia\"")"",""calendar.search_events.func(time_max=\""2023-12-01 18:00:00\"", time_min=\""2023-12-01 09:00:00\"")""],""unrecognised"":[]}","{""state_changing"":[""project_management.create_task.func(assigned_to_email=\""fatima.khan@atlas.com\"", board=\""Front end\"", due_date=\""2023-12-08\"", list_name=\""Backlog\"", task_name=\""Improve total visits\"")"",""calendar.create_event.func(duration=\""30\"", event_name=\""Discuss total visits\"", event_start=\""2023-12-01 12:00:00\"", participant_email=\""fatima.khan@atlas.com\"")""],""read_only"":[""analytics.total_visits_count.func(time_max=\""2023-11-30\"", time_min=\""2023-10-01\"")"",""company_directory.find_email_address.func(name=\""fatima\"")"",""company_directory.find_email_address.func(name=\""Nadia\"")"",""calendar.search_events.func(time_max=\""2023-12-01 18:00:00\"", time_min=\""2023-12-01 09:00:00\"")""],""unrecognised"":[]}","{""state_changing"":[""project_management.create_task.func(task_name=\""Improve total visits\"", board=\""Front end\"", assigned_to_email=\""fatima.khan@atlas.com\"", due_date=\""2023-12-08\"", list_name=\""Backlog\"")"",""calendar.create_event.func(event_name=\""Discuss total visits\"", participant_email=\""fatima.khan@atlas.com\"", event_start=\""2023-12-01 13:00:00\"", duration=\""30\"")""],""read_only"":[],""unrecognised"":[]}",,
